$date
	Tue Aug 11 02:20:50 2026
$end
$version
	Icarus Verilog
$end
$timescale
	1ps
$end
$scope module hamming_7_4 $end
$var wire 1 ! i_clk $end
$var wire 7 " i_error_vector [6:0] $end
$var wire 4 # i_info [3:0] $end
$var wire 1 $ i_rst $end
$var wire 7 % received [6:0] $end
$var wire 1 & o_is_corrected $end
$var wire 4 ' o_info [3:0] $end
$var wire 7 ( message [6:0] $end
$var reg 7 ) error_vector_d [6:0] $end
$var reg 4 * info_d [3:0] $end
$scope module u_hamming_decoder $end
$var wire 1 ! i_clk $end
$var wire 7 + i_message [6:0] $end
$var wire 1 $ i_rst $end
$var wire 1 , zero_syndrome $end
$var wire 3 - syndrome [2:0] $end
$var wire 1 & o_is_corrected $end
$var wire 4 . o_info [3:0] $end
$var reg 7 / message_d [6:0] $end
$scope module u_error_corrector $end
$var wire 1 ! i_clk $end
$var wire 7 0 i_message [6:0] $end
$var wire 1 $ i_rst $end
$var wire 4 1 o_info [3:0] $end
$var wire 1 & o_is_corrected $end
$var wire 1 , i_zero_syndrome $end
$var wire 3 2 i_syndrome [2:0] $end
$var wire 7 3 corrected_message [6:0] $end
$var reg 3 4 error_position [2:0] $end
$var reg 7 5 estimated_error [6:0] $end
$var reg 4 6 info_d [3:0] $end
$var reg 1 7 is_corrected_d $end
$upscope $end
$scope module u_syndrome_calculator $end
$var wire 1 ! i_clk $end
$var wire 7 8 i_message [6:0] $end
$var wire 1 $ i_rst $end
$var wire 3 9 o_syndrome [2:0] $end
$var wire 1 , o_zero_syndrome $end
$var reg 7 : message_d [6:0] $end
$var reg 3 ; syndrome [2:0] $end
$upscope $end
$upscope $end
$scope module u_hamming_encoder $end
$var wire 4 < i_info [3:0] $end
$var wire 7 = o_message [6:0] $end
$var wire 3 > parity [2:0] $end
$var wire 7 ? message [6:0] $end
$upscope $end
$upscope $end
$enddefinitions $end
$comment Show the parameter values. $end
$dumpall
$end
#0
$dumpvars
b0 ?
b0 >
b0 =
b0 <
b0 ;
b0 :
b0 9
b0 8
07
b0 6
b1 5
b0 4
bx 3
b0 2
b0 1
bx 0
bx /
b0 .
b0 -
1,
b0 +
b0 *
b0 )
b0 (
b0 '
0&
b0 %
1$
b0 #
b0 "
1!
$end
#5000
0!
#10000
0$
b0 3
b0 /
b0 0
1!
#15000
0!
#20000
1!
#21000
b1 "
#25000
0!
#30000
b1 %
b1 +
b1 8
b1 )
1!
#31000
b10 "
#35000
0!
#40000
0,
b11 -
b11 2
b11 9
b11 ;
b0 3
b10 %
b10 +
b10 8
b1 :
b1 /
b1 0
b10 )
1!
#41000
b11 "
#45000
0!
#50000
b10 5
b0 3
b1 4
b11 %
b11 +
b11 8
b110 -
b110 2
b110 9
b110 ;
b11 )
b10 /
b10 0
1&
17
b10 :
1!
#51000
b100 "
#55000
0!
#60000
b1000 5
b11 4
b1011 3
b101 -
b101 2
b101 9
b101 ;
b100 %
b100 +
b100 8
b11 :
b11 /
b11 0
b100 )
1!
#61000
b101 "
#65000
0!
#70000
b100 5
b0 3
b10 4
b101 %
b101 +
b101 8
b111 -
b111 2
b111 9
b111 ;
b101 )
b100 /
b100 0
b1011 '
b1011 .
b1011 1
b1011 6
b100 :
1!
#71000
b110 "
#75000
0!
#80000
b1000000 5
b110 4
b1000101 3
b100 -
b100 2
b100 9
b100 ;
b110 %
b110 +
b110 8
b101 :
b0 '
b0 .
b0 1
b0 6
b101 /
b101 0
b110 )
1!
#81000
b111 "
#85000
0!
#90000
b10000 5
b10110 3
b100 4
b111 %
b111 +
b111 8
b1 -
b1 2
b1 9
b1 ;
b111 )
b110 /
b110 0
b101 '
b101 .
b101 1
b101 6
b110 :
1!
#91000
b1000 "
#95000
0!
#100000
b100000 5
b101 4
b100111 3
b10 -
b10 2
b10 9
b10 ;
b1000 %
b1000 +
b1000 8
b111 :
b110 '
b110 .
b110 1
b110 6
b111 /
b111 0
b1000 )
1!
#101000
b1001 "
#105000
0!
#110000
b1000 5
b0 3
b11 4
b1001 %
b1001 +
b1001 8
b101 -
b101 2
b101 9
b101 ;
b1001 )
b1000 /
b1000 0
b111 '
b111 .
b111 1
b111 6
b1000 :
1!
#111000
b1010 "
#115000
0!
#120000
b10 5
b1 4
b1011 3
b110 -
b110 2
b110 9
b110 ;
b1010 %
b1010 +
b1010 8
b1001 :
b0 '
b0 .
b0 1
b0 6
b1001 /
b1001 0
b1010 )
1!
#121000
b1011 "
#125000
0!
#130000
b1 5
b1011 3
b0 4
b1011 %
b1011 +
b1011 8
b11 -
b11 2
b11 9
b11 ;
b1011 )
b1010 /
b1010 0
b1011 '
b1011 .
b1011 1
b1011 6
b1010 :
1!
#131000
b1100 "
#135000
0!
#140000
1,
b1011 3
b0 -
b0 2
b0 9
b0 ;
b1100 %
b1100 +
b1100 8
b1011 :
b1011 /
b1011 0
b1100 )
1!
#141000
b1101 "
#145000
0!
#150000
b100000 5
0,
b101 4
b1101 %
b1101 +
b1101 8
b101100 3
b10 -
b10 2
b10 9
b10 ;
b1101 )
b1100 /
b1100 0
0&
07
b1100 :
1!
#151000
b1110 "
#155000
0!
#160000
b10000 5
b100 4
b11101 3
b1 -
b1 2
b1 9
b1 ;
b1110 %
b1110 +
b1110 8
b1101 :
1&
17
b1100 '
b1100 .
b1100 1
b1100 6
b1101 /
b1101 0
b1110 )
1!
#161000
b1111 "
#165000
0!
#170000
b1000000 5
b1001110 3
b110 4
b1111 %
b1111 +
b1111 8
b100 -
b100 2
b100 9
b100 ;
b1111 )
b1110 /
b1110 0
b1101 '
b1101 .
b1101 1
b1101 6
b1110 :
1!
#171000
b10000 "
#175000
0!
#180000
b100 5
b10 4
b1011 3
b111 -
b111 2
b111 9
b111 ;
b10000 %
b10000 +
b10000 8
b1111 :
b1110 '
b1110 .
b1110 1
b1110 6
b1111 /
b1111 0
b10000 )
1!
#181000
b10001 "
#185000
0!
#190000
b10000 5
b0 3
b100 4
b10001 %
b10001 +
b10001 8
b1 -
b1 2
b1 9
b1 ;
b10001 )
b10000 /
b10000 0
b1011 '
b1011 .
b1011 1
b1011 6
b10000 :
1!
#191000
b10010 "
#195000
0!
#200000
b100000 5
b101 4
b110001 3
b10 -
b10 2
b10 9
b10 ;
b10010 %
b10010 +
b10010 8
b10001 :
b0 '
b0 .
b0 1
b0 6
b10001 /
b10001 0
b10010 )
1!
#201000
b10011 "
#205000
0!
#210000
b100 5
b10110 3
b10 4
b10011 %
b10011 +
b10011 8
b111 -
b111 2
b111 9
b111 ;
b10011 )
b10010 /
b10010 0
b1 '
b1 .
b1 1
b1 6
b10010 :
1!
#211000
b10100 "
#215000
0!
#220000
b1000000 5
b110 4
b1010011 3
b100 -
b100 2
b100 9
b100 ;
b10100 %
b10100 +
b10100 8
b10011 :
b110 '
b110 .
b110 1
b110 6
b10011 /
b10011 0
b10100 )
1!
#221000
b10101 "
#225000
0!
#230000
b10 5
b10110 3
b1 4
b10101 %
b10101 +
b10101 8
b110 -
b110 2
b110 9
b110 ;
b10101 )
b10100 /
b10100 0
b11 '
b11 .
b11 1
b11 6
b10100 :
1!
#231000
b10110 "
#235000
0!
#240000
b1000 5
b11 4
b11101 3
b101 -
b101 2
b101 9
b101 ;
b10110 %
b10110 +
b10110 8
b10101 :
b110 '
b110 .
b110 1
b110 6
b10101 /
b10101 0
b10110 )
1!
#241000
b10111 "
#245000
0!
#250000
b1 5
b10110 3
1,
b0 4
b10111 %
b10111 +
b10111 8
b0 -
b0 2
b0 9
b0 ;
b10111 )
b10110 /
b10110 0
b1101 '
b1101 .
b1101 1
b1101 6
b10110 :
1!
#251000
b11000 "
#255000
0!
#260000
0,
b11 -
b11 2
b11 9
b11 ;
b10110 3
b11000 %
b11000 +
b11000 8
b10111 :
0&
07
b110 '
b110 .
b110 1
b110 6
b10111 /
b10111 0
b11000 )
1!
#261000
b11001 "
#265000
0!
#270000
b1000000 5
b1011000 3
b110 4
b11001 %
b11001 +
b11001 8
b100 -
b100 2
b100 9
b100 ;
b11001 )
b11000 /
b11000 0
1&
17
b11000 :
1!
#271000
b11010 "
#275000
0!
#280000
b100 5
b10 4
b11101 3
b111 -
b111 2
b111 9
b111 ;
b11010 %
b11010 +
b11010 8
b11001 :
b1000 '
b1000 .
b1000 1
b1000 6
b11001 /
b11001 0
b11010 )
1!
#281000
b11011 "
#285000
0!
#290000
b100000 5
b111010 3
b101 4
b11011 %
b11011 +
b11011 8
b10 -
b10 2
b10 9
b10 ;
b11011 )
b11010 /
b11010 0
b1101 '
b1101 .
b1101 1
b1101 6
b11010 :
1!
#291000
b11100 "
#295000
0!
#300000
b10000 5
b100 4
b1011 3
b1 -
b1 2
b1 9
b1 ;
b11100 %
b11100 +
b11100 8
b11011 :
b1010 '
b1010 .
b1010 1
b1010 6
b11011 /
b11011 0
b11100 )
1!
#301000
b11101 "
#305000
0!
#310000
b1 5
b11101 3
b0 4
b11101 %
b11101 +
b11101 8
b11 -
b11 2
b11 9
b11 ;
b11101 )
b11100 /
b11100 0
b1011 '
b1011 .
b1011 1
b1011 6
b11100 :
1!
#311000
b11110 "
#315000
0!
#320000
1,
b11101 3
b0 -
b0 2
b0 9
b0 ;
b11110 %
b11110 +
b11110 8
b11101 :
b1101 '
b1101 .
b1101 1
b1101 6
b11101 /
b11101 0
b11110 )
1!
#321000
b11111 "
#325000
0!
#330000
b1000 5
0,
b11 4
b11111 %
b11111 +
b11111 8
b10110 3
b101 -
b101 2
b101 9
b101 ;
b11111 )
b11110 /
b11110 0
0&
07
b11110 :
1!
#331000
b100000 "
#335000
0!
#340000
b10 5
b1 4
b11101 3
b110 -
b110 2
b110 9
b110 ;
b100000 %
b100000 +
b100000 8
b11111 :
1&
17
b110 '
b110 .
b110 1
b110 6
b11111 /
b11111 0
b100000 )
1!
#341000
b100001 "
#345000
0!
#350000
b100000 5
b0 3
b101 4
b100001 %
b100001 +
b100001 8
b10 -
b10 2
b10 9
b10 ;
b100001 )
b100000 /
b100000 0
b1101 '
b1101 .
b1101 1
b1101 6
b100000 :
1!
#351000
b100010 "
#355000
0!
#360000
b10000 5
b100 4
b110001 3
b1 -
b1 2
b1 9
b1 ;
b100010 %
b100010 +
b100010 8
b100001 :
b0 '
b0 .
b0 1
b0 6
b100001 /
b100001 0
b100010 )
1!
#361000
b100011 "
#365000
0!
#370000
b1000000 5
b1100010 3
b110 4
b100011 %
b100011 +
b100011 8
b100 -
b100 2
b100 9
b100 ;
b100011 )
b100010 /
b100010 0
b1 '
b1 .
b1 1
b1 6
b100010 :
1!
#371000
b100100 "
#375000
0!
#380000
b100 5
b10 4
b100111 3
b111 -
b111 2
b111 9
b111 ;
b100100 %
b100100 +
b100100 8
b100011 :
b10 '
b10 .
b10 1
b10 6
b100011 /
b100011 0
b100100 )
1!
#381000
b100101 "
#385000
0!
#390000
b1000 5
b101100 3
b11 4
b100101 %
b100101 +
b100101 8
b101 -
b101 2
b101 9
b101 ;
b100101 )
b100100 /
b100100 0
b111 '
b111 .
b111 1
b111 6
b100100 :
1!
#391000
b100110 "
#395000
0!
#400000
b10 5
b1 4
b100111 3
b110 -
b110 2
b110 9
b110 ;
b100110 %
b100110 +
b100110 8
b100101 :
b1100 '
b1100 .
b1100 1
b1100 6
b100101 /
b100101 0
b100110 )
1!
#401000
b100111 "
#405000
0!
#410000
b1 5
b100111 3
b0 4
b100111 %
b100111 +
b100111 8
b11 -
b11 2
b11 9
b11 ;
b100111 )
b100110 /
b100110 0
b111 '
b111 .
b111 1
b111 6
b100110 :
1!
#411000
b101000 "
#415000
0!
#420000
1,
b100111 3
b0 -
b0 2
b0 9
b0 ;
b101000 %
b101000 +
b101000 8
b100111 :
b100111 /
b100111 0
b101000 )
1!
#421000
b101001 "
#425000
0!
#430000
b100 5
0,
b10 4
b101001 %
b101001 +
b101001 8
b101100 3
b111 -
b111 2
b111 9
b111 ;
b101001 )
b101000 /
b101000 0
0&
07
b101000 :
1!
#431000
b101010 "
#435000
0!
#440000
b1000000 5
b110 4
b1101001 3
b100 -
b100 2
b100 9
b100 ;
b101010 %
b101010 +
b101010 8
b101001 :
1&
17
b1100 '
b1100 .
b1100 1
b1100 6
b101001 /
b101001 0
b101010 )
1!
#441000
b101011 "
#445000
0!
#450000
b10000 5
b111010 3
b100 4
b101011 %
b101011 +
b101011 8
b1 -
b1 2
b1 9
b1 ;
b101011 )
b101010 /
b101010 0
b1001 '
b1001 .
b1001 1
b1001 6
b101010 :
1!
#451000
b101100 "
#455000
0!
#460000
b100000 5
b101 4
b1011 3
b10 -
b10 2
b10 9
b10 ;
b101100 %
b101100 +
b101100 8
b101011 :
b1010 '
b1010 .
b1010 1
b1010 6
b101011 /
b101011 0
b101100 )
1!
#461000
b101101 "
#465000
0!
#470000
b1 5
b101100 3
1,
b0 4
b101101 %
b101101 +
b101101 8
b0 -
b0 2
b0 9
b0 ;
b101101 )
b101100 /
b101100 0
b1011 '
b1011 .
b1011 1
b1011 6
b101100 :
1!
#471000
b101110 "
#475000
0!
#480000
0,
b11 -
b11 2
b11 9
b11 ;
b101100 3
b101110 %
b101110 +
b101110 8
b101101 :
0&
07
b1100 '
b1100 .
b1100 1
b1100 6
b101101 /
b101101 0
b101110 )
1!
#481000
b101111 "
#485000
0!
#490000
b10 5
b101100 3
b1 4
b101111 %
b101111 +
b101111 8
b110 -
b110 2
b110 9
b110 ;
b101111 )
b101110 /
b101110 0
1&
17
b101110 :
1!
#491000
b110000 "
#495000
0!
#500000
b1000 5
b11 4
b100111 3
b101 -
b101 2
b101 9
b101 ;
b110000 %
b110000 +
b110000 8
b101111 :
b101111 /
b101111 0
b110000 )
1!
#501000
b110001 "
#505000
0!
#510000
b1 5
b110001 3
b0 4
b110001 %
b110001 +
b110001 8
b11 -
b11 2
b11 9
b11 ;
b110001 )
b110000 /
b110000 0
b111 '
b111 .
b111 1
b111 6
b110000 :
1!
#511000
b110010 "
#515000
0!
#520000
1,
b110001 3
b0 -
b0 2
b0 9
b0 ;
b110010 %
b110010 +
b110010 8
b110001 :
b1 '
b1 .
b1 1
b1 6
b110001 /
b110001 0
b110010 )
1!
#521000
b110011 "
#525000
0!
#530000
b1000 5
0,
b11 4
b110011 %
b110011 +
b110011 8
b111010 3
b101 -
b101 2
b101 9
b101 ;
b110011 )
b110010 /
b110010 0
0&
07
b110010 :
1!
#531000
b110100 "
#535000
0!
#540000
b10 5
b1 4
b110001 3
b110 -
b110 2
b110 9
b110 ;
b110100 %
b110100 +
b110100 8
b110011 :
1&
17
b1010 '
b1010 .
b1010 1
b1010 6
b110011 /
b110011 0
b110100 )
1!
#541000
b110101 "
#545000
0!
#550000
b1000000 5
b1110100 3
b110 4
b110101 %
b110101 +
b110101 8
b100 -
b100 2
b100 9
b100 ;
b110101 )
b110100 /
b110100 0
b1 '
b1 .
b1 1
b1 6
b110100 :
1!
#551000
b110110 "
#555000
0!
#560000
b100 5
b10 4
b110001 3
b111 -
b111 2
b111 9
b111 ;
b110110 %
b110110 +
b110110 8
b110101 :
b100 '
b100 .
b100 1
b100 6
b110101 /
b110101 0
b110110 )
1!
#561000
b110111 "
#565000
0!
#570000
b100000 5
b10110 3
b101 4
b110111 %
b110111 +
b110111 8
b10 -
b10 2
b10 9
b10 ;
b110111 )
b110110 /
b110110 0
b1 '
b1 .
b1 1
b1 6
b110110 :
1!
#571000
b111000 "
#575000
0!
#580000
b10000 5
b100 4
b100111 3
b1 -
b1 2
b1 9
b1 ;
b111000 %
b111000 +
b111000 8
b110111 :
b110 '
b110 .
b110 1
b110 6
b110111 /
b110111 0
b111000 )
1!
#581000
b111001 "
#585000
0!
#590000
b10 5
b111010 3
b1 4
b111001 %
b111001 +
b111001 8
b110 -
b110 2
b110 9
b110 ;
b111001 )
b111000 /
b111000 0
b111 '
b111 .
b111 1
b111 6
b111000 :
1!
#591000
b111010 "
#595000
0!
#600000
b1000 5
b11 4
b110001 3
b101 -
b101 2
b101 9
b101 ;
b111010 %
b111010 +
b111010 8
b111001 :
b1010 '
b1010 .
b1010 1
b1010 6
b111001 /
b111001 0
b111010 )
1!
#601000
b111011 "
#605000
0!
#610000
b1 5
b111010 3
1,
b0 4
b111011 %
b111011 +
b111011 8
b0 -
b0 2
b0 9
b0 ;
b111011 )
b111010 /
b111010 0
b1 '
b1 .
b1 1
b1 6
b111010 :
1!
#611000
b111100 "
#615000
0!
#620000
0,
b11 -
b11 2
b11 9
b11 ;
b111010 3
b111100 %
b111100 +
b111100 8
b111011 :
0&
07
b1010 '
b1010 .
b1010 1
b1010 6
b111011 /
b111011 0
b111100 )
1!
#621000
b111101 "
#625000
0!
#630000
b10000 5
b101100 3
b100 4
b111101 %
b111101 +
b111101 8
b1 -
b1 2
b1 9
b1 ;
b111101 )
b111100 /
b111100 0
1&
17
b111100 :
1!
#631000
b111110 "
#635000
0!
#640000
b100000 5
b101 4
b11101 3
b10 -
b10 2
b10 9
b10 ;
b111110 %
b111110 +
b111110 8
b111101 :
b1100 '
b1100 .
b1100 1
b1100 6
b111101 /
b111101 0
b111110 )
1!
#641000
b111111 "
#645000
0!
#650000
b100 5
b111010 3
b10 4
b111111 %
b111111 +
b111111 8
b111 -
b111 2
b111 9
b111 ;
b111111 )
b111110 /
b111110 0
b1101 '
b1101 .
b1101 1
b1101 6
b111110 :
1!
#651000
b1000000 "
#655000
0!
#660000
b1000000 5
b110 4
b1111111 3
b100 -
b100 2
b100 9
b100 ;
b1000000 %
b1000000 +
b1000000 8
b111111 :
b1010 '
b1010 .
b1010 1
b1010 6
b111111 /
b111111 0
b1000000 )
1!
#661000
b1000001 "
#665000
0!
#670000
b0 3
b1000001 %
b1000001 +
b1000001 8
b1000001 )
b1000000 /
b1000000 0
b1111 '
b1111 .
b1111 1
b1111 6
b1000000 :
1!
#671000
b1000010 "
#675000
0!
#680000
b100 5
b10 4
b1000101 3
b111 -
b111 2
b111 9
b111 ;
b1000010 %
b1000010 +
b1000010 8
b1000001 :
b0 '
b0 .
b0 1
b0 6
b1000001 /
b1000001 0
b1000010 )
1!
#681000
b1000011 "
#685000
0!
#690000
b100000 5
b1100010 3
b101 4
b1000011 %
b1000011 +
b1000011 8
b10 -
b10 2
b10 9
b10 ;
b1000011 )
b1000010 /
b1000010 0
b101 '
b101 .
b101 1
b101 6
b1000010 :
1!
#691000
b1000100 "
#695000
0!
#700000
b10000 5
b100 4
b1010011 3
b1 -
b1 2
b1 9
b1 ;
b1000100 %
b1000100 +
b1000100 8
b1000011 :
b10 '
b10 .
b10 1
b10 6
b1000011 /
b1000011 0
b1000100 )
1!
#701000
b1000101 "
#705000
0!
#710000
b1 5
b1000101 3
b0 4
b1000101 %
b1000101 +
b1000101 8
b11 -
b11 2
b11 9
b11 ;
b1000101 )
b1000100 /
b1000100 0
b11 '
b11 .
b11 1
b11 6
b1000100 :
1!
#711000
b1000110 "
#715000
0!
#720000
1,
b1000101 3
b0 -
b0 2
b0 9
b0 ;
b1000110 %
b1000110 +
b1000110 8
b1000101 :
b101 '
b101 .
b101 1
b101 6
b1000101 /
b1000101 0
b1000110 )
1!
#721000
b1000111 "
#725000
0!
#730000
b1000 5
0,
b11 4
b1000111 %
b1000111 +
b1000111 8
b1001110 3
b101 -
b101 2
b101 9
b101 ;
b1000111 )
b1000110 /
b1000110 0
0&
07
b1000110 :
1!
#731000
b1001000 "
#735000
0!
#740000
b10 5
b1 4
b1000101 3
b110 -
b110 2
b110 9
b110 ;
b1001000 %
b1001000 +
b1001000 8
b1000111 :
1&
17
b1110 '
b1110 .
b1110 1
b1110 6
b1000111 /
b1000111 0
b1001000 )
1!
#741000
b1001001 "
#745000
0!
#750000
b10000 5
b1011000 3
b100 4
b1001001 %
b1001001 +
b1001001 8
b1 -
b1 2
b1 9
b1 ;
b1001001 )
b1001000 /
b1001000 0
b101 '
b101 .
b101 1
b101 6
b1001000 :
1!
#751000
b1001010 "
#755000
0!
#760000
b100000 5
b101 4
b1101001 3
b10 -
b10 2
b10 9
b10 ;
b1001010 %
b1001010 +
b1001010 8
b1001001 :
b1000 '
b1000 .
b1000 1
b1000 6
b1001001 /
b1001001 0
b1001010 )
1!
#761000
b1001011 "
#765000
0!
#770000
b100 5
b1001110 3
b10 4
b1001011 %
b1001011 +
b1001011 8
b111 -
b111 2
b111 9
b111 ;
b1001011 )
b1001010 /
b1001010 0
b1001 '
b1001 .
b1001 1
b1001 6
b1001010 :
1!
#771000
b1001100 "
#775000
0!
#780000
b1000000 5
b110 4
b1011 3
b100 -
b100 2
b100 9
b100 ;
b1001100 %
b1001100 +
b1001100 8
b1001011 :
b1110 '
b1110 .
b1110 1
b1110 6
b1001011 /
b1001011 0
b1001100 )
1!
#781000
b1001101 "
#785000
0!
#790000
b10 5
b1001110 3
b1 4
b1001101 %
b1001101 +
b1001101 8
b110 -
b110 2
b110 9
b110 ;
b1001101 )
b1001100 /
b1001100 0
b1011 '
b1011 .
b1011 1
b1011 6
b1001100 :
1!
#791000
b1001110 "
#795000
0!
#800000
b1000 5
b11 4
b1000101 3
b101 -
b101 2
b101 9
b101 ;
b1001110 %
b1001110 +
b1001110 8
b1001101 :
b1110 '
b1110 .
b1110 1
b1110 6
b1001101 /
b1001101 0
b1001110 )
1!
#801000
b1001111 "
#805000
0!
#810000
b1 5
b1001110 3
1,
b0 4
b1001111 %
b1001111 +
b1001111 8
b0 -
b0 2
b0 9
b0 ;
b1001111 )
b1001110 /
b1001110 0
b101 '
b101 .
b101 1
b101 6
b1001110 :
1!
#811000
b1010000 "
#815000
0!
#820000
0,
b11 -
b11 2
b11 9
b11 ;
b1001110 3
b1010000 %
b1010000 +
b1010000 8
b1001111 :
0&
07
b1110 '
b1110 .
b1110 1
b1110 6
b1001111 /
b1001111 0
b1010000 )
1!
#821000
b1010001 "
#825000
0!
#830000
b1000 5
b1011000 3
b11 4
b1010001 %
b1010001 +
b1010001 8
b101 -
b101 2
b101 9
b101 ;
b1010001 )
b1010000 /
b1010000 0
1&
17
b1010000 :
1!
#831000
b1010010 "
#835000
0!
#840000
b10 5
b1 4
b1010011 3
b110 -
b110 2
b110 9
b110 ;
b1010010 %
b1010010 +
b1010010 8
b1010001 :
b1000 '
b1000 .
b1000 1
b1000 6
b1010001 /
b1010001 0
b1010010 )
1!
#841000
b1010011 "
#845000
0!
#850000
b1 5
b1010011 3
b0 4
b1010011 %
b1010011 +
b1010011 8
b11 -
b11 2
b11 9
b11 ;
b1010011 )
b1010010 /
b1010010 0
b11 '
b11 .
b11 1
b11 6
b1010010 :
1!
#851000
b1010100 "
#855000
0!
#860000
1,
b1010011 3
b0 -
b0 2
b0 9
b0 ;
b1010100 %
b1010100 +
b1010100 8
b1010011 :
b1010011 /
b1010011 0
b1010100 )
1!
#861000
b1010101 "
#865000
0!
#870000
b100000 5
0,
b101 4
b1010101 %
b1010101 +
b1010101 8
b1110100 3
b10 -
b10 2
b10 9
b10 ;
b1010101 )
b1010100 /
b1010100 0
0&
07
b1010100 :
1!
#871000
b1010110 "
#875000
0!
#880000
b10000 5
b100 4
b1000101 3
b1 -
b1 2
b1 9
b1 ;
b1010110 %
b1010110 +
b1010110 8
b1010101 :
1&
17
b100 '
b100 .
b100 1
b100 6
b1010101 /
b1010101 0
b1010110 )
1!
#881000
b1010111 "
#885000
0!
#890000
b1000000 5
b10110 3
b110 4
b1010111 %
b1010111 +
b1010111 8
b100 -
b100 2
b100 9
b100 ;
b1010111 )
b1010110 /
b1010110 0
b101 '
b101 .
b101 1
b101 6
b1010110 :
1!
#891000
b1011000 "
#895000
0!
#900000
b100 5
b10 4
b1010011 3
b111 -
b111 2
b111 9
b111 ;
b1011000 %
b1011000 +
b1011000 8
b1010111 :
b110 '
b110 .
b110 1
b110 6
b1010111 /
b1010111 0
b1011000 )
1!
#901000
b1011001 "
#905000
0!
#910000
b1 5
b1011000 3
1,
b0 4
b1011001 %
b1011001 +
b1011001 8
b0 -
b0 2
b0 9
b0 ;
b1011001 )
b1011000 /
b1011000 0
b11 '
b11 .
b11 1
b11 6
b1011000 :
1!
#911000
b1011010 "
#915000
0!
#920000
0,
b11 -
b11 2
b11 9
b11 ;
b1011000 3
b1011010 %
b1011010 +
b1011010 8
b1011001 :
0&
07
b1000 '
b1000 .
b1000 1
b1000 6
b1011001 /
b1011001 0
b1011010 )
1!
#921000
b1011011 "
#925000
0!
#930000
b10 5
b1011000 3
b1 4
b1011011 %
b1011011 +
b1011011 8
b110 -
b110 2
b110 9
b110 ;
b1011011 )
b1011010 /
b1011010 0
1&
17
b1011010 :
1!
#931000
b1011100 "
#935000
0!
#940000
b1000 5
b11 4
b1010011 3
b101 -
b101 2
b101 9
b101 ;
b1011100 %
b1011100 +
b1011100 8
b1011011 :
b1011011 /
b1011011 0
b1011100 )
1!
#941000
b1011101 "
#945000
0!
#950000
b100 5
b1011000 3
b10 4
b1011101 %
b1011101 +
b1011101 8
b111 -
b111 2
b111 9
b111 ;
b1011101 )
b1011100 /
b1011100 0
b11 '
b11 .
b11 1
b11 6
b1011100 :
1!
#951000
b1011110 "
#955000
0!
#960000
b1000000 5
b110 4
b11101 3
b100 -
b100 2
b100 9
b100 ;
b1011110 %
b1011110 +
b1011110 8
b1011101 :
b1000 '
b1000 .
b1000 1
b1000 6
b1011101 /
b1011101 0
b1011110 )
1!
#961000
b1011111 "
#965000
0!
#970000
b10000 5
b1001110 3
b100 4
b1011111 %
b1011111 +
b1011111 8
b1 -
b1 2
b1 9
b1 ;
b1011111 )
b1011110 /
b1011110 0
b1101 '
b1101 .
b1101 1
b1101 6
b1011110 :
1!
#971000
b1100000 "
#975000
0!
#980000
b100000 5
b101 4
b1111111 3
b10 -
b10 2
b10 9
b10 ;
b1100000 %
b1100000 +
b1100000 8
b1011111 :
b1110 '
b1110 .
b1110 1
b1110 6
b1011111 /
b1011111 0
b1100000 )
1!
#981000
b1100001 "
#985000
0!
#990000
b10 5
b1100010 3
b1 4
b1100001 %
b1100001 +
b1100001 8
b110 -
b110 2
b110 9
b110 ;
b1100001 )
b1100000 /
b1100000 0
b1111 '
b1111 .
b1111 1
b1111 6
b1100000 :
1!
#991000
b1100010 "
#995000
0!
#1000000
b1000 5
b11 4
b1101001 3
b101 -
b101 2
b101 9
b101 ;
b1100010 %
b1100010 +
b1100010 8
b1100001 :
b10 '
b10 .
b10 1
b10 6
b1100001 /
b1100001 0
b1100010 )
1!
#1001000
b1100011 "
#1005000
0!
#1010000
b1 5
b1100010 3
1,
b0 4
b1100011 %
b1100011 +
b1100011 8
b0 -
b0 2
b0 9
b0 ;
b1100011 )
b1100010 /
b1100010 0
b1001 '
b1001 .
b1001 1
b1001 6
b1100010 :
1!
#1011000
b1100100 "
#1015000
0!
#1020000
0,
b11 -
b11 2
b11 9
b11 ;
b1100010 3
b1100100 %
b1100100 +
b1100100 8
b1100011 :
0&
07
b10 '
b10 .
b10 1
b10 6
b1100011 /
b1100011 0
b1100100 )
1!
#1021000
b1100101 "
#1025000
0!
#1030000
b10000 5
b1110100 3
b100 4
b1100101 %
b1100101 +
b1100101 8
b1 -
b1 2
b1 9
b1 ;
b1100101 )
b1100100 /
b1100100 0
1&
17
b1100100 :
1!
#1031000
b1100110 "
#1035000
0!
#1040000
b100000 5
b101 4
b1000101 3
b10 -
b10 2
b10 9
b10 ;
b1100110 %
b1100110 +
b1100110 8
b1100101 :
b100 '
b100 .
b100 1
b100 6
b1100101 /
b1100101 0
b1100110 )
1!
#1041000
b1100111 "
#1045000
0!
#1050000
b100 5
b1100010 3
b10 4
b1100111 %
b1100111 +
b1100111 8
b111 -
b111 2
b111 9
b111 ;
b1100111 )
b1100110 /
b1100110 0
b101 '
b101 .
b101 1
b101 6
b1100110 :
1!
#1051000
b1101000 "
#1055000
0!
#1060000
b1000000 5
b110 4
b100111 3
b100 -
b100 2
b100 9
b100 ;
b1101000 %
b1101000 +
b1101000 8
b1100111 :
b10 '
b10 .
b10 1
b10 6
b1100111 /
b1100111 0
b1101000 )
1!
#1061000
b1101001 "
#1065000
0!
#1070000
b1 5
b1101001 3
b0 4
b1101001 %
b1101001 +
b1101001 8
b11 -
b11 2
b11 9
b11 ;
b1101001 )
b1101000 /
b1101000 0
b111 '
b111 .
b111 1
b111 6
b1101000 :
1!
#1071000
b1101010 "
#1075000
0!
#1080000
1,
b1101001 3
b0 -
b0 2
b0 9
b0 ;
b1101010 %
b1101010 +
b1101010 8
b1101001 :
b1001 '
b1001 .
b1001 1
b1001 6
b1101001 /
b1101001 0
b1101010 )
1!
#1081000
b1101011 "
#1085000
0!
#1090000
b1000 5
0,
b11 4
b1101011 %
b1101011 +
b1101011 8
b1100010 3
b101 -
b101 2
b101 9
b101 ;
b1101011 )
b1101010 /
b1101010 0
0&
07
b1101010 :
1!
#1091000
b1101100 "
#1095000
0!
#1100000
b10 5
b1 4
b1101001 3
b110 -
b110 2
b110 9
b110 ;
b1101100 %
b1101100 +
b1101100 8
b1101011 :
1&
17
b10 '
b10 .
b10 1
b10 6
b1101011 /
b1101011 0
b1101100 )
1!
#1101000
b1101101 "
#1105000
0!
#1110000
b1000000 5
b101100 3
b110 4
b1101101 %
b1101101 +
b1101101 8
b100 -
b100 2
b100 9
b100 ;
b1101101 )
b1101100 /
b1101100 0
b1001 '
b1001 .
b1001 1
b1001 6
b1101100 :
1!
#1111000
b1101110 "
#1115000
0!
#1120000
b100 5
b10 4
b1101001 3
b111 -
b111 2
b111 9
b111 ;
b1101110 %
b1101110 +
b1101110 8
b1101101 :
b1100 '
b1100 .
b1100 1
b1100 6
b1101101 /
b1101101 0
b1101110 )
1!
#1121000
b1101111 "
#1125000
0!
#1130000
b100000 5
b1001110 3
b101 4
b1101111 %
b1101111 +
b1101111 8
b10 -
b10 2
b10 9
b10 ;
b1101111 )
b1101110 /
b1101110 0
b1001 '
b1001 .
b1001 1
b1001 6
b1101110 :
1!
#1131000
b1110000 "
#1135000
0!
#1140000
b10000 5
b100 4
b1111111 3
b1 -
b1 2
b1 9
b1 ;
b1110000 %
b1110000 +
b1110000 8
b1101111 :
b1110 '
b1110 .
b1110 1
b1110 6
b1101111 /
b1101111 0
b1110000 )
1!
#1141000
b1110001 "
#1145000
0!
#1150000
b100 5
b1110100 3
b10 4
b1110001 %
b1110001 +
b1110001 8
b111 -
b111 2
b111 9
b111 ;
b1110001 )
b1110000 /
b1110000 0
b1111 '
b1111 .
b1111 1
b1111 6
b1110000 :
1!
#1151000
b1110010 "
#1155000
0!
#1160000
b1000000 5
b110 4
b110001 3
b100 -
b100 2
b100 9
b100 ;
b1110010 %
b1110010 +
b1110010 8
b1110001 :
b100 '
b100 .
b100 1
b100 6
b1110001 /
b1110001 0
b1110010 )
1!
#1161000
b1110011 "
#1165000
0!
#1170000
b10000 5
b1100010 3
b100 4
b1110011 %
b1110011 +
b1110011 8
b1 -
b1 2
b1 9
b1 ;
b1110011 )
b1110010 /
b1110010 0
b1 '
b1 .
b1 1
b1 6
b1110010 :
1!
#1171000
b1110100 "
#1175000
0!
#1180000
b100000 5
b101 4
b1010011 3
b10 -
b10 2
b10 9
b10 ;
b1110100 %
b1110100 +
b1110100 8
b1110011 :
b10 '
b10 .
b10 1
b10 6
b1110011 /
b1110011 0
b1110100 )
1!
#1181000
b1110101 "
#1185000
0!
#1190000
b1 5
b1110100 3
1,
b0 4
b1110101 %
b1110101 +
b1110101 8
b0 -
b0 2
b0 9
b0 ;
b1110101 )
b1110100 /
b1110100 0
b11 '
b11 .
b11 1
b11 6
b1110100 :
1!
#1191000
b1110110 "
#1195000
0!
#1200000
0,
b11 -
b11 2
b11 9
b11 ;
b1110100 3
b1110110 %
b1110110 +
b1110110 8
b1110101 :
0&
07
b100 '
b100 .
b100 1
b100 6
b1110101 /
b1110101 0
b1110110 )
1!
#1201000
b1110111 "
#1205000
0!
#1210000
b10 5
b1110100 3
b1 4
b1110111 %
b1110111 +
b1110111 8
b110 -
b110 2
b110 9
b110 ;
b1110111 )
b1110110 /
b1110110 0
1&
17
b1110110 :
1!
#1211000
b1111000 "
#1215000
0!
#1220000
b1000 5
b11 4
b1111111 3
b101 -
b101 2
b101 9
b101 ;
b1111000 %
b1111000 +
b1111000 8
b1110111 :
b1110111 /
b1110111 0
b1111000 )
1!
#1221000
b1111001 "
#1225000
0!
#1230000
b100000 5
b1011000 3
b101 4
b1111001 %
b1111001 +
b1111001 8
b10 -
b10 2
b10 9
b10 ;
b1111001 )
b1111000 /
b1111000 0
b1111 '
b1111 .
b1111 1
b1111 6
b1111000 :
1!
#1231000
b1111010 "
#1235000
0!
#1240000
b10000 5
b100 4
b1101001 3
b1 -
b1 2
b1 9
b1 ;
b1111010 %
b1111010 +
b1111010 8
b1111001 :
b1000 '
b1000 .
b1000 1
b1000 6
b1111001 /
b1111001 0
b1111010 )
1!
#1241000
b1111011 "
#1245000
0!
#1250000
b1000000 5
b111010 3
b110 4
b1111011 %
b1111011 +
b1111011 8
b100 -
b100 2
b100 9
b100 ;
b1111011 )
b1111010 /
b1111010 0
b1001 '
b1001 .
b1001 1
b1001 6
b1111010 :
1!
#1251000
b1111100 "
#1255000
0!
#1260000
b100 5
b10 4
b1111111 3
b111 -
b111 2
b111 9
b111 ;
b1111100 %
b1111100 +
b1111100 8
b1111011 :
b1010 '
b1010 .
b1010 1
b1010 6
b1111011 /
b1111011 0
b1111100 )
1!
#1261000
b1111101 "
#1265000
0!
#1270000
b1000 5
b1110100 3
b11 4
b1111101 %
b1111101 +
b1111101 8
b101 -
b101 2
b101 9
b101 ;
b1111101 )
b1111100 /
b1111100 0
b1111 '
b1111 .
b1111 1
b1111 6
b1111100 :
1!
#1271000
b1111110 "
#1275000
0!
#1280000
b10 5
b1 4
b1111111 3
b110 -
b110 2
b110 9
b110 ;
b1111110 %
b1111110 +
b1111110 8
b1111101 :
b100 '
b100 .
b100 1
b100 6
b1111101 /
b1111101 0
b1111110 )
1!
#1281000
b1111111 "
#1285000
0!
#1290000
b1 5
b1111111 3
b0 4
b1111111 %
b1111111 +
b1111111 8
b11 -
b11 2
b11 9
b11 ;
b1111111 )
b1111110 /
b1111110 0
b1111 '
b1111 .
b1111 1
b1111 6
b1111110 :
1!
#1291000
b0 "
b1 #
#1295000
0!
#1300000
b11 >
1,
b1111111 3
b0 -
b0 2
b0 9
b0 ;
b110001 %
b110001 +
b110001 8
b110001 (
b110001 =
b110001 ?
b1111111 :
b1111111 /
b1111111 0
b0 )
b1 *
b1 <
1!
#1301000
b1 "
#1305000
0!
#1310000
b110000 %
b110000 +
b110000 8
b110001 3
b1 )
b110001 /
b110001 0
0&
07
b110001 :
1!
#1311000
b10 "
#1315000
0!
#1320000
0,
b11 -
b11 2
b11 9
b11 ;
b110001 3
b110011 %
b110011 +
b110011 8
b110000 :
b1 '
b1 .
b1 1
b1 6
b110000 /
b110000 0
b10 )
1!
#1321000
b11 "
#1325000
0!
#1330000
b10 5
b110001 3
b1 4
b110010 %
b110010 +
b110010 8
b110 -
b110 2
b110 9
b110 ;
b11 )
b110011 /
b110011 0
1&
17
b110011 :
1!
#1331000
b100 "
#1335000
0!
#1340000
b1000 5
b11 4
b111010 3
b101 -
b101 2
b101 9
b101 ;
b110101 %
b110101 +
b110101 8
b110010 :
b110010 /
b110010 0
b100 )
1!
#1341000
b101 "
#1345000
0!
#1350000
b100 5
b110001 3
b10 4
b110100 %
b110100 +
b110100 8
b111 -
b111 2
b111 9
b111 ;
b101 )
b110101 /
b110101 0
b1010 '
b1010 .
b1010 1
b1010 6
b110101 :
1!
#1351000
b110 "
#1355000
0!
#1360000
b1000000 5
b110 4
b1110100 3
b100 -
b100 2
b100 9
b100 ;
b110111 %
b110111 +
b110111 8
b110100 :
b1 '
b1 .
b1 1
b1 6
b110100 /
b110100 0
b110 )
1!
#1361000
b111 "
#1365000
0!
#1370000
b10000 5
b100111 3
b100 4
b110110 %
b110110 +
b110110 8
b1 -
b1 2
b1 9
b1 ;
b111 )
b110111 /
b110111 0
b100 '
b100 .
b100 1
b100 6
b110111 :
1!
#1371000
b1000 "
#1375000
0!
#1380000
b100000 5
b101 4
b10110 3
b10 -
b10 2
b10 9
b10 ;
b111001 %
b111001 +
b111001 8
b110110 :
b111 '
b111 .
b111 1
b111 6
b110110 /
b110110 0
b1000 )
1!
#1381000
b1001 "
#1385000
0!
#1390000
b1000 5
b110001 3
b11 4
b111000 %
b111000 +
b111000 8
b101 -
b101 2
b101 9
b101 ;
b1001 )
b111001 /
b111001 0
b110 '
b110 .
b110 1
b110 6
b111001 :
1!
#1391000
b1010 "
#1395000
0!
#1400000
b10 5
b1 4
b111010 3
b110 -
b110 2
b110 9
b110 ;
b111011 %
b111011 +
b111011 8
b111000 :
b1 '
b1 .
b1 1
b1 6
b111000 /
b111000 0
b1010 )
1!
#1401000
b1011 "
#1405000
0!
#1410000
b1 5
b111010 3
b0 4
b111010 %
b111010 +
b111010 8
b11 -
b11 2
b11 9
b11 ;
b1011 )
b111011 /
b111011 0
b1010 '
b1010 .
b1010 1
b1010 6
b111011 :
1!
#1411000
b1100 "
#1415000
0!
#1420000
1,
b111010 3
b0 -
b0 2
b0 9
b0 ;
b111101 %
b111101 +
b111101 8
b111010 :
b111010 /
b111010 0
b1100 )
1!
#1421000
b1101 "
#1425000
0!
#1430000
b100000 5
0,
b101 4
b111100 %
b111100 +
b111100 8
b11101 3
b10 -
b10 2
b10 9
b10 ;
b1101 )
b111101 /
b111101 0
0&
07
b111101 :
1!
#1431000
b1110 "
#1435000
0!
#1440000
b10000 5
b100 4
b101100 3
b1 -
b1 2
b1 9
b1 ;
b111111 %
b111111 +
b111111 8
b111100 :
1&
17
b1101 '
b1101 .
b1101 1
b1101 6
b111100 /
b111100 0
b1110 )
1!
#1441000
b1111 "
#1445000
0!
#1450000
b1000000 5
b1111111 3
b110 4
b111110 %
b111110 +
b111110 8
b100 -
b100 2
b100 9
b100 ;
b1111 )
b111111 /
b111111 0
b1100 '
b1100 .
b1100 1
b1100 6
b111111 :
1!
#1451000
b10000 "
#1455000
0!
#1460000
b100 5
b10 4
b111010 3
b111 -
b111 2
b111 9
b111 ;
b100001 %
b100001 +
b100001 8
b111110 :
b1111 '
b1111 .
b1111 1
b1111 6
b111110 /
b111110 0
b10000 )
1!
#1461000
b10001 "
#1465000
0!
#1470000
b10000 5
b110001 3
b100 4
b100000 %
b100000 +
b100000 8
b1 -
b1 2
b1 9
b1 ;
b10001 )
b100001 /
b100001 0
b1010 '
b1010 .
b1010 1
b1010 6
b100001 :
1!
#1471000
b10010 "
#1475000
0!
#1480000
b100000 5
b101 4
b0 3
b10 -
b10 2
b10 9
b10 ;
b100011 %
b100011 +
b100011 8
b100000 :
b1 '
b1 .
b1 1
b1 6
b100000 /
b100000 0
b10010 )
1!
#1481000
b10011 "
#1485000
0!
#1490000
b100 5
b100111 3
b10 4
b100010 %
b100010 +
b100010 8
b111 -
b111 2
b111 9
b111 ;
b10011 )
b100011 /
b100011 0
b0 '
b0 .
b0 1
b0 6
b100011 :
1!
#1491000
b10100 "
#1495000
0!
#1500000
b1000000 5
b110 4
b1100010 3
b100 -
b100 2
b100 9
b100 ;
b100101 %
b100101 +
b100101 8
b100010 :
b111 '
b111 .
b111 1
b111 6
b100010 /
b100010 0
b10100 )
1!
#1501000
b10101 "
#1505000
0!
#1510000
b10 5
b100111 3
b1 4
b100100 %
b100100 +
b100100 8
b110 -
b110 2
b110 9
b110 ;
b10101 )
b100101 /
b100101 0
b10 '
b10 .
b10 1
b10 6
b100101 :
1!
#1511000
b10110 "
#1515000
0!
#1520000
b1000 5
b11 4
b101100 3
b101 -
b101 2
b101 9
b101 ;
b100111 %
b100111 +
b100111 8
b100100 :
b111 '
b111 .
b111 1
b111 6
b100100 /
b100100 0
b10110 )
1!
#1521000
b10111 "
#1525000
0!
#1530000
b1 5
b100111 3
1,
b0 4
b100110 %
b100110 +
b100110 8
b0 -
b0 2
b0 9
b0 ;
b10111 )
b100111 /
b100111 0
b1100 '
b1100 .
b1100 1
b1100 6
b100111 :
1!
#1531000
b11000 "
#1535000
0!
#1540000
0,
b11 -
b11 2
b11 9
b11 ;
b100111 3
b101001 %
b101001 +
b101001 8
b100110 :
0&
07
b111 '
b111 .
b111 1
b111 6
b100110 /
b100110 0
b11000 )
1!
#1541000
b11001 "
#1545000
0!
#1550000
b1000000 5
b1101001 3
b110 4
b101000 %
b101000 +
b101000 8
b100 -
b100 2
b100 9
b100 ;
b11001 )
b101001 /
b101001 0
1&
17
b101001 :
1!
#1551000
b11010 "
#1555000
0!
#1560000
b100 5
b10 4
b101100 3
b111 -
b111 2
b111 9
b111 ;
b101011 %
b101011 +
b101011 8
b101000 :
b1001 '
b1001 .
b1001 1
b1001 6
b101000 /
b101000 0
b11010 )
1!
#1561000
b11011 "
#1565000
0!
#1570000
b100000 5
b1011 3
b101 4
b101010 %
b101010 +
b101010 8
b10 -
b10 2
b10 9
b10 ;
b11011 )
b101011 /
b101011 0
b1100 '
b1100 .
b1100 1
b1100 6
b101011 :
1!
#1571000
b11100 "
#1575000
0!
#1580000
b10000 5
b100 4
b111010 3
b1 -
b1 2
b1 9
b1 ;
b101101 %
b101101 +
b101101 8
b101010 :
b1011 '
b1011 .
b1011 1
b1011 6
b101010 /
b101010 0
b11100 )
1!
#1581000
b11101 "
#1585000
0!
#1590000
b1 5
b101100 3
b0 4
b101100 %
b101100 +
b101100 8
b11 -
b11 2
b11 9
b11 ;
b11101 )
b101101 /
b101101 0
b1010 '
b1010 .
b1010 1
b1010 6
b101101 :
1!
#1591000
b11110 "
#1595000
0!
#1600000
1,
b101100 3
b0 -
b0 2
b0 9
b0 ;
b101111 %
b101111 +
b101111 8
b101100 :
b1100 '
b1100 .
b1100 1
b1100 6
b101100 /
b101100 0
b11110 )
1!
#1601000
b11111 "
#1605000
0!
#1610000
b1000 5
0,
b11 4
b101110 %
b101110 +
b101110 8
b100111 3
b101 -
b101 2
b101 9
b101 ;
b11111 )
b101111 /
b101111 0
0&
07
b101111 :
1!
#1611000
b100000 "
#1615000
0!
#1620000
b10 5
b1 4
b101100 3
b110 -
b110 2
b110 9
b110 ;
b10001 %
b10001 +
b10001 8
b101110 :
1&
17
b111 '
b111 .
b111 1
b111 6
b101110 /
b101110 0
b100000 )
1!
#1621000
b100001 "
#1625000
0!
#1630000
b100000 5
b110001 3
b101 4
b10000 %
b10000 +
b10000 8
b10 -
b10 2
b10 9
b10 ;
b100001 )
b10001 /
b10001 0
b1100 '
b1100 .
b1100 1
b1100 6
b10001 :
1!
#1631000
b100010 "
#1635000
0!
#1640000
b10000 5
b100 4
b0 3
b1 -
b1 2
b1 9
b1 ;
b10011 %
b10011 +
b10011 8
b10000 :
b1 '
b1 .
b1 1
b1 6
b10000 /
b10000 0
b100010 )
1!
#1641000
b100011 "
#1645000
0!
#1650000
b1000000 5
b1010011 3
b110 4
b10010 %
b10010 +
b10010 8
b100 -
b100 2
b100 9
b100 ;
b100011 )
b10011 /
b10011 0
b0 '
b0 .
b0 1
b0 6
b10011 :
1!
#1651000
b100100 "
#1655000
0!
#1660000
b100 5
b10 4
b10110 3
b111 -
b111 2
b111 9
b111 ;
b10101 %
b10101 +
b10101 8
b10010 :
b11 '
b11 .
b11 1
b11 6
b10010 /
b10010 0
b100100 )
1!
#1661000
b100101 "
#1665000
0!
#1670000
b1000 5
b11101 3
b11 4
b10100 %
b10100 +
b10100 8
b101 -
b101 2
b101 9
b101 ;
b100101 )
b10101 /
b10101 0
b110 '
b110 .
b110 1
b110 6
b10101 :
1!
#1671000
b100110 "
#1675000
0!
#1680000
b10 5
b1 4
b10110 3
b110 -
b110 2
b110 9
b110 ;
b10111 %
b10111 +
b10111 8
b10100 :
b1101 '
b1101 .
b1101 1
b1101 6
b10100 /
b10100 0
b100110 )
1!
#1681000
b100111 "
#1685000
0!
#1690000
b1 5
b10110 3
b0 4
b10110 %
b10110 +
b10110 8
b11 -
b11 2
b11 9
b11 ;
b100111 )
b10111 /
b10111 0
b110 '
b110 .
b110 1
b110 6
b10111 :
1!
#1691000
b101000 "
#1695000
0!
#1700000
1,
b10110 3
b0 -
b0 2
b0 9
b0 ;
b11001 %
b11001 +
b11001 8
b10110 :
b10110 /
b10110 0
b101000 )
1!
#1701000
b101001 "
#1705000
0!
#1710000
b100 5
0,
b10 4
b11000 %
b11000 +
b11000 8
b11101 3
b111 -
b111 2
b111 9
b111 ;
b101001 )
b11001 /
b11001 0
0&
07
b11001 :
1!
#1711000
b101010 "
#1715000
0!
#1720000
b1000000 5
b110 4
b1011000 3
b100 -
b100 2
b100 9
b100 ;
b11011 %
b11011 +
b11011 8
b11000 :
1&
17
b1101 '
b1101 .
b1101 1
b1101 6
b11000 /
b11000 0
b101010 )
1!
#1721000
b101011 "
#1725000
0!
#1730000
b10000 5
b1011 3
b100 4
b11010 %
b11010 +
b11010 8
b1 -
b1 2
b1 9
b1 ;
b101011 )
b11011 /
b11011 0
b1000 '
b1000 .
b1000 1
b1000 6
b11011 :
1!
#1731000
b101100 "
#1735000
0!
#1740000
b100000 5
b101 4
b111010 3
b10 -
b10 2
b10 9
b10 ;
b11101 %
b11101 +
b11101 8
b11010 :
b1011 '
b1011 .
b1011 1
b1011 6
b11010 /
b11010 0
b101100 )
1!
#1741000
b101101 "
#1745000
0!
#1750000
b1 5
b11101 3
1,
b0 4
b11100 %
b11100 +
b11100 8
b0 -
b0 2
b0 9
b0 ;
b101101 )
b11101 /
b11101 0
b1010 '
b1010 .
b1010 1
b1010 6
b11101 :
1!
#1751000
b101110 "
#1755000
0!
#1760000
0,
b11 -
b11 2
b11 9
b11 ;
b11101 3
b11111 %
b11111 +
b11111 8
b11100 :
0&
07
b1101 '
b1101 .
b1101 1
b1101 6
b11100 /
b11100 0
b101110 )
1!
#1761000
b101111 "
#1765000
0!
#1770000
b10 5
b11101 3
b1 4
b11110 %
b11110 +
b11110 8
b110 -
b110 2
b110 9
b110 ;
b101111 )
b11111 /
b11111 0
1&
17
b11111 :
1!
#1771000
b110000 "
#1775000
0!
#1780000
b1000 5
b11 4
b10110 3
b101 -
b101 2
b101 9
b101 ;
b1 %
b1 +
b1 8
b11110 :
b11110 /
b11110 0
b110000 )
1!
#1781000
b110001 "
#1785000
0!
#1790000
b1 5
b0 3
b0 4
b0 %
b0 +
b0 8
b11 -
b11 2
b11 9
b11 ;
b110001 )
b1 /
b1 0
b110 '
b110 .
b110 1
b110 6
b1 :
1!
#1791000
b110010 "
#1795000
0!
#1800000
1,
b0 3
b0 -
b0 2
b0 9
b0 ;
b11 %
b11 +
b11 8
b0 :
b0 '
b0 .
b0 1
b0 6
b0 /
b0 0
b110010 )
1!
#1801000
b110011 "
#1805000
0!
#1810000
b1000 5
0,
b11 4
b10 %
b10 +
b10 8
b1011 3
b101 -
b101 2
b101 9
b101 ;
b110011 )
b11 /
b11 0
0&
07
b11 :
1!
#1811000
b110100 "
#1815000
0!
#1820000
b10 5
b1 4
b0 3
b110 -
b110 2
b110 9
b110 ;
b101 %
b101 +
b101 8
b10 :
1&
17
b1011 '
b1011 .
b1011 1
b1011 6
b10 /
b10 0
b110100 )
1!
#1821000
b110101 "
#1825000
0!
#1830000
b1000000 5
b1000101 3
b110 4
b100 %
b100 +
b100 8
b100 -
b100 2
b100 9
b100 ;
b110101 )
b101 /
b101 0
b0 '
b0 .
b0 1
b0 6
b101 :
1!
#1831000
b110110 "
#1835000
0!
#1840000
b100 5
b10 4
b0 3
b111 -
b111 2
b111 9
b111 ;
b111 %
b111 +
b111 8
b100 :
b101 '
b101 .
b101 1
b101 6
b100 /
b100 0
b110110 )
1!
#1841000
b110111 "
#1845000
0!
#1850000
b100000 5
b100111 3
b101 4
b110 %
b110 +
b110 8
b10 -
b10 2
b10 9
b10 ;
b110111 )
b111 /
b111 0
b0 '
b0 .
b0 1
b0 6
b111 :
1!
#1851000
b111000 "
#1855000
0!
#1860000
b10000 5
b100 4
b10110 3
b1 -
b1 2
b1 9
b1 ;
b1001 %
b1001 +
b1001 8
b110 :
b111 '
b111 .
b111 1
b111 6
b110 /
b110 0
b111000 )
1!
#1861000
b111001 "
#1865000
0!
#1870000
b10 5
b1011 3
b1 4
b1000 %
b1000 +
b1000 8
b110 -
b110 2
b110 9
b110 ;
b111001 )
b1001 /
b1001 0
b110 '
b110 .
b110 1
b110 6
b1001 :
1!
#1871000
b111010 "
#1875000
0!
#1880000
b1000 5
b11 4
b0 3
b101 -
b101 2
b101 9
b101 ;
b1011 %
b1011 +
b1011 8
b1000 :
b1011 '
b1011 .
b1011 1
b1011 6
b1000 /
b1000 0
b111010 )
1!
#1881000
b111011 "
#1885000
0!
#1890000
b1 5
b1011 3
1,
b0 4
b1010 %
b1010 +
b1010 8
b0 -
b0 2
b0 9
b0 ;
b111011 )
b1011 /
b1011 0
b0 '
b0 .
b0 1
b0 6
b1011 :
1!
#1891000
b111100 "
#1895000
0!
#1900000
0,
b11 -
b11 2
b11 9
b11 ;
b1011 3
b1101 %
b1101 +
b1101 8
b1010 :
0&
07
b1011 '
b1011 .
b1011 1
b1011 6
b1010 /
b1010 0
b111100 )
1!
#1901000
b111101 "
#1905000
0!
#1910000
b10000 5
b11101 3
b100 4
b1100 %
b1100 +
b1100 8
b1 -
b1 2
b1 9
b1 ;
b111101 )
b1101 /
b1101 0
1&
17
b1101 :
1!
#1911000
b111110 "
#1915000
0!
#1920000
b100000 5
b101 4
b101100 3
b10 -
b10 2
b10 9
b10 ;
b1111 %
b1111 +
b1111 8
b1100 :
b1101 '
b1101 .
b1101 1
b1101 6
b1100 /
b1100 0
b111110 )
1!
#1921000
b111111 "
#1925000
0!
#1930000
b100 5
b1011 3
b10 4
b1110 %
b1110 +
b1110 8
b111 -
b111 2
b111 9
b111 ;
b111111 )
b1111 /
b1111 0
b1100 '
b1100 .
b1100 1
b1100 6
b1111 :
1!
#1931000
b1000000 "
#1935000
0!
#1940000
b1000000 5
b110 4
b1001110 3
b100 -
b100 2
b100 9
b100 ;
b1110001 %
b1110001 +
b1110001 8
b1110 :
b1011 '
b1011 .
b1011 1
b1011 6
b1110 /
b1110 0
b1000000 )
1!
#1941000
b1000001 "
#1945000
0!
#1950000
b110001 3
b1110000 %
b1110000 +
b1110000 8
b1000001 )
b1110001 /
b1110001 0
b1110 '
b1110 .
b1110 1
b1110 6
b1110001 :
1!
#1951000
b1000010 "
#1955000
0!
#1960000
b100 5
b10 4
b1110100 3
b111 -
b111 2
b111 9
b111 ;
b1110011 %
b1110011 +
b1110011 8
b1110000 :
b1 '
b1 .
b1 1
b1 6
b1110000 /
b1110000 0
b1000010 )
1!
#1961000
b1000011 "
#1965000
0!
#1970000
b100000 5
b1010011 3
b101 4
b1110010 %
b1110010 +
b1110010 8
b10 -
b10 2
b10 9
b10 ;
b1000011 )
b1110011 /
b1110011 0
b100 '
b100 .
b100 1
b100 6
b1110011 :
1!
#1971000
b1000100 "
#1975000
0!
#1980000
b10000 5
b100 4
b1100010 3
b1 -
b1 2
b1 9
b1 ;
b1110101 %
b1110101 +
b1110101 8
b1110010 :
b11 '
b11 .
b11 1
b11 6
b1110010 /
b1110010 0
b1000100 )
1!
#1981000
b1000101 "
#1985000
0!
#1990000
b1 5
b1110100 3
b0 4
b1110100 %
b1110100 +
b1110100 8
b11 -
b11 2
b11 9
b11 ;
b1000101 )
b1110101 /
b1110101 0
b10 '
b10 .
b10 1
b10 6
b1110101 :
1!
#1991000
b1000110 "
#1995000
0!
#2000000
1,
b1110100 3
b0 -
b0 2
b0 9
b0 ;
b1110111 %
b1110111 +
b1110111 8
b1110100 :
b100 '
b100 .
b100 1
b100 6
b1110100 /
b1110100 0
b1000110 )
1!
#2001000
b1000111 "
#2005000
0!
#2010000
b1000 5
0,
b11 4
b1110110 %
b1110110 +
b1110110 8
b1111111 3
b101 -
b101 2
b101 9
b101 ;
b1000111 )
b1110111 /
b1110111 0
0&
07
b1110111 :
1!
#2011000
b1001000 "
#2015000
0!
#2020000
b10 5
b1 4
b1110100 3
b110 -
b110 2
b110 9
b110 ;
b1111001 %
b1111001 +
b1111001 8
b1110110 :
1&
17
b1111 '
b1111 .
b1111 1
b1111 6
b1110110 /
b1110110 0
b1001000 )
1!
#2021000
b1001001 "
#2025000
0!
#2030000
b10000 5
b1101001 3
b100 4
b1111000 %
b1111000 +
b1111000 8
b1 -
b1 2
b1 9
b1 ;
b1001001 )
b1111001 /
b1111001 0
b100 '
b100 .
b100 1
b100 6
b1111001 :
1!
#2031000
b1001010 "
#2035000
0!
#2040000
b100000 5
b101 4
b1011000 3
b10 -
b10 2
b10 9
b10 ;
b1111011 %
b1111011 +
b1111011 8
b1111000 :
b1001 '
b1001 .
b1001 1
b1001 6
b1111000 /
b1111000 0
b1001010 )
1!
#2041000
b1001011 "
#2045000
0!
#2050000
b100 5
b1111111 3
b10 4
b1111010 %
b1111010 +
b1111010 8
b111 -
b111 2
b111 9
b111 ;
b1001011 )
b1111011 /
b1111011 0
b1000 '
b1000 .
b1000 1
b1000 6
b1111011 :
1!
#2051000
b1001100 "
#2055000
0!
#2060000
b1000000 5
b110 4
b111010 3
b100 -
b100 2
b100 9
b100 ;
b1111101 %
b1111101 +
b1111101 8
b1111010 :
b1111 '
b1111 .
b1111 1
b1111 6
b1111010 /
b1111010 0
b1001100 )
1!
#2061000
b1001101 "
#2065000
0!
#2070000
b10 5
b1111111 3
b1 4
b1111100 %
b1111100 +
b1111100 8
b110 -
b110 2
b110 9
b110 ;
b1001101 )
b1111101 /
b1111101 0
b1010 '
b1010 .
b1010 1
b1010 6
b1111101 :
1!
#2071000
b1001110 "
#2075000
0!
#2080000
b1000 5
b11 4
b1110100 3
b101 -
b101 2
b101 9
b101 ;
b1111111 %
b1111111 +
b1111111 8
b1111100 :
b1111 '
b1111 .
b1111 1
b1111 6
b1111100 /
b1111100 0
b1001110 )
1!
#2081000
b1001111 "
#2085000
0!
#2090000
b1 5
b1111111 3
1,
b0 4
b1111110 %
b1111110 +
b1111110 8
b0 -
b0 2
b0 9
b0 ;
b1001111 )
b1111111 /
b1111111 0
b100 '
b100 .
b100 1
b100 6
b1111111 :
1!
#2091000
b1010000 "
#2095000
0!
#2100000
0,
b11 -
b11 2
b11 9
b11 ;
b1111111 3
b1100001 %
b1100001 +
b1100001 8
b1111110 :
0&
07
b1111 '
b1111 .
b1111 1
b1111 6
b1111110 /
b1111110 0
b1010000 )
1!
#2101000
b1010001 "
#2105000
0!
#2110000
b1000 5
b1101001 3
b11 4
b1100000 %
b1100000 +
b1100000 8
b101 -
b101 2
b101 9
b101 ;
b1010001 )
b1100001 /
b1100001 0
1&
17
b1100001 :
1!
#2111000
b1010010 "
#2115000
0!
#2120000
b10 5
b1 4
b1100010 3
b110 -
b110 2
b110 9
b110 ;
b1100011 %
b1100011 +
b1100011 8
b1100000 :
b1001 '
b1001 .
b1001 1
b1001 6
b1100000 /
b1100000 0
b1010010 )
1!
#2121000
b1010011 "
#2125000
0!
#2130000
b1 5
b1100010 3
b0 4
b1100010 %
b1100010 +
b1100010 8
b11 -
b11 2
b11 9
b11 ;
b1010011 )
b1100011 /
b1100011 0
b10 '
b10 .
b10 1
b10 6
b1100011 :
1!
#2131000
b1010100 "
#2135000
0!
#2140000
1,
b1100010 3
b0 -
b0 2
b0 9
b0 ;
b1100101 %
b1100101 +
b1100101 8
b1100010 :
b1100010 /
b1100010 0
b1010100 )
1!
#2141000
b1010101 "
#2145000
0!
#2150000
b100000 5
0,
b101 4
b1100100 %
b1100100 +
b1100100 8
b1000101 3
b10 -
b10 2
b10 9
b10 ;
b1010101 )
b1100101 /
b1100101 0
0&
07
b1100101 :
1!
#2151000
b1010110 "
#2155000
0!
#2160000
b10000 5
b100 4
b1110100 3
b1 -
b1 2
b1 9
b1 ;
b1100111 %
b1100111 +
b1100111 8
b1100100 :
1&
17
b101 '
b101 .
b101 1
b101 6
b1100100 /
b1100100 0
b1010110 )
1!
#2161000
b1010111 "
#2165000
0!
#2170000
b1000000 5
b100111 3
b110 4
b1100110 %
b1100110 +
b1100110 8
b100 -
b100 2
b100 9
b100 ;
b1010111 )
b1100111 /
b1100111 0
b100 '
b100 .
b100 1
b100 6
b1100111 :
1!
#2171000
b1011000 "
#2175000
0!
#2180000
b100 5
b10 4
b1100010 3
b111 -
b111 2
b111 9
b111 ;
b1101001 %
b1101001 +
b1101001 8
b1100110 :
b111 '
b111 .
b111 1
b111 6
b1100110 /
b1100110 0
b1011000 )
1!
#2181000
b1011001 "
#2185000
0!
#2190000
b1 5
b1101001 3
1,
b0 4
b1101000 %
b1101000 +
b1101000 8
b0 -
b0 2
b0 9
b0 ;
b1011001 )
b1101001 /
b1101001 0
b10 '
b10 .
b10 1
b10 6
b1101001 :
1!
#2191000
b1011010 "
#2195000
0!
#2200000
0,
b11 -
b11 2
b11 9
b11 ;
b1101001 3
b1101011 %
b1101011 +
b1101011 8
b1101000 :
0&
07
b1001 '
b1001 .
b1001 1
b1001 6
b1101000 /
b1101000 0
b1011010 )
1!
#2201000
b1011011 "
#2205000
0!
#2210000
b10 5
b1101001 3
b1 4
b1101010 %
b1101010 +
b1101010 8
b110 -
b110 2
b110 9
b110 ;
b1011011 )
b1101011 /
b1101011 0
1&
17
b1101011 :
1!
#2211000
b1011100 "
#2215000
0!
#2220000
b1000 5
b11 4
b1100010 3
b101 -
b101 2
b101 9
b101 ;
b1101101 %
b1101101 +
b1101101 8
b1101010 :
b1101010 /
b1101010 0
b1011100 )
1!
#2221000
b1011101 "
#2225000
0!
#2230000
b100 5
b1101001 3
b10 4
b1101100 %
b1101100 +
b1101100 8
b111 -
b111 2
b111 9
b111 ;
b1011101 )
b1101101 /
b1101101 0
b10 '
b10 .
b10 1
b10 6
b1101101 :
1!
#2231000
b1011110 "
#2235000
0!
#2240000
b1000000 5
b110 4
b101100 3
b100 -
b100 2
b100 9
b100 ;
b1101111 %
b1101111 +
b1101111 8
b1101100 :
b1001 '
b1001 .
b1001 1
b1001 6
b1101100 /
b1101100 0
b1011110 )
1!
#2241000
b1011111 "
#2245000
0!
#2250000
b10000 5
b1111111 3
b100 4
b1101110 %
b1101110 +
b1101110 8
b1 -
b1 2
b1 9
b1 ;
b1011111 )
b1101111 /
b1101111 0
b1100 '
b1100 .
b1100 1
b1100 6
b1101111 :
1!
#2251000
b1100000 "
#2255000
0!
#2260000
b100000 5
b101 4
b1001110 3
b10 -
b10 2
b10 9
b10 ;
b1010001 %
b1010001 +
b1010001 8
b1101110 :
b1111 '
b1111 .
b1111 1
b1111 6
b1101110 /
b1101110 0
b1100000 )
1!
#2261000
b1100001 "
#2265000
0!
#2270000
b10 5
b1010011 3
b1 4
b1010000 %
b1010000 +
b1010000 8
b110 -
b110 2
b110 9
b110 ;
b1100001 )
b1010001 /
b1010001 0
b1110 '
b1110 .
b1110 1
b1110 6
b1010001 :
1!
#2271000
b1100010 "
#2275000
0!
#2280000
b1000 5
b11 4
b1011000 3
b101 -
b101 2
b101 9
b101 ;
b1010011 %
b1010011 +
b1010011 8
b1010000 :
b11 '
b11 .
b11 1
b11 6
b1010000 /
b1010000 0
b1100010 )
1!
#2281000
b1100011 "
#2285000
0!
#2290000
b1 5
b1010011 3
1,
b0 4
b1010010 %
b1010010 +
b1010010 8
b0 -
b0 2
b0 9
b0 ;
b1100011 )
b1010011 /
b1010011 0
b1000 '
b1000 .
b1000 1
b1000 6
b1010011 :
1!
#2291000
b1100100 "
#2295000
0!
#2300000
0,
b11 -
b11 2
b11 9
b11 ;
b1010011 3
b1010101 %
b1010101 +
b1010101 8
b1010010 :
0&
07
b11 '
b11 .
b11 1
b11 6
b1010010 /
b1010010 0
b1100100 )
1!
#2301000
b1100101 "
#2305000
0!
#2310000
b10000 5
b1000101 3
b100 4
b1010100 %
b1010100 +
b1010100 8
b1 -
b1 2
b1 9
b1 ;
b1100101 )
b1010101 /
b1010101 0
1&
17
b1010101 :
1!
#2311000
b1100110 "
#2315000
0!
#2320000
b100000 5
b101 4
b1110100 3
b10 -
b10 2
b10 9
b10 ;
b1010111 %
b1010111 +
b1010111 8
b1010100 :
b101 '
b101 .
b101 1
b101 6
b1010100 /
b1010100 0
b1100110 )
1!
#2321000
b1100111 "
#2325000
0!
#2330000
b100 5
b1010011 3
b10 4
b1010110 %
b1010110 +
b1010110 8
b111 -
b111 2
b111 9
b111 ;
b1100111 )
b1010111 /
b1010111 0
b100 '
b100 .
b100 1
b100 6
b1010111 :
1!
#2331000
b1101000 "
#2335000
0!
#2340000
b1000000 5
b110 4
b10110 3
b100 -
b100 2
b100 9
b100 ;
b1011001 %
b1011001 +
b1011001 8
b1010110 :
b11 '
b11 .
b11 1
b11 6
b1010110 /
b1010110 0
b1101000 )
1!
#2341000
b1101001 "
#2345000
0!
#2350000
b1 5
b1011000 3
b0 4
b1011000 %
b1011000 +
b1011000 8
b11 -
b11 2
b11 9
b11 ;
b1101001 )
b1011001 /
b1011001 0
b110 '
b110 .
b110 1
b110 6
b1011001 :
1!
#2351000
b1101010 "
#2355000
0!
#2360000
1,
b1011000 3
b0 -
b0 2
b0 9
b0 ;
b1011011 %
b1011011 +
b1011011 8
b1011000 :
b1000 '
b1000 .
b1000 1
b1000 6
b1011000 /
b1011000 0
b1101010 )
1!
#2361000
b1101011 "
#2365000
0!
#2370000
b1000 5
0,
b11 4
b1011010 %
b1011010 +
b1011010 8
b1010011 3
b101 -
b101 2
b101 9
b101 ;
b1101011 )
b1011011 /
b1011011 0
0&
07
b1011011 :
1!
#2371000
b1101100 "
#2375000
0!
#2380000
b10 5
b1 4
b1011000 3
b110 -
b110 2
b110 9
b110 ;
b1011101 %
b1011101 +
b1011101 8
b1011010 :
1&
17
b11 '
b11 .
b11 1
b11 6
b1011010 /
b1011010 0
b1101100 )
1!
#2381000
b1101101 "
#2385000
0!
#2390000
b1000000 5
b11101 3
b110 4
b1011100 %
b1011100 +
b1011100 8
b100 -
b100 2
b100 9
b100 ;
b1101101 )
b1011101 /
b1011101 0
b1000 '
b1000 .
b1000 1
b1000 6
b1011101 :
1!
#2391000
b1101110 "
#2395000
0!
#2400000
b100 5
b10 4
b1011000 3
b111 -
b111 2
b111 9
b111 ;
b1011111 %
b1011111 +
b1011111 8
b1011100 :
b1101 '
b1101 .
b1101 1
b1101 6
b1011100 /
b1011100 0
b1101110 )
1!
#2401000
b1101111 "
#2405000
0!
#2410000
b100000 5
b1111111 3
b101 4
b1011110 %
b1011110 +
b1011110 8
b10 -
b10 2
b10 9
b10 ;
b1101111 )
b1011111 /
b1011111 0
b1000 '
b1000 .
b1000 1
b1000 6
b1011111 :
1!
#2411000
b1110000 "
#2415000
0!
#2420000
b10000 5
b100 4
b1001110 3
b1 -
b1 2
b1 9
b1 ;
b1000001 %
b1000001 +
b1000001 8
b1011110 :
b1111 '
b1111 .
b1111 1
b1111 6
b1011110 /
b1011110 0
b1110000 )
1!
#2421000
b1110001 "
#2425000
0!
#2430000
b100 5
b1000101 3
b10 4
b1000000 %
b1000000 +
b1000000 8
b111 -
b111 2
b111 9
b111 ;
b1110001 )
b1000001 /
b1000001 0
b1110 '
b1110 .
b1110 1
b1110 6
b1000001 :
1!
#2431000
b1110010 "
#2435000
0!
#2440000
b1000000 5
b110 4
b0 3
b100 -
b100 2
b100 9
b100 ;
b1000011 %
b1000011 +
b1000011 8
b1000000 :
b101 '
b101 .
b101 1
b101 6
b1000000 /
b1000000 0
b1110010 )
1!
#2441000
b1110011 "
#2445000
0!
#2450000
b10000 5
b1010011 3
b100 4
b1000010 %
b1000010 +
b1000010 8
b1 -
b1 2
b1 9
b1 ;
b1110011 )
b1000011 /
b1000011 0
b0 '
b0 .
b0 1
b0 6
b1000011 :
1!
#2451000
b1110100 "
#2455000
0!
#2460000
b100000 5
b101 4
b1100010 3
b10 -
b10 2
b10 9
b10 ;
b1000101 %
b1000101 +
b1000101 8
b1000010 :
b11 '
b11 .
b11 1
b11 6
b1000010 /
b1000010 0
b1110100 )
1!
#2461000
b1110101 "
#2465000
0!
#2470000
b1 5
b1000101 3
1,
b0 4
b1000100 %
b1000100 +
b1000100 8
b0 -
b0 2
b0 9
b0 ;
b1110101 )
b1000101 /
b1000101 0
b10 '
b10 .
b10 1
b10 6
b1000101 :
1!
#2471000
b1110110 "
#2475000
0!
#2480000
0,
b11 -
b11 2
b11 9
b11 ;
b1000101 3
b1000111 %
b1000111 +
b1000111 8
b1000100 :
0&
07
b101 '
b101 .
b101 1
b101 6
b1000100 /
b1000100 0
b1110110 )
1!
#2481000
b1110111 "
#2485000
0!
#2490000
b10 5
b1000101 3
b1 4
b1000110 %
b1000110 +
b1000110 8
b110 -
b110 2
b110 9
b110 ;
b1110111 )
b1000111 /
b1000111 0
1&
17
b1000111 :
1!
#2491000
b1111000 "
#2495000
0!
#2500000
b1000 5
b11 4
b1001110 3
b101 -
b101 2
b101 9
b101 ;
b1001001 %
b1001001 +
b1001001 8
b1000110 :
b1000110 /
b1000110 0
b1111000 )
1!
#2501000
b1111001 "
#2505000
0!
#2510000
b100000 5
b1101001 3
b101 4
b1001000 %
b1001000 +
b1001000 8
b10 -
b10 2
b10 9
b10 ;
b1111001 )
b1001001 /
b1001001 0
b1110 '
b1110 .
b1110 1
b1110 6
b1001001 :
1!
#2511000
b1111010 "
#2515000
0!
#2520000
b10000 5
b100 4
b1011000 3
b1 -
b1 2
b1 9
b1 ;
b1001011 %
b1001011 +
b1001011 8
b1001000 :
b1001 '
b1001 .
b1001 1
b1001 6
b1001000 /
b1001000 0
b1111010 )
1!
#2521000
b1111011 "
#2525000
0!
#2530000
b1000000 5
b1011 3
b110 4
b1001010 %
b1001010 +
b1001010 8
b100 -
b100 2
b100 9
b100 ;
b1111011 )
b1001011 /
b1001011 0
b1000 '
b1000 .
b1000 1
b1000 6
b1001011 :
1!
#2531000
b1111100 "
#2535000
0!
#2540000
b100 5
b10 4
b1001110 3
b111 -
b111 2
b111 9
b111 ;
b1001101 %
b1001101 +
b1001101 8
b1001010 :
b1011 '
b1011 .
b1011 1
b1011 6
b1001010 /
b1001010 0
b1111100 )
1!
#2541000
b1111101 "
#2545000
0!
#2550000
b1000 5
b1000101 3
b11 4
b1001100 %
b1001100 +
b1001100 8
b101 -
b101 2
b101 9
b101 ;
b1111101 )
b1001101 /
b1001101 0
b1110 '
b1110 .
b1110 1
b1110 6
b1001101 :
1!
#2551000
b1111110 "
#2555000
0!
#2560000
b10 5
b1 4
b1001110 3
b110 -
b110 2
b110 9
b110 ;
b1001111 %
b1001111 +
b1001111 8
b1001100 :
b101 '
b101 .
b101 1
b101 6
b1001100 /
b1001100 0
b1111110 )
1!
#2561000
b1111111 "
#2565000
0!
#2570000
b1 5
b1001110 3
b0 4
b1001110 %
b1001110 +
b1001110 8
b11 -
b11 2
b11 9
b11 ;
b1111111 )
b1001111 /
b1001111 0
b1110 '
b1110 .
b1110 1
b1110 6
b1001111 :
1!
#2571000
b0 "
b10 #
#2575000
0!
#2580000
b110 >
1,
b1001110 3
b0 -
b0 2
b0 9
b0 ;
b1100010 %
b1100010 +
b1100010 8
b1100010 (
b1100010 =
b1100010 ?
b1001110 :
b1001110 /
b1001110 0
b0 )
b10 *
b10 <
1!
#2581000
b1 "
#2585000
0!
#2590000
b1100011 %
b1100011 +
b1100011 8
b1100010 3
b1 )
b1100010 /
b1100010 0
0&
07
b1100010 :
1!
#2591000
b10 "
#2595000
0!
#2600000
0,
b11 -
b11 2
b11 9
b11 ;
b1100010 3
b1100000 %
b1100000 +
b1100000 8
b1100011 :
b10 '
b10 .
b10 1
b10 6
b1100011 /
b1100011 0
b10 )
1!
#2601000
b11 "
#2605000
0!
#2610000
b10 5
b1100010 3
b1 4
b1100001 %
b1100001 +
b1100001 8
b110 -
b110 2
b110 9
b110 ;
b11 )
b1100000 /
b1100000 0
1&
17
b1100000 :
1!
#2611000
b100 "
#2615000
0!
#2620000
b1000 5
b11 4
b1101001 3
b101 -
b101 2
b101 9
b101 ;
b1100110 %
b1100110 +
b1100110 8
b1100001 :
b1100001 /
b1100001 0
b100 )
1!
#2621000
b101 "
#2625000
0!
#2630000
b100 5
b1100010 3
b10 4
b1100111 %
b1100111 +
b1100111 8
b111 -
b111 2
b111 9
b111 ;
b101 )
b1100110 /
b1100110 0
b1001 '
b1001 .
b1001 1
b1001 6
b1100110 :
1!
#2631000
b110 "
#2635000
0!
#2640000
b1000000 5
b110 4
b100111 3
b100 -
b100 2
b100 9
b100 ;
b1100100 %
b1100100 +
b1100100 8
b1100111 :
b10 '
b10 .
b10 1
b10 6
b1100111 /
b1100111 0
b110 )
1!
#2641000
b111 "
#2645000
0!
#2650000
b10000 5
b1110100 3
b100 4
b1100101 %
b1100101 +
b1100101 8
b1 -
b1 2
b1 9
b1 ;
b111 )
b1100100 /
b1100100 0
b111 '
b111 .
b111 1
b111 6
b1100100 :
1!
#2651000
b1000 "
#2655000
0!
#2660000
b100000 5
b101 4
b1000101 3
b10 -
b10 2
b10 9
b10 ;
b1101010 %
b1101010 +
b1101010 8
b1100101 :
b100 '
b100 .
b100 1
b100 6
b1100101 /
b1100101 0
b1000 )
1!
#2661000
b1001 "
#2665000
0!
#2670000
b1000 5
b1100010 3
b11 4
b1101011 %
b1101011 +
b1101011 8
b101 -
b101 2
b101 9
b101 ;
b1001 )
b1101010 /
b1101010 0
b101 '
b101 .
b101 1
b101 6
b1101010 :
1!
#2671000
b1010 "
#2675000
0!
#2680000
b10 5
b1 4
b1101001 3
b110 -
b110 2
b110 9
b110 ;
b1101000 %
b1101000 +
b1101000 8
b1101011 :
b10 '
b10 .
b10 1
b10 6
b1101011 /
b1101011 0
b1010 )
1!
#2681000
b1011 "
#2685000
0!
#2690000
b1 5
b1101001 3
b0 4
b1101001 %
b1101001 +
b1101001 8
b11 -
b11 2
b11 9
b11 ;
b1011 )
b1101000 /
b1101000 0
b1001 '
b1001 .
b1001 1
b1001 6
b1101000 :
1!
#2691000
b1100 "
#2695000
0!
#2700000
1,
b1101001 3
b0 -
b0 2
b0 9
b0 ;
b1101110 %
b1101110 +
b1101110 8
b1101001 :
b1101001 /
b1101001 0
b1100 )
1!
#2701000
b1101 "
#2705000
0!
#2710000
b100000 5
0,
b101 4
b1101111 %
b1101111 +
b1101111 8
b1001110 3
b10 -
b10 2
b10 9
b10 ;
b1101 )
b1101110 /
b1101110 0
0&
07
b1101110 :
1!
#2711000
b1110 "
#2715000
0!
#2720000
b10000 5
b100 4
b1111111 3
b1 -
b1 2
b1 9
b1 ;
b1101100 %
b1101100 +
b1101100 8
b1101111 :
1&
17
b1110 '
b1110 .
b1110 1
b1110 6
b1101111 /
b1101111 0
b1110 )
1!
#2721000
b1111 "
#2725000
0!
#2730000
b1000000 5
b101100 3
b110 4
b1101101 %
b1101101 +
b1101101 8
b100 -
b100 2
b100 9
b100 ;
b1111 )
b1101100 /
b1101100 0
b1111 '
b1111 .
b1111 1
b1111 6
b1101100 :
1!
#2731000
b10000 "
#2735000
0!
#2740000
b100 5
b10 4
b1101001 3
b111 -
b111 2
b111 9
b111 ;
b1110010 %
b1110010 +
b1110010 8
b1101101 :
b1100 '
b1100 .
b1100 1
b1100 6
b1101101 /
b1101101 0
b10000 )
1!
#2741000
b10001 "
#2745000
0!
#2750000
b10000 5
b1100010 3
b100 4
b1110011 %
b1110011 +
b1110011 8
b1 -
b1 2
b1 9
b1 ;
b10001 )
b1110010 /
b1110010 0
b1001 '
b1001 .
b1001 1
b1001 6
b1110010 :
1!
#2751000
b10010 "
#2755000
0!
#2760000
b100000 5
b101 4
b1010011 3
b10 -
b10 2
b10 9
b10 ;
b1110000 %
b1110000 +
b1110000 8
b1110011 :
b10 '
b10 .
b10 1
b10 6
b1110011 /
b1110011 0
b10010 )
1!
#2761000
b10011 "
#2765000
0!
#2770000
b100 5
b1110100 3
b10 4
b1110001 %
b1110001 +
b1110001 8
b111 -
b111 2
b111 9
b111 ;
b10011 )
b1110000 /
b1110000 0
b11 '
b11 .
b11 1
b11 6
b1110000 :
1!
#2771000
b10100 "
#2775000
0!
#2780000
b1000000 5
b110 4
b110001 3
b100 -
b100 2
b100 9
b100 ;
b1110110 %
b1110110 +
b1110110 8
b1110001 :
b100 '
b100 .
b100 1
b100 6
b1110001 /
b1110001 0
b10100 )
1!
#2781000
b10101 "
#2785000
0!
#2790000
b10 5
b1110100 3
b1 4
b1110111 %
b1110111 +
b1110111 8
b110 -
b110 2
b110 9
b110 ;
b10101 )
b1110110 /
b1110110 0
b1 '
b1 .
b1 1
b1 6
b1110110 :
1!
#2791000
b10110 "
#2795000
0!
#2800000
b1000 5
b11 4
b1111111 3
b101 -
b101 2
b101 9
b101 ;
b1110100 %
b1110100 +
b1110100 8
b1110111 :
b100 '
b100 .
b100 1
b100 6
b1110111 /
b1110111 0
b10110 )
1!
#2801000
b10111 "
#2805000
0!
#2810000
b1 5
b1110100 3
1,
b0 4
b1110101 %
b1110101 +
b1110101 8
b0 -
b0 2
b0 9
b0 ;
b10111 )
b1110100 /
b1110100 0
b1111 '
b1111 .
b1111 1
b1111 6
b1110100 :
1!
#2811000
b11000 "
#2815000
0!
#2820000
0,
b11 -
b11 2
b11 9
b11 ;
b1110100 3
b1111010 %
b1111010 +
b1111010 8
b1110101 :
0&
07
b100 '
b100 .
b100 1
b100 6
b1110101 /
b1110101 0
b11000 )
1!
#2821000
b11001 "
#2825000
0!
#2830000
b1000000 5
b111010 3
b110 4
b1111011 %
b1111011 +
b1111011 8
b100 -
b100 2
b100 9
b100 ;
b11001 )
b1111010 /
b1111010 0
1&
17
b1111010 :
1!
#2831000
b11010 "
#2835000
0!
#2840000
b100 5
b10 4
b1111111 3
b111 -
b111 2
b111 9
b111 ;
b1111000 %
b1111000 +
b1111000 8
b1111011 :
b1010 '
b1010 .
b1010 1
b1010 6
b1111011 /
b1111011 0
b11010 )
1!
#2841000
b11011 "
#2845000
0!
#2850000
b100000 5
b1011000 3
b101 4
b1111001 %
b1111001 +
b1111001 8
b10 -
b10 2
b10 9
b10 ;
b11011 )
b1111000 /
b1111000 0
b1111 '
b1111 .
b1111 1
b1111 6
b1111000 :
1!
#2851000
b11100 "
#2855000
0!
#2860000
b10000 5
b100 4
b1101001 3
b1 -
b1 2
b1 9
b1 ;
b1111110 %
b1111110 +
b1111110 8
b1111001 :
b1000 '
b1000 .
b1000 1
b1000 6
b1111001 /
b1111001 0
b11100 )
1!
#2861000
b11101 "
#2865000
0!
#2870000
b1 5
b1111111 3
b0 4
b1111111 %
b1111111 +
b1111111 8
b11 -
b11 2
b11 9
b11 ;
b11101 )
b1111110 /
b1111110 0
b1001 '
b1001 .
b1001 1
b1001 6
b1111110 :
1!
#2871000
b11110 "
#2875000
0!
#2880000
1,
b1111111 3
b0 -
b0 2
b0 9
b0 ;
b1111100 %
b1111100 +
b1111100 8
b1111111 :
b1111 '
b1111 .
b1111 1
b1111 6
b1111111 /
b1111111 0
b11110 )
1!
#2881000
b11111 "
#2885000
0!
#2890000
b1000 5
0,
b11 4
b1111101 %
b1111101 +
b1111101 8
b1110100 3
b101 -
b101 2
b101 9
b101 ;
b11111 )
b1111100 /
b1111100 0
0&
07
b1111100 :
1!
#2891000
b100000 "
#2895000
0!
#2900000
b10 5
b1 4
b1111111 3
b110 -
b110 2
b110 9
b110 ;
b1000010 %
b1000010 +
b1000010 8
b1111101 :
1&
17
b100 '
b100 .
b100 1
b100 6
b1111101 /
b1111101 0
b100000 )
1!
#2901000
b100001 "
#2905000
0!
#2910000
b100000 5
b1100010 3
b101 4
b1000011 %
b1000011 +
b1000011 8
b10 -
b10 2
b10 9
b10 ;
b100001 )
b1000010 /
b1000010 0
b1111 '
b1111 .
b1111 1
b1111 6
b1000010 :
1!
#2911000
b100010 "
#2915000
0!
#2920000
b10000 5
b100 4
b1010011 3
b1 -
b1 2
b1 9
b1 ;
b1000000 %
b1000000 +
b1000000 8
b1000011 :
b10 '
b10 .
b10 1
b10 6
b1000011 /
b1000011 0
b100010 )
1!
#2921000
b100011 "
#2925000
0!
#2930000
b1000000 5
b0 3
b110 4
b1000001 %
b1000001 +
b1000001 8
b100 -
b100 2
b100 9
b100 ;
b100011 )
b1000000 /
b1000000 0
b11 '
b11 .
b11 1
b11 6
b1000000 :
1!
#2931000
b100100 "
#2935000
0!
#2940000
b100 5
b10 4
b1000101 3
b111 -
b111 2
b111 9
b111 ;
b1000110 %
b1000110 +
b1000110 8
b1000001 :
b0 '
b0 .
b0 1
b0 6
b1000001 /
b1000001 0
b100100 )
1!
#2941000
b100101 "
#2945000
0!
#2950000
b1000 5
b1001110 3
b11 4
b1000111 %
b1000111 +
b1000111 8
b101 -
b101 2
b101 9
b101 ;
b100101 )
b1000110 /
b1000110 0
b101 '
b101 .
b101 1
b101 6
b1000110 :
1!
#2951000
b100110 "
#2955000
0!
#2960000
b10 5
b1 4
b1000101 3
b110 -
b110 2
b110 9
b110 ;
b1000100 %
b1000100 +
b1000100 8
b1000111 :
b1110 '
b1110 .
b1110 1
b1110 6
b1000111 /
b1000111 0
b100110 )
1!
#2961000
b100111 "
#2965000
0!
#2970000
b1 5
b1000101 3
b0 4
b1000101 %
b1000101 +
b1000101 8
b11 -
b11 2
b11 9
b11 ;
b100111 )
b1000100 /
b1000100 0
b101 '
b101 .
b101 1
b101 6
b1000100 :
1!
#2971000
b101000 "
#2975000
0!
#2980000
1,
b1000101 3
b0 -
b0 2
b0 9
b0 ;
b1001010 %
b1001010 +
b1001010 8
b1000101 :
b1000101 /
b1000101 0
b101000 )
1!
#2981000
b101001 "
#2985000
0!
#2990000
b100 5
0,
b10 4
b1001011 %
b1001011 +
b1001011 8
b1001110 3
b111 -
b111 2
b111 9
b111 ;
b101001 )
b1001010 /
b1001010 0
0&
07
b1001010 :
1!
#2991000
b101010 "
#2995000
0!
#3000000
b1000000 5
b110 4
b1011 3
b100 -
b100 2
b100 9
b100 ;
b1001000 %
b1001000 +
b1001000 8
b1001011 :
1&
17
b1110 '
b1110 .
b1110 1
b1110 6
b1001011 /
b1001011 0
b101010 )
1!
#3001000
b101011 "
#3005000
0!
#3010000
b10000 5
b1011000 3
b100 4
b1001001 %
b1001001 +
b1001001 8
b1 -
b1 2
b1 9
b1 ;
b101011 )
b1001000 /
b1001000 0
b1011 '
b1011 .
b1011 1
b1011 6
b1001000 :
1!
#3011000
b101100 "
#3015000
0!
#3020000
b100000 5
b101 4
b1101001 3
b10 -
b10 2
b10 9
b10 ;
b1001110 %
b1001110 +
b1001110 8
b1001001 :
b1000 '
b1000 .
b1000 1
b1000 6
b1001001 /
b1001001 0
b101100 )
1!
#3021000
b101101 "
#3025000
0!
#3030000
b1 5
b1001110 3
1,
b0 4
b1001111 %
b1001111 +
b1001111 8
b0 -
b0 2
b0 9
b0 ;
b101101 )
b1001110 /
b1001110 0
b1001 '
b1001 .
b1001 1
b1001 6
b1001110 :
1!
#3031000
b101110 "
#3035000
0!
#3040000
0,
b11 -
b11 2
b11 9
b11 ;
b1001110 3
b1001100 %
b1001100 +
b1001100 8
b1001111 :
0&
07
b1110 '
b1110 .
b1110 1
b1110 6
b1001111 /
b1001111 0
b101110 )
1!
#3041000
b101111 "
#3045000
0!
#3050000
b10 5
b1001110 3
b1 4
b1001101 %
b1001101 +
b1001101 8
b110 -
b110 2
b110 9
b110 ;
b101111 )
b1001100 /
b1001100 0
1&
17
b1001100 :
1!
#3051000
b110000 "
#3055000
0!
#3060000
b1000 5
b11 4
b1000101 3
b101 -
b101 2
b101 9
b101 ;
b1010010 %
b1010010 +
b1010010 8
b1001101 :
b1001101 /
b1001101 0
b110000 )
1!
#3061000
b110001 "
#3065000
0!
#3070000
b1 5
b1010011 3
b0 4
b1010011 %
b1010011 +
b1010011 8
b11 -
b11 2
b11 9
b11 ;
b110001 )
b1010010 /
b1010010 0
b101 '
b101 .
b101 1
b101 6
b1010010 :
1!
#3071000
b110010 "
#3075000
0!
#3080000
1,
b1010011 3
b0 -
b0 2
b0 9
b0 ;
b1010000 %
b1010000 +
b1010000 8
b1010011 :
b11 '
b11 .
b11 1
b11 6
b1010011 /
b1010011 0
b110010 )
1!
#3081000
b110011 "
#3085000
0!
#3090000
b1000 5
0,
b11 4
b1010001 %
b1010001 +
b1010001 8
b1011000 3
b101 -
b101 2
b101 9
b101 ;
b110011 )
b1010000 /
b1010000 0
0&
07
b1010000 :
1!
#3091000
b110100 "
#3095000
0!
#3100000
b10 5
b1 4
b1010011 3
b110 -
b110 2
b110 9
b110 ;
b1010110 %
b1010110 +
b1010110 8
b1010001 :
1&
17
b1000 '
b1000 .
b1000 1
b1000 6
b1010001 /
b1010001 0
b110100 )
1!
#3101000
b110101 "
#3105000
0!
#3110000
b1000000 5
b10110 3
b110 4
b1010111 %
b1010111 +
b1010111 8
b100 -
b100 2
b100 9
b100 ;
b110101 )
b1010110 /
b1010110 0
b11 '
b11 .
b11 1
b11 6
b1010110 :
1!
#3111000
b110110 "
#3115000
0!
#3120000
b100 5
b10 4
b1010011 3
b111 -
b111 2
b111 9
b111 ;
b1010100 %
b1010100 +
b1010100 8
b1010111 :
b110 '
b110 .
b110 1
b110 6
b1010111 /
b1010111 0
b110110 )
1!
#3121000
b110111 "
#3125000
0!
#3130000
b100000 5
b1110100 3
b101 4
b1010101 %
b1010101 +
b1010101 8
b10 -
b10 2
b10 9
b10 ;
b110111 )
b1010100 /
b1010100 0
b11 '
b11 .
b11 1
b11 6
b1010100 :
1!
#3131000
b111000 "
#3135000
0!
#3140000
b10000 5
b100 4
b1000101 3
b1 -
b1 2
b1 9
b1 ;
b1011010 %
b1011010 +
b1011010 8
b1010101 :
b100 '
b100 .
b100 1
b100 6
b1010101 /
b1010101 0
b111000 )
1!
#3141000
b111001 "
#3145000
0!
#3150000
b10 5
b1011000 3
b1 4
b1011011 %
b1011011 +
b1011011 8
b110 -
b110 2
b110 9
b110 ;
b111001 )
b1011010 /
b1011010 0
b101 '
b101 .
b101 1
b101 6
b1011010 :
1!
#3151000
b111010 "
#3155000
0!
#3160000
b1000 5
b11 4
b1010011 3
b101 -
b101 2
b101 9
b101 ;
b1011000 %
b1011000 +
b1011000 8
b1011011 :
b1000 '
b1000 .
b1000 1
b1000 6
b1011011 /
b1011011 0
b111010 )
1!
#3161000
b111011 "
#3165000
0!
#3170000
b1 5
b1011000 3
1,
b0 4
b1011001 %
b1011001 +
b1011001 8
b0 -
b0 2
b0 9
b0 ;
b111011 )
b1011000 /
b1011000 0
b11 '
b11 .
b11 1
b11 6
b1011000 :
1!
#3171000
b111100 "
#3175000
0!
#3180000
0,
b11 -
b11 2
b11 9
b11 ;
b1011000 3
b1011110 %
b1011110 +
b1011110 8
b1011001 :
0&
07
b1000 '
b1000 .
b1000 1
b1000 6
b1011001 /
b1011001 0
b111100 )
1!
#3181000
b111101 "
#3185000
0!
#3190000
b10000 5
b1001110 3
b100 4
b1011111 %
b1011111 +
b1011111 8
b1 -
b1 2
b1 9
b1 ;
b111101 )
b1011110 /
b1011110 0
1&
17
b1011110 :
1!
#3191000
b111110 "
#3195000
0!
#3200000
b100000 5
b101 4
b1111111 3
b10 -
b10 2
b10 9
b10 ;
b1011100 %
b1011100 +
b1011100 8
b1011111 :
b1110 '
b1110 .
b1110 1
b1110 6
b1011111 /
b1011111 0
b111110 )
1!
#3201000
b111111 "
#3205000
0!
#3210000
b100 5
b1011000 3
b10 4
b1011101 %
b1011101 +
b1011101 8
b111 -
b111 2
b111 9
b111 ;
b111111 )
b1011100 /
b1011100 0
b1111 '
b1111 .
b1111 1
b1111 6
b1011100 :
1!
#3211000
b1000000 "
#3215000
0!
#3220000
b1000000 5
b110 4
b11101 3
b100 -
b100 2
b100 9
b100 ;
b100010 %
b100010 +
b100010 8
b1011101 :
b1000 '
b1000 .
b1000 1
b1000 6
b1011101 /
b1011101 0
b1000000 )
1!
#3221000
b1000001 "
#3225000
0!
#3230000
b1100010 3
b100011 %
b100011 +
b100011 8
b1000001 )
b100010 /
b100010 0
b1101 '
b1101 .
b1101 1
b1101 6
b100010 :
1!
#3231000
b1000010 "
#3235000
0!
#3240000
b100 5
b10 4
b100111 3
b111 -
b111 2
b111 9
b111 ;
b100000 %
b100000 +
b100000 8
b100011 :
b10 '
b10 .
b10 1
b10 6
b100011 /
b100011 0
b1000010 )
1!
#3241000
b1000011 "
#3245000
0!
#3250000
b100000 5
b0 3
b101 4
b100001 %
b100001 +
b100001 8
b10 -
b10 2
b10 9
b10 ;
b1000011 )
b100000 /
b100000 0
b111 '
b111 .
b111 1
b111 6
b100000 :
1!
#3251000
b1000100 "
#3255000
0!
#3260000
b10000 5
b100 4
b110001 3
b1 -
b1 2
b1 9
b1 ;
b100110 %
b100110 +
b100110 8
b100001 :
b0 '
b0 .
b0 1
b0 6
b100001 /
b100001 0
b1000100 )
1!
#3261000
b1000101 "
#3265000
0!
#3270000
b1 5
b100111 3
b0 4
b100111 %
b100111 +
b100111 8
b11 -
b11 2
b11 9
b11 ;
b1000101 )
b100110 /
b100110 0
b1 '
b1 .
b1 1
b1 6
b100110 :
1!
#3271000
b1000110 "
#3275000
0!
#3280000
1,
b100111 3
b0 -
b0 2
b0 9
b0 ;
b100100 %
b100100 +
b100100 8
b100111 :
b111 '
b111 .
b111 1
b111 6
b100111 /
b100111 0
b1000110 )
1!
#3281000
b1000111 "
#3285000
0!
#3290000
b1000 5
0,
b11 4
b100101 %
b100101 +
b100101 8
b101100 3
b101 -
b101 2
b101 9
b101 ;
b1000111 )
b100100 /
b100100 0
0&
07
b100100 :
1!
#3291000
b1001000 "
#3295000
0!
#3300000
b10 5
b1 4
b100111 3
b110 -
b110 2
b110 9
b110 ;
b101010 %
b101010 +
b101010 8
b100101 :
1&
17
b1100 '
b1100 .
b1100 1
b1100 6
b100101 /
b100101 0
b1001000 )
1!
#3301000
b1001001 "
#3305000
0!
#3310000
b10000 5
b111010 3
b100 4
b101011 %
b101011 +
b101011 8
b1 -
b1 2
b1 9
b1 ;
b1001001 )
b101010 /
b101010 0
b111 '
b111 .
b111 1
b111 6
b101010 :
1!
#3311000
b1001010 "
#3315000
0!
#3320000
b100000 5
b101 4
b1011 3
b10 -
b10 2
b10 9
b10 ;
b101000 %
b101000 +
b101000 8
b101011 :
b1010 '
b1010 .
b1010 1
b1010 6
b101011 /
b101011 0
b1001010 )
1!
#3321000
b1001011 "
#3325000
0!
#3330000
b100 5
b101100 3
b10 4
b101001 %
b101001 +
b101001 8
b111 -
b111 2
b111 9
b111 ;
b1001011 )
b101000 /
b101000 0
b1011 '
b1011 .
b1011 1
b1011 6
b101000 :
1!
#3331000
b1001100 "
#3335000
0!
#3340000
b1000000 5
b110 4
b1101001 3
b100 -
b100 2
b100 9
b100 ;
b101110 %
b101110 +
b101110 8
b101001 :
b1100 '
b1100 .
b1100 1
b1100 6
b101001 /
b101001 0
b1001100 )
1!
#3341000
b1001101 "
#3345000
0!
#3350000
b10 5
b101100 3
b1 4
b101111 %
b101111 +
b101111 8
b110 -
b110 2
b110 9
b110 ;
b1001101 )
b101110 /
b101110 0
b1001 '
b1001 .
b1001 1
b1001 6
b101110 :
1!
#3351000
b1001110 "
#3355000
0!
#3360000
b1000 5
b11 4
b100111 3
b101 -
b101 2
b101 9
b101 ;
b101100 %
b101100 +
b101100 8
b101111 :
b1100 '
b1100 .
b1100 1
b1100 6
b101111 /
b101111 0
b1001110 )
1!
#3361000
b1001111 "
#3365000
0!
#3370000
b1 5
b101100 3
1,
b0 4
b101101 %
b101101 +
b101101 8
b0 -
b0 2
b0 9
b0 ;
b1001111 )
b101100 /
b101100 0
b111 '
b111 .
b111 1
b111 6
b101100 :
1!
#3371000
b1010000 "
#3375000
0!
#3380000
0,
b11 -
b11 2
b11 9
b11 ;
b101100 3
b110010 %
b110010 +
b110010 8
b101101 :
0&
07
b1100 '
b1100 .
b1100 1
b1100 6
b101101 /
b101101 0
b1010000 )
1!
#3381000
b1010001 "
#3385000
0!
#3390000
b1000 5
b111010 3
b11 4
b110011 %
b110011 +
b110011 8
b101 -
b101 2
b101 9
b101 ;
b1010001 )
b110010 /
b110010 0
1&
17
b110010 :
1!
#3391000
b1010010 "
#3395000
0!
#3400000
b10 5
b1 4
b110001 3
b110 -
b110 2
b110 9
b110 ;
b110000 %
b110000 +
b110000 8
b110011 :
b1010 '
b1010 .
b1010 1
b1010 6
b110011 /
b110011 0
b1010010 )
1!
#3401000
b1010011 "
#3405000
0!
#3410000
b1 5
b110001 3
b0 4
b110001 %
b110001 +
b110001 8
b11 -
b11 2
b11 9
b11 ;
b1010011 )
b110000 /
b110000 0
b1 '
b1 .
b1 1
b1 6
b110000 :
1!
#3411000
b1010100 "
#3415000
0!
#3420000
1,
b110001 3
b0 -
b0 2
b0 9
b0 ;
b110110 %
b110110 +
b110110 8
b110001 :
b110001 /
b110001 0
b1010100 )
1!
#3421000
b1010101 "
#3425000
0!
#3430000
b100000 5
0,
b101 4
b110111 %
b110111 +
b110111 8
b10110 3
b10 -
b10 2
b10 9
b10 ;
b1010101 )
b110110 /
b110110 0
0&
07
b110110 :
1!
#3431000
b1010110 "
#3435000
0!
#3440000
b10000 5
b100 4
b100111 3
b1 -
b1 2
b1 9
b1 ;
b110100 %
b110100 +
b110100 8
b110111 :
1&
17
b110 '
b110 .
b110 1
b110 6
b110111 /
b110111 0
b1010110 )
1!
#3441000
b1010111 "
#3445000
0!
#3450000
b1000000 5
b1110100 3
b110 4
b110101 %
b110101 +
b110101 8
b100 -
b100 2
b100 9
b100 ;
b1010111 )
b110100 /
b110100 0
b111 '
b111 .
b111 1
b111 6
b110100 :
1!
#3451000
b1011000 "
#3455000
0!
#3460000
b100 5
b10 4
b110001 3
b111 -
b111 2
b111 9
b111 ;
b111010 %
b111010 +
b111010 8
b110101 :
b100 '
b100 .
b100 1
b100 6
b110101 /
b110101 0
b1011000 )
1!
#3461000
b1011001 "
#3465000
0!
#3470000
b1 5
b111010 3
1,
b0 4
b111011 %
b111011 +
b111011 8
b0 -
b0 2
b0 9
b0 ;
b1011001 )
b111010 /
b111010 0
b1 '
b1 .
b1 1
b1 6
b111010 :
1!
#3471000
b1011010 "
#3475000
0!
#3480000
0,
b11 -
b11 2
b11 9
b11 ;
b111010 3
b111000 %
b111000 +
b111000 8
b111011 :
0&
07
b1010 '
b1010 .
b1010 1
b1010 6
b111011 /
b111011 0
b1011010 )
1!
#3481000
b1011011 "
#3485000
0!
#3490000
b10 5
b111010 3
b1 4
b111001 %
b111001 +
b111001 8
b110 -
b110 2
b110 9
b110 ;
b1011011 )
b111000 /
b111000 0
1&
17
b111000 :
1!
#3491000
b1011100 "
#3495000
0!
#3500000
b1000 5
b11 4
b110001 3
b101 -
b101 2
b101 9
b101 ;
b111110 %
b111110 +
b111110 8
b111001 :
b111001 /
b111001 0
b1011100 )
1!
#3501000
b1011101 "
#3505000
0!
#3510000
b100 5
b111010 3
b10 4
b111111 %
b111111 +
b111111 8
b111 -
b111 2
b111 9
b111 ;
b1011101 )
b111110 /
b111110 0
b1 '
b1 .
b1 1
b1 6
b111110 :
1!
#3511000
b1011110 "
#3515000
0!
#3520000
b1000000 5
b110 4
b1111111 3
b100 -
b100 2
b100 9
b100 ;
b111100 %
b111100 +
b111100 8
b111111 :
b1010 '
b1010 .
b1010 1
b1010 6
b111111 /
b111111 0
b1011110 )
1!
#3521000
b1011111 "
#3525000
0!
#3530000
b10000 5
b101100 3
b100 4
b111101 %
b111101 +
b111101 8
b1 -
b1 2
b1 9
b1 ;
b1011111 )
b111100 /
b111100 0
b1111 '
b1111 .
b1111 1
b1111 6
b111100 :
1!
#3531000
b1100000 "
#3535000
0!
#3540000
b100000 5
b101 4
b11101 3
b10 -
b10 2
b10 9
b10 ;
b10 %
b10 +
b10 8
b111101 :
b1100 '
b1100 .
b1100 1
b1100 6
b111101 /
b111101 0
b1100000 )
1!
#3541000
b1100001 "
#3545000
0!
#3550000
b10 5
b0 3
b1 4
b11 %
b11 +
b11 8
b110 -
b110 2
b110 9
b110 ;
b1100001 )
b10 /
b10 0
b1101 '
b1101 .
b1101 1
b1101 6
b10 :
1!
#3551000
b1100010 "
#3555000
0!
#3560000
b1000 5
b11 4
b1011 3
b101 -
b101 2
b101 9
b101 ;
b0 %
b0 +
b0 8
b11 :
b0 '
b0 .
b0 1
b0 6
b11 /
b11 0
b1100010 )
1!
#3561000
b1100011 "
#3565000
0!
#3570000
b1 5
b0 3
1,
b0 4
b1 %
b1 +
b1 8
b0 -
b0 2
b0 9
b0 ;
b1100011 )
b0 /
b0 0
b1011 '
b1011 .
b1011 1
b1011 6
b0 :
1!
#3571000
b1100100 "
#3575000
0!
#3580000
0,
b11 -
b11 2
b11 9
b11 ;
b0 3
b110 %
b110 +
b110 8
b1 :
0&
07
b0 '
b0 .
b0 1
b0 6
b1 /
b1 0
b1100100 )
1!
#3581000
b1100101 "
#3585000
0!
#3590000
b10000 5
b10110 3
b100 4
b111 %
b111 +
b111 8
b1 -
b1 2
b1 9
b1 ;
b1100101 )
b110 /
b110 0
1&
17
b110 :
1!
#3591000
b1100110 "
#3595000
0!
#3600000
b100000 5
b101 4
b100111 3
b10 -
b10 2
b10 9
b10 ;
b100 %
b100 +
b100 8
b111 :
b110 '
b110 .
b110 1
b110 6
b111 /
b111 0
b1100110 )
1!
#3601000
b1100111 "
#3605000
0!
#3610000
b100 5
b0 3
b10 4
b101 %
b101 +
b101 8
b111 -
b111 2
b111 9
b111 ;
b1100111 )
b100 /
b100 0
b111 '
b111 .
b111 1
b111 6
b100 :
1!
#3611000
b1101000 "
#3615000
0!
#3620000
b1000000 5
b110 4
b1000101 3
b100 -
b100 2
b100 9
b100 ;
b1010 %
b1010 +
b1010 8
b101 :
b0 '
b0 .
b0 1
b0 6
b101 /
b101 0
b1101000 )
1!
#3621000
b1101001 "
#3625000
0!
#3630000
b1 5
b1011 3
b0 4
b1011 %
b1011 +
b1011 8
b11 -
b11 2
b11 9
b11 ;
b1101001 )
b1010 /
b1010 0
b101 '
b101 .
b101 1
b101 6
b1010 :
1!
#3631000
b1101010 "
#3635000
0!
#3640000
1,
b1011 3
b0 -
b0 2
b0 9
b0 ;
b1000 %
b1000 +
b1000 8
b1011 :
b1011 '
b1011 .
b1011 1
b1011 6
b1011 /
b1011 0
b1101010 )
1!
#3641000
b1101011 "
#3645000
0!
#3650000
b1000 5
0,
b11 4
b1001 %
b1001 +
b1001 8
b0 3
b101 -
b101 2
b101 9
b101 ;
b1101011 )
b1000 /
b1000 0
0&
07
b1000 :
1!
#3651000
b1101100 "
#3655000
0!
#3660000
b10 5
b1 4
b1011 3
b110 -
b110 2
b110 9
b110 ;
b1110 %
b1110 +
b1110 8
b1001 :
1&
17
b0 '
b0 .
b0 1
b0 6
b1001 /
b1001 0
b1101100 )
1!
#3661000
b1101101 "
#3665000
0!
#3670000
b1000000 5
b1001110 3
b110 4
b1111 %
b1111 +
b1111 8
b100 -
b100 2
b100 9
b100 ;
b1101101 )
b1110 /
b1110 0
b1011 '
b1011 .
b1011 1
b1011 6
b1110 :
1!
#3671000
b1101110 "
#3675000
0!
#3680000
b100 5
b10 4
b1011 3
b111 -
b111 2
b111 9
b111 ;
b1100 %
b1100 +
b1100 8
b1111 :
b1110 '
b1110 .
b1110 1
b1110 6
b1111 /
b1111 0
b1101110 )
1!
#3681000
b1101111 "
#3685000
0!
#3690000
b100000 5
b101100 3
b101 4
b1101 %
b1101 +
b1101 8
b10 -
b10 2
b10 9
b10 ;
b1101111 )
b1100 /
b1100 0
b1011 '
b1011 .
b1011 1
b1011 6
b1100 :
1!
#3691000
b1110000 "
#3695000
0!
#3700000
b10000 5
b100 4
b11101 3
b1 -
b1 2
b1 9
b1 ;
b10010 %
b10010 +
b10010 8
b1101 :
b1100 '
b1100 .
b1100 1
b1100 6
b1101 /
b1101 0
b1110000 )
1!
#3701000
b1110001 "
#3705000
0!
#3710000
b100 5
b10110 3
b10 4
b10011 %
b10011 +
b10011 8
b111 -
b111 2
b111 9
b111 ;
b1110001 )
b10010 /
b10010 0
b1101 '
b1101 .
b1101 1
b1101 6
b10010 :
1!
#3711000
b1110010 "
#3715000
0!
#3720000
b1000000 5
b110 4
b1010011 3
b100 -
b100 2
b100 9
b100 ;
b10000 %
b10000 +
b10000 8
b10011 :
b110 '
b110 .
b110 1
b110 6
b10011 /
b10011 0
b1110010 )
1!
#3721000
b1110011 "
#3725000
0!
#3730000
b10000 5
b0 3
b100 4
b10001 %
b10001 +
b10001 8
b1 -
b1 2
b1 9
b1 ;
b1110011 )
b10000 /
b10000 0
b11 '
b11 .
b11 1
b11 6
b10000 :
1!
#3731000
b1110100 "
#3735000
0!
#3740000
b100000 5
b101 4
b110001 3
b10 -
b10 2
b10 9
b10 ;
b10110 %
b10110 +
b10110 8
b10001 :
b0 '
b0 .
b0 1
b0 6
b10001 /
b10001 0
b1110100 )
1!
#3741000
b1110101 "
#3745000
0!
#3750000
b1 5
b10110 3
1,
b0 4
b10111 %
b10111 +
b10111 8
b0 -
b0 2
b0 9
b0 ;
b1110101 )
b10110 /
b10110 0
b1 '
b1 .
b1 1
b1 6
b10110 :
1!
#3751000
b1110110 "
#3755000
0!
#3760000
0,
b11 -
b11 2
b11 9
b11 ;
b10110 3
b10100 %
b10100 +
b10100 8
b10111 :
0&
07
b110 '
b110 .
b110 1
b110 6
b10111 /
b10111 0
b1110110 )
1!
#3761000
b1110111 "
#3765000
0!
#3770000
b10 5
b10110 3
b1 4
b10101 %
b10101 +
b10101 8
b110 -
b110 2
b110 9
b110 ;
b1110111 )
b10100 /
b10100 0
1&
17
b10100 :
1!
#3771000
b1111000 "
#3775000
0!
#3780000
b1000 5
b11 4
b11101 3
b101 -
b101 2
b101 9
b101 ;
b11010 %
b11010 +
b11010 8
b10101 :
b10101 /
b10101 0
b1111000 )
1!
#3781000
b1111001 "
#3785000
0!
#3790000
b100000 5
b111010 3
b101 4
b11011 %
b11011 +
b11011 8
b10 -
b10 2
b10 9
b10 ;
b1111001 )
b11010 /
b11010 0
b1101 '
b1101 .
b1101 1
b1101 6
b11010 :
1!
#3791000
b1111010 "
#3795000
0!
#3800000
b10000 5
b100 4
b1011 3
b1 -
b1 2
b1 9
b1 ;
b11000 %
b11000 +
b11000 8
b11011 :
b1010 '
b1010 .
b1010 1
b1010 6
b11011 /
b11011 0
b1111010 )
1!
#3801000
b1111011 "
#3805000
0!
#3810000
b1000000 5
b1011000 3
b110 4
b11001 %
b11001 +
b11001 8
b100 -
b100 2
b100 9
b100 ;
b1111011 )
b11000 /
b11000 0
b1011 '
b1011 .
b1011 1
b1011 6
b11000 :
1!
#3811000
b1111100 "
#3815000
0!
#3820000
b100 5
b10 4
b11101 3
b111 -
b111 2
b111 9
b111 ;
b11110 %
b11110 +
b11110 8
b11001 :
b1000 '
b1000 .
b1000 1
b1000 6
b11001 /
b11001 0
b1111100 )
1!
#3821000
b1111101 "
#3825000
0!
#3830000
b1000 5
b10110 3
b11 4
b11111 %
b11111 +
b11111 8
b101 -
b101 2
b101 9
b101 ;
b1111101 )
b11110 /
b11110 0
b1101 '
b1101 .
b1101 1
b1101 6
b11110 :
1!
#3831000
b1111110 "
#3835000
0!
#3840000
b10 5
b1 4
b11101 3
b110 -
b110 2
b110 9
b110 ;
b11100 %
b11100 +
b11100 8
b11111 :
b110 '
b110 .
b110 1
b110 6
b11111 /
b11111 0
b1111110 )
1!
#3841000
b1111111 "
#3845000
0!
#3850000
b1 5
b11101 3
b0 4
b11101 %
b11101 +
b11101 8
b11 -
b11 2
b11 9
b11 ;
b1111111 )
b11100 /
b11100 0
b1101 '
b1101 .
b1101 1
b1101 6
b11100 :
1!
#3851000
b0 "
b11 #
#3855000
0!
#3860000
b101 >
1,
b11101 3
b0 -
b0 2
b0 9
b0 ;
b1010011 %
b1010011 +
b1010011 8
b1010011 (
b1010011 =
b1010011 ?
b11101 :
b11101 /
b11101 0
b0 )
b11 *
b11 <
1!
#3861000
b1 "
#3865000
0!
#3870000
b1010010 %
b1010010 +
b1010010 8
b1010011 3
b1 )
b1010011 /
b1010011 0
0&
07
b1010011 :
1!
#3871000
b10 "
#3875000
0!
#3880000
0,
b11 -
b11 2
b11 9
b11 ;
b1010011 3
b1010001 %
b1010001 +
b1010001 8
b1010010 :
b11 '
b11 .
b11 1
b11 6
b1010010 /
b1010010 0
b10 )
1!
#3881000
b11 "
#3885000
0!
#3890000
b10 5
b1010011 3
b1 4
b1010000 %
b1010000 +
b1010000 8
b110 -
b110 2
b110 9
b110 ;
b11 )
b1010001 /
b1010001 0
1&
17
b1010001 :
1!
#3891000
b100 "
#3895000
0!
#3900000
b1000 5
b11 4
b1011000 3
b101 -
b101 2
b101 9
b101 ;
b1010111 %
b1010111 +
b1010111 8
b1010000 :
b1010000 /
b1010000 0
b100 )
1!
#3901000
b101 "
#3905000
0!
#3910000
b100 5
b1010011 3
b10 4
b1010110 %
b1010110 +
b1010110 8
b111 -
b111 2
b111 9
b111 ;
b101 )
b1010111 /
b1010111 0
b1000 '
b1000 .
b1000 1
b1000 6
b1010111 :
1!
#3911000
b110 "
#3915000
0!
#3920000
b1000000 5
b110 4
b10110 3
b100 -
b100 2
b100 9
b100 ;
b1010101 %
b1010101 +
b1010101 8
b1010110 :
b11 '
b11 .
b11 1
b11 6
b1010110 /
b1010110 0
b110 )
1!
#3921000
b111 "
#3925000
0!
#3930000
b10000 5
b1000101 3
b100 4
b1010100 %
b1010100 +
b1010100 8
b1 -
b1 2
b1 9
b1 ;
b111 )
b1010101 /
b1010101 0
b110 '
b110 .
b110 1
b110 6
b1010101 :
1!
#3931000
b1000 "
#3935000
0!
#3940000
b100000 5
b101 4
b1110100 3
b10 -
b10 2
b10 9
b10 ;
b1011011 %
b1011011 +
b1011011 8
b1010100 :
b101 '
b101 .
b101 1
b101 6
b1010100 /
b1010100 0
b1000 )
1!
#3941000
b1001 "
#3945000
0!
#3950000
b1000 5
b1010011 3
b11 4
b1011010 %
b1011010 +
b1011010 8
b101 -
b101 2
b101 9
b101 ;
b1001 )
b1011011 /
b1011011 0
b100 '
b100 .
b100 1
b100 6
b1011011 :
1!
#3951000
b1010 "
#3955000
0!
#3960000
b10 5
b1 4
b1011000 3
b110 -
b110 2
b110 9
b110 ;
b1011001 %
b1011001 +
b1011001 8
b1011010 :
b11 '
b11 .
b11 1
b11 6
b1011010 /
b1011010 0
b1010 )
1!
#3961000
b1011 "
#3965000
0!
#3970000
b1 5
b1011000 3
b0 4
b1011000 %
b1011000 +
b1011000 8
b11 -
b11 2
b11 9
b11 ;
b1011 )
b1011001 /
b1011001 0
b1000 '
b1000 .
b1000 1
b1000 6
b1011001 :
1!
#3971000
b1100 "
#3975000
0!
#3980000
1,
b1011000 3
b0 -
b0 2
b0 9
b0 ;
b1011111 %
b1011111 +
b1011111 8
b1011000 :
b1011000 /
b1011000 0
b1100 )
1!
#3981000
b1101 "
#3985000
0!
#3990000
b100000 5
0,
b101 4
b1011110 %
b1011110 +
b1011110 8
b1111111 3
b10 -
b10 2
b10 9
b10 ;
b1101 )
b1011111 /
b1011111 0
0&
07
b1011111 :
1!
#3991000
b1110 "
#3995000
0!
#4000000
b10000 5
b100 4
b1001110 3
b1 -
b1 2
b1 9
b1 ;
b1011101 %
b1011101 +
b1011101 8
b1011110 :
1&
17
b1111 '
b1111 .
b1111 1
b1111 6
b1011110 /
b1011110 0
b1110 )
1!
#4001000
b1111 "
#4005000
0!
#4010000
b1000000 5
b11101 3
b110 4
b1011100 %
b1011100 +
b1011100 8
b100 -
b100 2
b100 9
b100 ;
b1111 )
b1011101 /
b1011101 0
b1110 '
b1110 .
b1110 1
b1110 6
b1011101 :
1!
#4011000
b10000 "
#4015000
0!
#4020000
b100 5
b10 4
b1011000 3
b111 -
b111 2
b111 9
b111 ;
b1000011 %
b1000011 +
b1000011 8
b1011100 :
b1101 '
b1101 .
b1101 1
b1101 6
b1011100 /
b1011100 0
b10000 )
1!
#4021000
b10001 "
#4025000
0!
#4030000
b10000 5
b1010011 3
b100 4
b1000010 %
b1000010 +
b1000010 8
b1 -
b1 2
b1 9
b1 ;
b10001 )
b1000011 /
b1000011 0
b1000 '
b1000 .
b1000 1
b1000 6
b1000011 :
1!
#4031000
b10010 "
#4035000
0!
#4040000
b100000 5
b101 4
b1100010 3
b10 -
b10 2
b10 9
b10 ;
b1000001 %
b1000001 +
b1000001 8
b1000010 :
b11 '
b11 .
b11 1
b11 6
b1000010 /
b1000010 0
b10010 )
1!
#4041000
b10011 "
#4045000
0!
#4050000
b100 5
b1000101 3
b10 4
b1000000 %
b1000000 +
b1000000 8
b111 -
b111 2
b111 9
b111 ;
b10011 )
b1000001 /
b1000001 0
b10 '
b10 .
b10 1
b10 6
b1000001 :
1!
#4051000
b10100 "
#4055000
0!
#4060000
b1000000 5
b110 4
b0 3
b100 -
b100 2
b100 9
b100 ;
b1000111 %
b1000111 +
b1000111 8
b1000000 :
b101 '
b101 .
b101 1
b101 6
b1000000 /
b1000000 0
b10100 )
1!
#4061000
b10101 "
#4065000
0!
#4070000
b10 5
b1000101 3
b1 4
b1000110 %
b1000110 +
b1000110 8
b110 -
b110 2
b110 9
b110 ;
b10101 )
b1000111 /
b1000111 0
b0 '
b0 .
b0 1
b0 6
b1000111 :
1!
#4071000
b10110 "
#4075000
0!
#4080000
b1000 5
b11 4
b1001110 3
b101 -
b101 2
b101 9
b101 ;
b1000101 %
b1000101 +
b1000101 8
b1000110 :
b101 '
b101 .
b101 1
b101 6
b1000110 /
b1000110 0
b10110 )
1!
#4081000
b10111 "
#4085000
0!
#4090000
b1 5
b1000101 3
1,
b0 4
b1000100 %
b1000100 +
b1000100 8
b0 -
b0 2
b0 9
b0 ;
b10111 )
b1000101 /
b1000101 0
b1110 '
b1110 .
b1110 1
b1110 6
b1000101 :
1!
#4091000
b11000 "
#4095000
0!
#4100000
0,
b11 -
b11 2
b11 9
b11 ;
b1000101 3
b1001011 %
b1001011 +
b1001011 8
b1000100 :
0&
07
b101 '
b101 .
b101 1
b101 6
b1000100 /
b1000100 0
b11000 )
1!
#4101000
b11001 "
#4105000
0!
#4110000
b1000000 5
b1011 3
b110 4
b1001010 %
b1001010 +
b1001010 8
b100 -
b100 2
b100 9
b100 ;
b11001 )
b1001011 /
b1001011 0
1&
17
b1001011 :
1!
#4111000
b11010 "
#4115000
0!
#4120000
b100 5
b10 4
b1001110 3
b111 -
b111 2
b111 9
b111 ;
b1001001 %
b1001001 +
b1001001 8
b1001010 :
b1011 '
b1011 .
b1011 1
b1011 6
b1001010 /
b1001010 0
b11010 )
1!
#4121000
b11011 "
#4125000
0!
#4130000
b100000 5
b1101001 3
b101 4
b1001000 %
b1001000 +
b1001000 8
b10 -
b10 2
b10 9
b10 ;
b11011 )
b1001001 /
b1001001 0
b1110 '
b1110 .
b1110 1
b1110 6
b1001001 :
1!
#4131000
b11100 "
#4135000
0!
#4140000
b10000 5
b100 4
b1011000 3
b1 -
b1 2
b1 9
b1 ;
b1001111 %
b1001111 +
b1001111 8
b1001000 :
b1001 '
b1001 .
b1001 1
b1001 6
b1001000 /
b1001000 0
b11100 )
1!
#4141000
b11101 "
#4145000
0!
#4150000
b1 5
b1001110 3
b0 4
b1001110 %
b1001110 +
b1001110 8
b11 -
b11 2
b11 9
b11 ;
b11101 )
b1001111 /
b1001111 0
b1000 '
b1000 .
b1000 1
b1000 6
b1001111 :
1!
#4151000
b11110 "
#4155000
0!
#4160000
1,
b1001110 3
b0 -
b0 2
b0 9
b0 ;
b1001101 %
b1001101 +
b1001101 8
b1001110 :
b1110 '
b1110 .
b1110 1
b1110 6
b1001110 /
b1001110 0
b11110 )
1!
#4161000
b11111 "
#4165000
0!
#4170000
b1000 5
0,
b11 4
b1001100 %
b1001100 +
b1001100 8
b1000101 3
b101 -
b101 2
b101 9
b101 ;
b11111 )
b1001101 /
b1001101 0
0&
07
b1001101 :
1!
#4171000
b100000 "
#4175000
0!
#4180000
b10 5
b1 4
b1001110 3
b110 -
b110 2
b110 9
b110 ;
b1110011 %
b1110011 +
b1110011 8
b1001100 :
1&
17
b101 '
b101 .
b101 1
b101 6
b1001100 /
b1001100 0
b100000 )
1!
#4181000
b100001 "
#4185000
0!
#4190000
b100000 5
b1010011 3
b101 4
b1110010 %
b1110010 +
b1110010 8
b10 -
b10 2
b10 9
b10 ;
b100001 )
b1110011 /
b1110011 0
b1110 '
b1110 .
b1110 1
b1110 6
b1110011 :
1!
#4191000
b100010 "
#4195000
0!
#4200000
b10000 5
b100 4
b1100010 3
b1 -
b1 2
b1 9
b1 ;
b1110001 %
b1110001 +
b1110001 8
b1110010 :
b11 '
b11 .
b11 1
b11 6
b1110010 /
b1110010 0
b100010 )
1!
#4201000
b100011 "
#4205000
0!
#4210000
b1000000 5
b110001 3
b110 4
b1110000 %
b1110000 +
b1110000 8
b100 -
b100 2
b100 9
b100 ;
b100011 )
b1110001 /
b1110001 0
b10 '
b10 .
b10 1
b10 6
b1110001 :
1!
#4211000
b100100 "
#4215000
0!
#4220000
b100 5
b10 4
b1110100 3
b111 -
b111 2
b111 9
b111 ;
b1110111 %
b1110111 +
b1110111 8
b1110000 :
b1 '
b1 .
b1 1
b1 6
b1110000 /
b1110000 0
b100100 )
1!
#4221000
b100101 "
#4225000
0!
#4230000
b1000 5
b1111111 3
b11 4
b1110110 %
b1110110 +
b1110110 8
b101 -
b101 2
b101 9
b101 ;
b100101 )
b1110111 /
b1110111 0
b100 '
b100 .
b100 1
b100 6
b1110111 :
1!
#4231000
b100110 "
#4235000
0!
#4240000
b10 5
b1 4
b1110100 3
b110 -
b110 2
b110 9
b110 ;
b1110101 %
b1110101 +
b1110101 8
b1110110 :
b1111 '
b1111 .
b1111 1
b1111 6
b1110110 /
b1110110 0
b100110 )
1!
#4241000
b100111 "
#4245000
0!
#4250000
b1 5
b1110100 3
b0 4
b1110100 %
b1110100 +
b1110100 8
b11 -
b11 2
b11 9
b11 ;
b100111 )
b1110101 /
b1110101 0
b100 '
b100 .
b100 1
b100 6
b1110101 :
1!
#4251000
b101000 "
#4255000
0!
#4260000
1,
b1110100 3
b0 -
b0 2
b0 9
b0 ;
b1111011 %
b1111011 +
b1111011 8
b1110100 :
b1110100 /
b1110100 0
b101000 )
1!
#4261000
b101001 "
#4265000
0!
#4270000
b100 5
0,
b10 4
b1111010 %
b1111010 +
b1111010 8
b1111111 3
b111 -
b111 2
b111 9
b111 ;
b101001 )
b1111011 /
b1111011 0
0&
07
b1111011 :
1!
#4271000
b101010 "
#4275000
0!
#4280000
b1000000 5
b110 4
b111010 3
b100 -
b100 2
b100 9
b100 ;
b1111001 %
b1111001 +
b1111001 8
b1111010 :
1&
17
b1111 '
b1111 .
b1111 1
b1111 6
b1111010 /
b1111010 0
b101010 )
1!
#4281000
b101011 "
#4285000
0!
#4290000
b10000 5
b1101001 3
b100 4
b1111000 %
b1111000 +
b1111000 8
b1 -
b1 2
b1 9
b1 ;
b101011 )
b1111001 /
b1111001 0
b1010 '
b1010 .
b1010 1
b1010 6
b1111001 :
1!
#4291000
b101100 "
#4295000
0!
#4300000
b100000 5
b101 4
b1011000 3
b10 -
b10 2
b10 9
b10 ;
b1111111 %
b1111111 +
b1111111 8
b1111000 :
b1001 '
b1001 .
b1001 1
b1001 6
b1111000 /
b1111000 0
b101100 )
1!
#4301000
b101101 "
#4305000
0!
#4310000
b1 5
b1111111 3
1,
b0 4
b1111110 %
b1111110 +
b1111110 8
b0 -
b0 2
b0 9
b0 ;
b101101 )
b1111111 /
b1111111 0
b1000 '
b1000 .
b1000 1
b1000 6
b1111111 :
1!
#4311000
b101110 "
#4315000
0!
#4320000
0,
b11 -
b11 2
b11 9
b11 ;
b1111111 3
b1111101 %
b1111101 +
b1111101 8
b1111110 :
0&
07
b1111 '
b1111 .
b1111 1
b1111 6
b1111110 /
b1111110 0
b101110 )
1!
#4321000
b101111 "
#4325000
0!
#4330000
b10 5
b1111111 3
b1 4
b1111100 %
b1111100 +
b1111100 8
b110 -
b110 2
b110 9
b110 ;
b101111 )
b1111101 /
b1111101 0
1&
17
b1111101 :
1!
#4331000
b110000 "
#4335000
0!
#4340000
b1000 5
b11 4
b1110100 3
b101 -
b101 2
b101 9
b101 ;
b1100011 %
b1100011 +
b1100011 8
b1111100 :
b1111100 /
b1111100 0
b110000 )
1!
#4341000
b110001 "
#4345000
0!
#4350000
b1 5
b1100010 3
b0 4
b1100010 %
b1100010 +
b1100010 8
b11 -
b11 2
b11 9
b11 ;
b110001 )
b1100011 /
b1100011 0
b100 '
b100 .
b100 1
b100 6
b1100011 :
1!
#4351000
b110010 "
#4355000
0!
#4360000
1,
b1100010 3
b0 -
b0 2
b0 9
b0 ;
b1100001 %
b1100001 +
b1100001 8
b1100010 :
b10 '
b10 .
b10 1
b10 6
b1100010 /
b1100010 0
b110010 )
1!
#4361000
b110011 "
#4365000
0!
#4370000
b1000 5
0,
b11 4
b1100000 %
b1100000 +
b1100000 8
b1101001 3
b101 -
b101 2
b101 9
b101 ;
b110011 )
b1100001 /
b1100001 0
0&
07
b1100001 :
1!
#4371000
b110100 "
#4375000
0!
#4380000
b10 5
b1 4
b1100010 3
b110 -
b110 2
b110 9
b110 ;
b1100111 %
b1100111 +
b1100111 8
b1100000 :
1&
17
b1001 '
b1001 .
b1001 1
b1001 6
b1100000 /
b1100000 0
b110100 )
1!
#4381000
b110101 "
#4385000
0!
#4390000
b1000000 5
b100111 3
b110 4
b1100110 %
b1100110 +
b1100110 8
b100 -
b100 2
b100 9
b100 ;
b110101 )
b1100111 /
b1100111 0
b10 '
b10 .
b10 1
b10 6
b1100111 :
1!
#4391000
b110110 "
#4395000
0!
#4400000
b100 5
b10 4
b1100010 3
b111 -
b111 2
b111 9
b111 ;
b1100101 %
b1100101 +
b1100101 8
b1100110 :
b111 '
b111 .
b111 1
b111 6
b1100110 /
b1100110 0
b110110 )
1!
#4401000
b110111 "
#4405000
0!
#4410000
b100000 5
b1000101 3
b101 4
b1100100 %
b1100100 +
b1100100 8
b10 -
b10 2
b10 9
b10 ;
b110111 )
b1100101 /
b1100101 0
b10 '
b10 .
b10 1
b10 6
b1100101 :
1!
#4411000
b111000 "
#4415000
0!
#4420000
b10000 5
b100 4
b1110100 3
b1 -
b1 2
b1 9
b1 ;
b1101011 %
b1101011 +
b1101011 8
b1100100 :
b101 '
b101 .
b101 1
b101 6
b1100100 /
b1100100 0
b111000 )
1!
#4421000
b111001 "
#4425000
0!
#4430000
b10 5
b1101001 3
b1 4
b1101010 %
b1101010 +
b1101010 8
b110 -
b110 2
b110 9
b110 ;
b111001 )
b1101011 /
b1101011 0
b100 '
b100 .
b100 1
b100 6
b1101011 :
1!
#4431000
b111010 "
#4435000
0!
#4440000
b1000 5
b11 4
b1100010 3
b101 -
b101 2
b101 9
b101 ;
b1101001 %
b1101001 +
b1101001 8
b1101010 :
b1001 '
b1001 .
b1001 1
b1001 6
b1101010 /
b1101010 0
b111010 )
1!
#4441000
b111011 "
#4445000
0!
#4450000
b1 5
b1101001 3
1,
b0 4
b1101000 %
b1101000 +
b1101000 8
b0 -
b0 2
b0 9
b0 ;
b111011 )
b1101001 /
b1101001 0
b10 '
b10 .
b10 1
b10 6
b1101001 :
1!
#4451000
b111100 "
#4455000
0!
#4460000
0,
b11 -
b11 2
b11 9
b11 ;
b1101001 3
b1101111 %
b1101111 +
b1101111 8
b1101000 :
0&
07
b1001 '
b1001 .
b1001 1
b1001 6
b1101000 /
b1101000 0
b111100 )
1!
#4461000
b111101 "
#4465000
0!
#4470000
b10000 5
b1111111 3
b100 4
b1101110 %
b1101110 +
b1101110 8
b1 -
b1 2
b1 9
b1 ;
b111101 )
b1101111 /
b1101111 0
1&
17
b1101111 :
1!
#4471000
b111110 "
#4475000
0!
#4480000
b100000 5
b101 4
b1001110 3
b10 -
b10 2
b10 9
b10 ;
b1101101 %
b1101101 +
b1101101 8
b1101110 :
b1111 '
b1111 .
b1111 1
b1111 6
b1101110 /
b1101110 0
b111110 )
1!
#4481000
b111111 "
#4485000
0!
#4490000
b100 5
b1101001 3
b10 4
b1101100 %
b1101100 +
b1101100 8
b111 -
b111 2
b111 9
b111 ;
b111111 )
b1101101 /
b1101101 0
b1110 '
b1110 .
b1110 1
b1110 6
b1101101 :
1!
#4491000
b1000000 "
#4495000
0!
#4500000
b1000000 5
b110 4
b101100 3
b100 -
b100 2
b100 9
b100 ;
b10011 %
b10011 +
b10011 8
b1101100 :
b1001 '
b1001 .
b1001 1
b1001 6
b1101100 /
b1101100 0
b1000000 )
1!
#4501000
b1000001 "
#4505000
0!
#4510000
b1010011 3
b10010 %
b10010 +
b10010 8
b1000001 )
b10011 /
b10011 0
b1100 '
b1100 .
b1100 1
b1100 6
b10011 :
1!
#4511000
b1000010 "
#4515000
0!
#4520000
b100 5
b10 4
b10110 3
b111 -
b111 2
b111 9
b111 ;
b10001 %
b10001 +
b10001 8
b10010 :
b11 '
b11 .
b11 1
b11 6
b10010 /
b10010 0
b1000010 )
1!
#4521000
b1000011 "
#4525000
0!
#4530000
b100000 5
b110001 3
b101 4
b10000 %
b10000 +
b10000 8
b10 -
b10 2
b10 9
b10 ;
b1000011 )
b10001 /
b10001 0
b110 '
b110 .
b110 1
b110 6
b10001 :
1!
#4531000
b1000100 "
#4535000
0!
#4540000
b10000 5
b100 4
b0 3
b1 -
b1 2
b1 9
b1 ;
b10111 %
b10111 +
b10111 8
b10000 :
b1 '
b1 .
b1 1
b1 6
b10000 /
b10000 0
b1000100 )
1!
#4541000
b1000101 "
#4545000
0!
#4550000
b1 5
b10110 3
b0 4
b10110 %
b10110 +
b10110 8
b11 -
b11 2
b11 9
b11 ;
b1000101 )
b10111 /
b10111 0
b0 '
b0 .
b0 1
b0 6
b10111 :
1!
#4551000
b1000110 "
#4555000
0!
#4560000
1,
b10110 3
b0 -
b0 2
b0 9
b0 ;
b10101 %
b10101 +
b10101 8
b10110 :
b110 '
b110 .
b110 1
b110 6
b10110 /
b10110 0
b1000110 )
1!
#4561000
b1000111 "
#4565000
0!
#4570000
b1000 5
0,
b11 4
b10100 %
b10100 +
b10100 8
b11101 3
b101 -
b101 2
b101 9
b101 ;
b1000111 )
b10101 /
b10101 0
0&
07
b10101 :
1!
#4571000
b1001000 "
#4575000
0!
#4580000
b10 5
b1 4
b10110 3
b110 -
b110 2
b110 9
b110 ;
b11011 %
b11011 +
b11011 8
b10100 :
1&
17
b1101 '
b1101 .
b1101 1
b1101 6
b10100 /
b10100 0
b1001000 )
1!
#4581000
b1001001 "
#4585000
0!
#4590000
b10000 5
b1011 3
b100 4
b11010 %
b11010 +
b11010 8
b1 -
b1 2
b1 9
b1 ;
b1001001 )
b11011 /
b11011 0
b110 '
b110 .
b110 1
b110 6
b11011 :
1!
#4591000
b1001010 "
#4595000
0!
#4600000
b100000 5
b101 4
b111010 3
b10 -
b10 2
b10 9
b10 ;
b11001 %
b11001 +
b11001 8
b11010 :
b1011 '
b1011 .
b1011 1
b1011 6
b11010 /
b11010 0
b1001010 )
1!
#4601000
b1001011 "
#4605000
0!
#4610000
b100 5
b11101 3
b10 4
b11000 %
b11000 +
b11000 8
b111 -
b111 2
b111 9
b111 ;
b1001011 )
b11001 /
b11001 0
b1010 '
b1010 .
b1010 1
b1010 6
b11001 :
1!
#4611000
b1001100 "
#4615000
0!
#4620000
b1000000 5
b110 4
b1011000 3
b100 -
b100 2
b100 9
b100 ;
b11111 %
b11111 +
b11111 8
b11000 :
b1101 '
b1101 .
b1101 1
b1101 6
b11000 /
b11000 0
b1001100 )
1!
#4621000
b1001101 "
#4625000
0!
#4630000
b10 5
b11101 3
b1 4
b11110 %
b11110 +
b11110 8
b110 -
b110 2
b110 9
b110 ;
b1001101 )
b11111 /
b11111 0
b1000 '
b1000 .
b1000 1
b1000 6
b11111 :
1!
#4631000
b1001110 "
#4635000
0!
#4640000
b1000 5
b11 4
b10110 3
b101 -
b101 2
b101 9
b101 ;
b11101 %
b11101 +
b11101 8
b11110 :
b1101 '
b1101 .
b1101 1
b1101 6
b11110 /
b11110 0
b1001110 )
1!
#4641000
b1001111 "
#4645000
0!
#4650000
b1 5
b11101 3
1,
b0 4
b11100 %
b11100 +
b11100 8
b0 -
b0 2
b0 9
b0 ;
b1001111 )
b11101 /
b11101 0
b110 '
b110 .
b110 1
b110 6
b11101 :
1!
#4651000
b1010000 "
#4655000
0!
#4660000
0,
b11 -
b11 2
b11 9
b11 ;
b11101 3
b11 %
b11 +
b11 8
b11100 :
0&
07
b1101 '
b1101 .
b1101 1
b1101 6
b11100 /
b11100 0
b1010000 )
1!
#4661000
b1010001 "
#4665000
0!
#4670000
b1000 5
b1011 3
b11 4
b10 %
b10 +
b10 8
b101 -
b101 2
b101 9
b101 ;
b1010001 )
b11 /
b11 0
1&
17
b11 :
1!
#4671000
b1010010 "
#4675000
0!
#4680000
b10 5
b1 4
b0 3
b110 -
b110 2
b110 9
b110 ;
b1 %
b1 +
b1 8
b10 :
b1011 '
b1011 .
b1011 1
b1011 6
b10 /
b10 0
b1010010 )
1!
#4681000
b1010011 "
#4685000
0!
#4690000
b1 5
b0 3
b0 4
b0 %
b0 +
b0 8
b11 -
b11 2
b11 9
b11 ;
b1010011 )
b1 /
b1 0
b0 '
b0 .
b0 1
b0 6
b1 :
1!
#4691000
b1010100 "
#4695000
0!
#4700000
1,
b0 3
b0 -
b0 2
b0 9
b0 ;
b111 %
b111 +
b111 8
b0 :
b0 /
b0 0
b1010100 )
1!
#4701000
b1010101 "
#4705000
0!
#4710000
b100000 5
0,
b101 4
b110 %
b110 +
b110 8
b100111 3
b10 -
b10 2
b10 9
b10 ;
b1010101 )
b111 /
b111 0
0&
07
b111 :
1!
#4711000
b1010110 "
#4715000
0!
#4720000
b10000 5
b100 4
b10110 3
b1 -
b1 2
b1 9
b1 ;
b101 %
b101 +
b101 8
b110 :
1&
17
b111 '
b111 .
b111 1
b111 6
b110 /
b110 0
b1010110 )
1!
#4721000
b1010111 "
#4725000
0!
#4730000
b1000000 5
b1000101 3
b110 4
b100 %
b100 +
b100 8
b100 -
b100 2
b100 9
b100 ;
b1010111 )
b101 /
b101 0
b110 '
b110 .
b110 1
b110 6
b101 :
1!
#4731000
b1011000 "
#4735000
0!
#4740000
b100 5
b10 4
b0 3
b111 -
b111 2
b111 9
b111 ;
b1011 %
b1011 +
b1011 8
b100 :
b101 '
b101 .
b101 1
b101 6
b100 /
b100 0
b1011000 )
1!
#4741000
b1011001 "
#4745000
0!
#4750000
b1 5
b1011 3
1,
b0 4
b1010 %
b1010 +
b1010 8
b0 -
b0 2
b0 9
b0 ;
b1011001 )
b1011 /
b1011 0
b0 '
b0 .
b0 1
b0 6
b1011 :
1!
#4751000
b1011010 "
#4755000
0!
#4760000
0,
b11 -
b11 2
b11 9
b11 ;
b1011 3
b1001 %
b1001 +
b1001 8
b1010 :
0&
07
b1011 '
b1011 .
b1011 1
b1011 6
b1010 /
b1010 0
b1011010 )
1!
#4761000
b1011011 "
#4765000
0!
#4770000
b10 5
b1011 3
b1 4
b1000 %
b1000 +
b1000 8
b110 -
b110 2
b110 9
b110 ;
b1011011 )
b1001 /
b1001 0
1&
17
b1001 :
1!
#4771000
b1011100 "
#4775000
0!
#4780000
b1000 5
b11 4
b0 3
b101 -
b101 2
b101 9
b101 ;
b1111 %
b1111 +
b1111 8
b1000 :
b1000 /
b1000 0
b1011100 )
1!
#4781000
b1011101 "
#4785000
0!
#4790000
b100 5
b1011 3
b10 4
b1110 %
b1110 +
b1110 8
b111 -
b111 2
b111 9
b111 ;
b1011101 )
b1111 /
b1111 0
b0 '
b0 .
b0 1
b0 6
b1111 :
1!
#4791000
b1011110 "
#4795000
0!
#4800000
b1000000 5
b110 4
b1001110 3
b100 -
b100 2
b100 9
b100 ;
b1101 %
b1101 +
b1101 8
b1110 :
b1011 '
b1011 .
b1011 1
b1011 6
b1110 /
b1110 0
b1011110 )
1!
#4801000
b1011111 "
#4805000
0!
#4810000
b10000 5
b11101 3
b100 4
b1100 %
b1100 +
b1100 8
b1 -
b1 2
b1 9
b1 ;
b1011111 )
b1101 /
b1101 0
b1110 '
b1110 .
b1110 1
b1110 6
b1101 :
1!
#4811000
b1100000 "
#4815000
0!
#4820000
b100000 5
b101 4
b101100 3
b10 -
b10 2
b10 9
b10 ;
b110011 %
b110011 +
b110011 8
b1100 :
b1101 '
b1101 .
b1101 1
b1101 6
b1100 /
b1100 0
b1100000 )
1!
#4821000
b1100001 "
#4825000
0!
#4830000
b10 5
b110001 3
b1 4
b110010 %
b110010 +
b110010 8
b110 -
b110 2
b110 9
b110 ;
b1100001 )
b110011 /
b110011 0
b1100 '
b1100 .
b1100 1
b1100 6
b110011 :
1!
#4831000
b1100010 "
#4835000
0!
#4840000
b1000 5
b11 4
b111010 3
b101 -
b101 2
b101 9
b101 ;
b110001 %
b110001 +
b110001 8
b110010 :
b1 '
b1 .
b1 1
b1 6
b110010 /
b110010 0
b1100010 )
1!
#4841000
b1100011 "
#4845000
0!
#4850000
b1 5
b110001 3
1,
b0 4
b110000 %
b110000 +
b110000 8
b0 -
b0 2
b0 9
b0 ;
b1100011 )
b110001 /
b110001 0
b1010 '
b1010 .
b1010 1
b1010 6
b110001 :
1!
#4851000
b1100100 "
#4855000
0!
#4860000
0,
b11 -
b11 2
b11 9
b11 ;
b110001 3
b110111 %
b110111 +
b110111 8
b110000 :
0&
07
b1 '
b1 .
b1 1
b1 6
b110000 /
b110000 0
b1100100 )
1!
#4861000
b1100101 "
#4865000
0!
#4870000
b10000 5
b100111 3
b100 4
b110110 %
b110110 +
b110110 8
b1 -
b1 2
b1 9
b1 ;
b1100101 )
b110111 /
b110111 0
1&
17
b110111 :
1!
#4871000
b1100110 "
#4875000
0!
#4880000
b100000 5
b101 4
b10110 3
b10 -
b10 2
b10 9
b10 ;
b110101 %
b110101 +
b110101 8
b110110 :
b111 '
b111 .
b111 1
b111 6
b110110 /
b110110 0
b1100110 )
1!
#4881000
b1100111 "
#4885000
0!
#4890000
b100 5
b110001 3
b10 4
b110100 %
b110100 +
b110100 8
b111 -
b111 2
b111 9
b111 ;
b1100111 )
b110101 /
b110101 0
b110 '
b110 .
b110 1
b110 6
b110101 :
1!
#4891000
b1101000 "
#4895000
0!
#4900000
b1000000 5
b110 4
b1110100 3
b100 -
b100 2
b100 9
b100 ;
b111011 %
b111011 +
b111011 8
b110100 :
b1 '
b1 .
b1 1
b1 6
b110100 /
b110100 0
b1101000 )
1!
#4901000
b1101001 "
#4905000
0!
#4910000
b1 5
b111010 3
b0 4
b111010 %
b111010 +
b111010 8
b11 -
b11 2
b11 9
b11 ;
b1101001 )
b111011 /
b111011 0
b100 '
b100 .
b100 1
b100 6
b111011 :
1!
#4911000
b1101010 "
#4915000
0!
#4920000
1,
b111010 3
b0 -
b0 2
b0 9
b0 ;
b111001 %
b111001 +
b111001 8
b111010 :
b1010 '
b1010 .
b1010 1
b1010 6
b111010 /
b111010 0
b1101010 )
1!
#4921000
b1101011 "
#4925000
0!
#4930000
b1000 5
0,
b11 4
b111000 %
b111000 +
b111000 8
b110001 3
b101 -
b101 2
b101 9
b101 ;
b1101011 )
b111001 /
b111001 0
0&
07
b111001 :
1!
#4931000
b1101100 "
#4935000
0!
#4940000
b10 5
b1 4
b111010 3
b110 -
b110 2
b110 9
b110 ;
b111111 %
b111111 +
b111111 8
b111000 :
1&
17
b1 '
b1 .
b1 1
b1 6
b111000 /
b111000 0
b1101100 )
1!
#4941000
b1101101 "
#4945000
0!
#4950000
b1000000 5
b1111111 3
b110 4
b111110 %
b111110 +
b111110 8
b100 -
b100 2
b100 9
b100 ;
b1101101 )
b111111 /
b111111 0
b1010 '
b1010 .
b1010 1
b1010 6
b111111 :
1!
#4951000
b1101110 "
#4955000
0!
#4960000
b100 5
b10 4
b111010 3
b111 -
b111 2
b111 9
b111 ;
b111101 %
b111101 +
b111101 8
b111110 :
b1111 '
b1111 .
b1111 1
b1111 6
b111110 /
b111110 0
b1101110 )
1!
#4961000
b1101111 "
#4965000
0!
#4970000
b100000 5
b11101 3
b101 4
b111100 %
b111100 +
b111100 8
b10 -
b10 2
b10 9
b10 ;
b1101111 )
b111101 /
b111101 0
b1010 '
b1010 .
b1010 1
b1010 6
b111101 :
1!
#4971000
b1110000 "
#4975000
0!
#4980000
b10000 5
b100 4
b101100 3
b1 -
b1 2
b1 9
b1 ;
b100011 %
b100011 +
b100011 8
b111100 :
b1101 '
b1101 .
b1101 1
b1101 6
b111100 /
b111100 0
b1110000 )
1!
#4981000
b1110001 "
#4985000
0!
#4990000
b100 5
b100111 3
b10 4
b100010 %
b100010 +
b100010 8
b111 -
b111 2
b111 9
b111 ;
b1110001 )
b100011 /
b100011 0
b1100 '
b1100 .
b1100 1
b1100 6
b100011 :
1!
#4991000
b1110010 "
#4995000
0!
#5000000
b1000000 5
b110 4
b1100010 3
b100 -
b100 2
b100 9
b100 ;
b100001 %
b100001 +
b100001 8
b100010 :
b111 '
b111 .
b111 1
b111 6
b100010 /
b100010 0
b1110010 )
1!
#5001000
b1110011 "
#5005000
0!
#5010000
b10000 5
b110001 3
b100 4
b100000 %
b100000 +
b100000 8
b1 -
b1 2
b1 9
b1 ;
b1110011 )
b100001 /
b100001 0
b10 '
b10 .
b10 1
b10 6
b100001 :
1!
#5011000
b1110100 "
#5015000
0!
#5020000
b100000 5
b101 4
b0 3
b10 -
b10 2
b10 9
b10 ;
b100111 %
b100111 +
b100111 8
b100000 :
b1 '
b1 .
b1 1
b1 6
b100000 /
b100000 0
b1110100 )
1!
#5021000
b1110101 "
#5025000
0!
#5030000
b1 5
b100111 3
1,
b0 4
b100110 %
b100110 +
b100110 8
b0 -
b0 2
b0 9
b0 ;
b1110101 )
b100111 /
b100111 0
b0 '
b0 .
b0 1
b0 6
b100111 :
1!
#5031000
b1110110 "
#5035000
0!
#5040000
0,
b11 -
b11 2
b11 9
b11 ;
b100111 3
b100101 %
b100101 +
b100101 8
b100110 :
0&
07
b111 '
b111 .
b111 1
b111 6
b100110 /
b100110 0
b1110110 )
1!
#5041000
b1110111 "
#5045000
0!
#5050000
b10 5
b100111 3
b1 4
b100100 %
b100100 +
b100100 8
b110 -
b110 2
b110 9
b110 ;
b1110111 )
b100101 /
b100101 0
1&
17
b100101 :
1!
#5051000
b1111000 "
#5055000
0!
#5060000
b1000 5
b11 4
b101100 3
b101 -
b101 2
b101 9
b101 ;
b101011 %
b101011 +
b101011 8
b100100 :
b100100 /
b100100 0
b1111000 )
1!
#5061000
b1111001 "
#5065000
0!
#5070000
b100000 5
b1011 3
b101 4
b101010 %
b101010 +
b101010 8
b10 -
b10 2
b10 9
b10 ;
b1111001 )
b101011 /
b101011 0
b1100 '
b1100 .
b1100 1
b1100 6
b101011 :
1!
#5071000
b1111010 "
#5075000
0!
#5080000
b10000 5
b100 4
b111010 3
b1 -
b1 2
b1 9
b1 ;
b101001 %
b101001 +
b101001 8
b101010 :
b1011 '
b1011 .
b1011 1
b1011 6
b101010 /
b101010 0
b1111010 )
1!
#5081000
b1111011 "
#5085000
0!
#5090000
b1000000 5
b1101001 3
b110 4
b101000 %
b101000 +
b101000 8
b100 -
b100 2
b100 9
b100 ;
b1111011 )
b101001 /
b101001 0
b1010 '
b1010 .
b1010 1
b1010 6
b101001 :
1!
#5091000
b1111100 "
#5095000
0!
#5100000
b100 5
b10 4
b101100 3
b111 -
b111 2
b111 9
b111 ;
b101111 %
b101111 +
b101111 8
b101000 :
b1001 '
b1001 .
b1001 1
b1001 6
b101000 /
b101000 0
b1111100 )
1!
#5101000
b1111101 "
#5105000
0!
#5110000
b1000 5
b100111 3
b11 4
b101110 %
b101110 +
b101110 8
b101 -
b101 2
b101 9
b101 ;
b1111101 )
b101111 /
b101111 0
b1100 '
b1100 .
b1100 1
b1100 6
b101111 :
1!
#5111000
b1111110 "
#5115000
0!
#5120000
b10 5
b1 4
b101100 3
b110 -
b110 2
b110 9
b110 ;
b101101 %
b101101 +
b101101 8
b101110 :
b111 '
b111 .
b111 1
b111 6
b101110 /
b101110 0
b1111110 )
1!
#5121000
b1111111 "
#5125000
0!
#5130000
b1 5
b101100 3
b0 4
b101100 %
b101100 +
b101100 8
b11 -
b11 2
b11 9
b11 ;
b1111111 )
b101101 /
b101101 0
b1100 '
b1100 .
b1100 1
b1100 6
b101101 :
1!
#5131000
b0 "
b100 #
#5135000
0!
#5140000
1,
b101100 3
b111 >
b0 -
b0 2
b0 9
b0 ;
b1110100 %
b1110100 +
b1110100 8
b1110100 (
b1110100 =
b1110100 ?
b101100 :
b101100 /
b101100 0
b0 )
b100 *
b100 <
1!
#5141000
b1 "
#5145000
0!
#5150000
b1110101 %
b1110101 +
b1110101 8
b1110100 3
b1 )
b1110100 /
b1110100 0
0&
07
b1110100 :
1!
#5151000
b10 "
#5155000
0!
#5160000
0,
b11 -
b11 2
b11 9
b11 ;
b1110100 3
b1110110 %
b1110110 +
b1110110 8
b1110101 :
b100 '
b100 .
b100 1
b100 6
b1110101 /
b1110101 0
b10 )
1!
#5161000
b11 "
#5165000
0!
#5170000
b10 5
b1110100 3
b1 4
b1110111 %
b1110111 +
b1110111 8
b110 -
b110 2
b110 9
b110 ;
b11 )
b1110110 /
b1110110 0
1&
17
b1110110 :
1!
#5171000
b100 "
#5175000
0!
#5180000
b1000 5
b11 4
b1111111 3
b101 -
b101 2
b101 9
b101 ;
b1110000 %
b1110000 +
b1110000 8
b1110111 :
b1110111 /
b1110111 0
b100 )
1!
#5181000
b101 "
#5185000
0!
#5190000
b100 5
b1110100 3
b10 4
b1110001 %
b1110001 +
b1110001 8
b111 -
b111 2
b111 9
b111 ;
b101 )
b1110000 /
b1110000 0
b1111 '
b1111 .
b1111 1
b1111 6
b1110000 :
1!
#5191000
b110 "
#5195000
0!
#5200000
b1000000 5
b110 4
b110001 3
b100 -
b100 2
b100 9
b100 ;
b1110010 %
b1110010 +
b1110010 8
b1110001 :
b100 '
b100 .
b100 1
b100 6
b1110001 /
b1110001 0
b110 )
1!
#5201000
b111 "
#5205000
0!
#5210000
b10000 5
b1100010 3
b100 4
b1110011 %
b1110011 +
b1110011 8
b1 -
b1 2
b1 9
b1 ;
b111 )
b1110010 /
b1110010 0
b1 '
b1 .
b1 1
b1 6
b1110010 :
1!
#5211000
b1000 "
#5215000
0!
#5220000
b100000 5
b101 4
b1010011 3
b10 -
b10 2
b10 9
b10 ;
b1111100 %
b1111100 +
b1111100 8
b1110011 :
b10 '
b10 .
b10 1
b10 6
b1110011 /
b1110011 0
b1000 )
1!
#5221000
b1001 "
#5225000
0!
#5230000
b1000 5
b1110100 3
b11 4
b1111101 %
b1111101 +
b1111101 8
b101 -
b101 2
b101 9
b101 ;
b1001 )
b1111100 /
b1111100 0
b11 '
b11 .
b11 1
b11 6
b1111100 :
1!
#5231000
b1010 "
#5235000
0!
#5240000
b10 5
b1 4
b1111111 3
b110 -
b110 2
b110 9
b110 ;
b1111110 %
b1111110 +
b1111110 8
b1111101 :
b100 '
b100 .
b100 1
b100 6
b1111101 /
b1111101 0
b1010 )
1!
#5241000
b1011 "
#5245000
0!
#5250000
b1 5
b1111111 3
b0 4
b1111111 %
b1111111 +
b1111111 8
b11 -
b11 2
b11 9
b11 ;
b1011 )
b1111110 /
b1111110 0
b1111 '
b1111 .
b1111 1
b1111 6
b1111110 :
1!
#5251000
b1100 "
#5255000
0!
#5260000
1,
b1111111 3
b0 -
b0 2
b0 9
b0 ;
b1111000 %
b1111000 +
b1111000 8
b1111111 :
b1111111 /
b1111111 0
b1100 )
1!
#5261000
b1101 "
#5265000
0!
#5270000
b100000 5
0,
b101 4
b1111001 %
b1111001 +
b1111001 8
b1011000 3
b10 -
b10 2
b10 9
b10 ;
b1101 )
b1111000 /
b1111000 0
0&
07
b1111000 :
1!
#5271000
b1110 "
#5275000
0!
#5280000
b10000 5
b100 4
b1101001 3
b1 -
b1 2
b1 9
b1 ;
b1111010 %
b1111010 +
b1111010 8
b1111001 :
1&
17
b1000 '
b1000 .
b1000 1
b1000 6
b1111001 /
b1111001 0
b1110 )
1!
#5281000
b1111 "
#5285000
0!
#5290000
b1000000 5
b111010 3
b110 4
b1111011 %
b1111011 +
b1111011 8
b100 -
b100 2
b100 9
b100 ;
b1111 )
b1111010 /
b1111010 0
b1001 '
b1001 .
b1001 1
b1001 6
b1111010 :
1!
#5291000
b10000 "
#5295000
0!
#5300000
b100 5
b10 4
b1111111 3
b111 -
b111 2
b111 9
b111 ;
b1100100 %
b1100100 +
b1100100 8
b1111011 :
b1010 '
b1010 .
b1010 1
b1010 6
b1111011 /
b1111011 0
b10000 )
1!
#5301000
b10001 "
#5305000
0!
#5310000
b10000 5
b1110100 3
b100 4
b1100101 %
b1100101 +
b1100101 8
b1 -
b1 2
b1 9
b1 ;
b10001 )
b1100100 /
b1100100 0
b1111 '
b1111 .
b1111 1
b1111 6
b1100100 :
1!
#5311000
b10010 "
#5315000
0!
#5320000
b100000 5
b101 4
b1000101 3
b10 -
b10 2
b10 9
b10 ;
b1100110 %
b1100110 +
b1100110 8
b1100101 :
b100 '
b100 .
b100 1
b100 6
b1100101 /
b1100101 0
b10010 )
1!
#5321000
b10011 "
#5325000
0!
#5330000
b100 5
b1100010 3
b10 4
b1100111 %
b1100111 +
b1100111 8
b111 -
b111 2
b111 9
b111 ;
b10011 )
b1100110 /
b1100110 0
b101 '
b101 .
b101 1
b101 6
b1100110 :
1!
#5331000
b10100 "
#5335000
0!
#5340000
b1000000 5
b110 4
b100111 3
b100 -
b100 2
b100 9
b100 ;
b1100000 %
b1100000 +
b1100000 8
b1100111 :
b10 '
b10 .
b10 1
b10 6
b1100111 /
b1100111 0
b10100 )
1!
#5341000
b10101 "
#5345000
0!
#5350000
b10 5
b1100010 3
b1 4
b1100001 %
b1100001 +
b1100001 8
b110 -
b110 2
b110 9
b110 ;
b10101 )
b1100000 /
b1100000 0
b111 '
b111 .
b111 1
b111 6
b1100000 :
1!
#5351000
b10110 "
#5355000
0!
#5360000
b1000 5
b11 4
b1101001 3
b101 -
b101 2
b101 9
b101 ;
b1100010 %
b1100010 +
b1100010 8
b1100001 :
b10 '
b10 .
b10 1
b10 6
b1100001 /
b1100001 0
b10110 )
1!
#5361000
b10111 "
#5365000
0!
#5370000
b1 5
b1100010 3
1,
b0 4
b1100011 %
b1100011 +
b1100011 8
b0 -
b0 2
b0 9
b0 ;
b10111 )
b1100010 /
b1100010 0
b1001 '
b1001 .
b1001 1
b1001 6
b1100010 :
1!
#5371000
b11000 "
#5375000
0!
#5380000
0,
b11 -
b11 2
b11 9
b11 ;
b1100010 3
b1101100 %
b1101100 +
b1101100 8
b1100011 :
0&
07
b10 '
b10 .
b10 1
b10 6
b1100011 /
b1100011 0
b11000 )
1!
#5381000
b11001 "
#5385000
0!
#5390000
b1000000 5
b101100 3
b110 4
b1101101 %
b1101101 +
b1101101 8
b100 -
b100 2
b100 9
b100 ;
b11001 )
b1101100 /
b1101100 0
1&
17
b1101100 :
1!
#5391000
b11010 "
#5395000
0!
#5400000
b100 5
b10 4
b1101001 3
b111 -
b111 2
b111 9
b111 ;
b1101110 %
b1101110 +
b1101110 8
b1101101 :
b1100 '
b1100 .
b1100 1
b1100 6
b1101101 /
b1101101 0
b11010 )
1!
#5401000
b11011 "
#5405000
0!
#5410000
b100000 5
b1001110 3
b101 4
b1101111 %
b1101111 +
b1101111 8
b10 -
b10 2
b10 9
b10 ;
b11011 )
b1101110 /
b1101110 0
b1001 '
b1001 .
b1001 1
b1001 6
b1101110 :
1!
#5411000
b11100 "
#5415000
0!
#5420000
b10000 5
b100 4
b1111111 3
b1 -
b1 2
b1 9
b1 ;
b1101000 %
b1101000 +
b1101000 8
b1101111 :
b1110 '
b1110 .
b1110 1
b1110 6
b1101111 /
b1101111 0
b11100 )
1!
#5421000
b11101 "
#5425000
0!
#5430000
b1 5
b1101001 3
b0 4
b1101001 %
b1101001 +
b1101001 8
b11 -
b11 2
b11 9
b11 ;
b11101 )
b1101000 /
b1101000 0
b1111 '
b1111 .
b1111 1
b1111 6
b1101000 :
1!
#5431000
b11110 "
#5435000
0!
#5440000
1,
b1101001 3
b0 -
b0 2
b0 9
b0 ;
b1101010 %
b1101010 +
b1101010 8
b1101001 :
b1001 '
b1001 .
b1001 1
b1001 6
b1101001 /
b1101001 0
b11110 )
1!
#5441000
b11111 "
#5445000
0!
#5450000
b1000 5
0,
b11 4
b1101011 %
b1101011 +
b1101011 8
b1100010 3
b101 -
b101 2
b101 9
b101 ;
b11111 )
b1101010 /
b1101010 0
0&
07
b1101010 :
1!
#5451000
b100000 "
#5455000
0!
#5460000
b10 5
b1 4
b1101001 3
b110 -
b110 2
b110 9
b110 ;
b1010100 %
b1010100 +
b1010100 8
b1101011 :
1&
17
b10 '
b10 .
b10 1
b10 6
b1101011 /
b1101011 0
b100000 )
1!
#5461000
b100001 "
#5465000
0!
#5470000
b100000 5
b1110100 3
b101 4
b1010101 %
b1010101 +
b1010101 8
b10 -
b10 2
b10 9
b10 ;
b100001 )
b1010100 /
b1010100 0
b1001 '
b1001 .
b1001 1
b1001 6
b1010100 :
1!
#5471000
b100010 "
#5475000
0!
#5480000
b10000 5
b100 4
b1000101 3
b1 -
b1 2
b1 9
b1 ;
b1010110 %
b1010110 +
b1010110 8
b1010101 :
b100 '
b100 .
b100 1
b100 6
b1010101 /
b1010101 0
b100010 )
1!
#5481000
b100011 "
#5485000
0!
#5490000
b1000000 5
b10110 3
b110 4
b1010111 %
b1010111 +
b1010111 8
b100 -
b100 2
b100 9
b100 ;
b100011 )
b1010110 /
b1010110 0
b101 '
b101 .
b101 1
b101 6
b1010110 :
1!
#5491000
b100100 "
#5495000
0!
#5500000
b100 5
b10 4
b1010011 3
b111 -
b111 2
b111 9
b111 ;
b1010000 %
b1010000 +
b1010000 8
b1010111 :
b110 '
b110 .
b110 1
b110 6
b1010111 /
b1010111 0
b100100 )
1!
#5501000
b100101 "
#5505000
0!
#5510000
b1000 5
b1011000 3
b11 4
b1010001 %
b1010001 +
b1010001 8
b101 -
b101 2
b101 9
b101 ;
b100101 )
b1010000 /
b1010000 0
b11 '
b11 .
b11 1
b11 6
b1010000 :
1!
#5511000
b100110 "
#5515000
0!
#5520000
b10 5
b1 4
b1010011 3
b110 -
b110 2
b110 9
b110 ;
b1010010 %
b1010010 +
b1010010 8
b1010001 :
b1000 '
b1000 .
b1000 1
b1000 6
b1010001 /
b1010001 0
b100110 )
1!
#5521000
b100111 "
#5525000
0!
#5530000
b1 5
b1010011 3
b0 4
b1010011 %
b1010011 +
b1010011 8
b11 -
b11 2
b11 9
b11 ;
b100111 )
b1010010 /
b1010010 0
b11 '
b11 .
b11 1
b11 6
b1010010 :
1!
#5531000
b101000 "
#5535000
0!
#5540000
1,
b1010011 3
b0 -
b0 2
b0 9
b0 ;
b1011100 %
b1011100 +
b1011100 8
b1010011 :
b1010011 /
b1010011 0
b101000 )
1!
#5541000
b101001 "
#5545000
0!
#5550000
b100 5
0,
b10 4
b1011101 %
b1011101 +
b1011101 8
b1011000 3
b111 -
b111 2
b111 9
b111 ;
b101001 )
b1011100 /
b1011100 0
0&
07
b1011100 :
1!
#5551000
b101010 "
#5555000
0!
#5560000
b1000000 5
b110 4
b11101 3
b100 -
b100 2
b100 9
b100 ;
b1011110 %
b1011110 +
b1011110 8
b1011101 :
1&
17
b1000 '
b1000 .
b1000 1
b1000 6
b1011101 /
b1011101 0
b101010 )
1!
#5561000
b101011 "
#5565000
0!
#5570000
b10000 5
b1001110 3
b100 4
b1011111 %
b1011111 +
b1011111 8
b1 -
b1 2
b1 9
b1 ;
b101011 )
b1011110 /
b1011110 0
b1101 '
b1101 .
b1101 1
b1101 6
b1011110 :
1!
#5571000
b101100 "
#5575000
0!
#5580000
b100000 5
b101 4
b1111111 3
b10 -
b10 2
b10 9
b10 ;
b1011000 %
b1011000 +
b1011000 8
b1011111 :
b1110 '
b1110 .
b1110 1
b1110 6
b1011111 /
b1011111 0
b101100 )
1!
#5581000
b101101 "
#5585000
0!
#5590000
b1 5
b1011000 3
1,
b0 4
b1011001 %
b1011001 +
b1011001 8
b0 -
b0 2
b0 9
b0 ;
b101101 )
b1011000 /
b1011000 0
b1111 '
b1111 .
b1111 1
b1111 6
b1011000 :
1!
#5591000
b101110 "
#5595000
0!
#5600000
0,
b11 -
b11 2
b11 9
b11 ;
b1011000 3
b1011010 %
b1011010 +
b1011010 8
b1011001 :
0&
07
b1000 '
b1000 .
b1000 1
b1000 6
b1011001 /
b1011001 0
b101110 )
1!
#5601000
b101111 "
#5605000
0!
#5610000
b10 5
b1011000 3
b1 4
b1011011 %
b1011011 +
b1011011 8
b110 -
b110 2
b110 9
b110 ;
b101111 )
b1011010 /
b1011010 0
1&
17
b1011010 :
1!
#5611000
b110000 "
#5615000
0!
#5620000
b1000 5
b11 4
b1010011 3
b101 -
b101 2
b101 9
b101 ;
b1000100 %
b1000100 +
b1000100 8
b1011011 :
b1011011 /
b1011011 0
b110000 )
1!
#5621000
b110001 "
#5625000
0!
#5630000
b1 5
b1000101 3
b0 4
b1000101 %
b1000101 +
b1000101 8
b11 -
b11 2
b11 9
b11 ;
b110001 )
b1000100 /
b1000100 0
b11 '
b11 .
b11 1
b11 6
b1000100 :
1!
#5631000
b110010 "
#5635000
0!
#5640000
1,
b1000101 3
b0 -
b0 2
b0 9
b0 ;
b1000110 %
b1000110 +
b1000110 8
b1000101 :
b101 '
b101 .
b101 1
b101 6
b1000101 /
b1000101 0
b110010 )
1!
#5641000
b110011 "
#5645000
0!
#5650000
b1000 5
0,
b11 4
b1000111 %
b1000111 +
b1000111 8
b1001110 3
b101 -
b101 2
b101 9
b101 ;
b110011 )
b1000110 /
b1000110 0
0&
07
b1000110 :
1!
#5651000
b110100 "
#5655000
0!
#5660000
b10 5
b1 4
b1000101 3
b110 -
b110 2
b110 9
b110 ;
b1000000 %
b1000000 +
b1000000 8
b1000111 :
1&
17
b1110 '
b1110 .
b1110 1
b1110 6
b1000111 /
b1000111 0
b110100 )
1!
#5661000
b110101 "
#5665000
0!
#5670000
b1000000 5
b0 3
b110 4
b1000001 %
b1000001 +
b1000001 8
b100 -
b100 2
b100 9
b100 ;
b110101 )
b1000000 /
b1000000 0
b101 '
b101 .
b101 1
b101 6
b1000000 :
1!
#5671000
b110110 "
#5675000
0!
#5680000
b100 5
b10 4
b1000101 3
b111 -
b111 2
b111 9
b111 ;
b1000010 %
b1000010 +
b1000010 8
b1000001 :
b0 '
b0 .
b0 1
b0 6
b1000001 /
b1000001 0
b110110 )
1!
#5681000
b110111 "
#5685000
0!
#5690000
b100000 5
b1100010 3
b101 4
b1000011 %
b1000011 +
b1000011 8
b10 -
b10 2
b10 9
b10 ;
b110111 )
b1000010 /
b1000010 0
b101 '
b101 .
b101 1
b101 6
b1000010 :
1!
#5691000
b111000 "
#5695000
0!
#5700000
b10000 5
b100 4
b1010011 3
b1 -
b1 2
b1 9
b1 ;
b1001100 %
b1001100 +
b1001100 8
b1000011 :
b10 '
b10 .
b10 1
b10 6
b1000011 /
b1000011 0
b111000 )
1!
#5701000
b111001 "
#5705000
0!
#5710000
b10 5
b1001110 3
b1 4
b1001101 %
b1001101 +
b1001101 8
b110 -
b110 2
b110 9
b110 ;
b111001 )
b1001100 /
b1001100 0
b11 '
b11 .
b11 1
b11 6
b1001100 :
1!
#5711000
b111010 "
#5715000
0!
#5720000
b1000 5
b11 4
b1000101 3
b101 -
b101 2
b101 9
b101 ;
b1001110 %
b1001110 +
b1001110 8
b1001101 :
b1110 '
b1110 .
b1110 1
b1110 6
b1001101 /
b1001101 0
b111010 )
1!
#5721000
b111011 "
#5725000
0!
#5730000
b1 5
b1001110 3
1,
b0 4
b1001111 %
b1001111 +
b1001111 8
b0 -
b0 2
b0 9
b0 ;
b111011 )
b1001110 /
b1001110 0
b101 '
b101 .
b101 1
b101 6
b1001110 :
1!
#5731000
b111100 "
#5735000
0!
#5740000
0,
b11 -
b11 2
b11 9
b11 ;
b1001110 3
b1001000 %
b1001000 +
b1001000 8
b1001111 :
0&
07
b1110 '
b1110 .
b1110 1
b1110 6
b1001111 /
b1001111 0
b111100 )
1!
#5741000
b111101 "
#5745000
0!
#5750000
b10000 5
b1011000 3
b100 4
b1001001 %
b1001001 +
b1001001 8
b1 -
b1 2
b1 9
b1 ;
b111101 )
b1001000 /
b1001000 0
1&
17
b1001000 :
1!
#5751000
b111110 "
#5755000
0!
#5760000
b100000 5
b101 4
b1101001 3
b10 -
b10 2
b10 9
b10 ;
b1001010 %
b1001010 +
b1001010 8
b1001001 :
b1000 '
b1000 .
b1000 1
b1000 6
b1001001 /
b1001001 0
b111110 )
1!
#5761000
b111111 "
#5765000
0!
#5770000
b100 5
b1001110 3
b10 4
b1001011 %
b1001011 +
b1001011 8
b111 -
b111 2
b111 9
b111 ;
b111111 )
b1001010 /
b1001010 0
b1001 '
b1001 .
b1001 1
b1001 6
b1001010 :
1!
#5771000
b1000000 "
#5775000
0!
#5780000
b1000000 5
b110 4
b1011 3
b100 -
b100 2
b100 9
b100 ;
b110100 %
b110100 +
b110100 8
b1001011 :
b1110 '
b1110 .
b1110 1
b1110 6
b1001011 /
b1001011 0
b1000000 )
1!
#5781000
b1000001 "
#5785000
0!
#5790000
b1110100 3
b110101 %
b110101 +
b110101 8
b1000001 )
b110100 /
b110100 0
b1011 '
b1011 .
b1011 1
b1011 6
b110100 :
1!
#5791000
b1000010 "
#5795000
0!
#5800000
b100 5
b10 4
b110001 3
b111 -
b111 2
b111 9
b111 ;
b110110 %
b110110 +
b110110 8
b110101 :
b100 '
b100 .
b100 1
b100 6
b110101 /
b110101 0
b1000010 )
1!
#5801000
b1000011 "
#5805000
0!
#5810000
b100000 5
b10110 3
b101 4
b110111 %
b110111 +
b110111 8
b10 -
b10 2
b10 9
b10 ;
b1000011 )
b110110 /
b110110 0
b1 '
b1 .
b1 1
b1 6
b110110 :
1!
#5811000
b1000100 "
#5815000
0!
#5820000
b10000 5
b100 4
b100111 3
b1 -
b1 2
b1 9
b1 ;
b110000 %
b110000 +
b110000 8
b110111 :
b110 '
b110 .
b110 1
b110 6
b110111 /
b110111 0
b1000100 )
1!
#5821000
b1000101 "
#5825000
0!
#5830000
b1 5
b110001 3
b0 4
b110001 %
b110001 +
b110001 8
b11 -
b11 2
b11 9
b11 ;
b1000101 )
b110000 /
b110000 0
b111 '
b111 .
b111 1
b111 6
b110000 :
1!
#5831000
b1000110 "
#5835000
0!
#5840000
1,
b110001 3
b0 -
b0 2
b0 9
b0 ;
b110010 %
b110010 +
b110010 8
b110001 :
b1 '
b1 .
b1 1
b1 6
b110001 /
b110001 0
b1000110 )
1!
#5841000
b1000111 "
#5845000
0!
#5850000
b1000 5
0,
b11 4
b110011 %
b110011 +
b110011 8
b111010 3
b101 -
b101 2
b101 9
b101 ;
b1000111 )
b110010 /
b110010 0
0&
07
b110010 :
1!
#5851000
b1001000 "
#5855000
0!
#5860000
b10 5
b1 4
b110001 3
b110 -
b110 2
b110 9
b110 ;
b111100 %
b111100 +
b111100 8
b110011 :
1&
17
b1010 '
b1010 .
b1010 1
b1010 6
b110011 /
b110011 0
b1001000 )
1!
#5861000
b1001001 "
#5865000
0!
#5870000
b10000 5
b101100 3
b100 4
b111101 %
b111101 +
b111101 8
b1 -
b1 2
b1 9
b1 ;
b1001001 )
b111100 /
b111100 0
b1 '
b1 .
b1 1
b1 6
b111100 :
1!
#5871000
b1001010 "
#5875000
0!
#5880000
b100000 5
b101 4
b11101 3
b10 -
b10 2
b10 9
b10 ;
b111110 %
b111110 +
b111110 8
b111101 :
b1100 '
b1100 .
b1100 1
b1100 6
b111101 /
b111101 0
b1001010 )
1!
#5881000
b1001011 "
#5885000
0!
#5890000
b100 5
b111010 3
b10 4
b111111 %
b111111 +
b111111 8
b111 -
b111 2
b111 9
b111 ;
b1001011 )
b111110 /
b111110 0
b1101 '
b1101 .
b1101 1
b1101 6
b111110 :
1!
#5891000
b1001100 "
#5895000
0!
#5900000
b1000000 5
b110 4
b1111111 3
b100 -
b100 2
b100 9
b100 ;
b111000 %
b111000 +
b111000 8
b111111 :
b1010 '
b1010 .
b1010 1
b1010 6
b111111 /
b111111 0
b1001100 )
1!
#5901000
b1001101 "
#5905000
0!
#5910000
b10 5
b111010 3
b1 4
b111001 %
b111001 +
b111001 8
b110 -
b110 2
b110 9
b110 ;
b1001101 )
b111000 /
b111000 0
b1111 '
b1111 .
b1111 1
b1111 6
b111000 :
1!
#5911000
b1001110 "
#5915000
0!
#5920000
b1000 5
b11 4
b110001 3
b101 -
b101 2
b101 9
b101 ;
b111010 %
b111010 +
b111010 8
b111001 :
b1010 '
b1010 .
b1010 1
b1010 6
b111001 /
b111001 0
b1001110 )
1!
#5921000
b1001111 "
#5925000
0!
#5930000
b1 5
b111010 3
1,
b0 4
b111011 %
b111011 +
b111011 8
b0 -
b0 2
b0 9
b0 ;
b1001111 )
b111010 /
b111010 0
b1 '
b1 .
b1 1
b1 6
b111010 :
1!
#5931000
b1010000 "
#5935000
0!
#5940000
0,
b11 -
b11 2
b11 9
b11 ;
b111010 3
b100100 %
b100100 +
b100100 8
b111011 :
0&
07
b1010 '
b1010 .
b1010 1
b1010 6
b111011 /
b111011 0
b1010000 )
1!
#5941000
b1010001 "
#5945000
0!
#5950000
b1000 5
b101100 3
b11 4
b100101 %
b100101 +
b100101 8
b101 -
b101 2
b101 9
b101 ;
b1010001 )
b100100 /
b100100 0
1&
17
b100100 :
1!
#5951000
b1010010 "
#5955000
0!
#5960000
b10 5
b1 4
b100111 3
b110 -
b110 2
b110 9
b110 ;
b100110 %
b100110 +
b100110 8
b100101 :
b1100 '
b1100 .
b1100 1
b1100 6
b100101 /
b100101 0
b1010010 )
1!
#5961000
b1010011 "
#5965000
0!
#5970000
b1 5
b100111 3
b0 4
b100111 %
b100111 +
b100111 8
b11 -
b11 2
b11 9
b11 ;
b1010011 )
b100110 /
b100110 0
b111 '
b111 .
b111 1
b111 6
b100110 :
1!
#5971000
b1010100 "
#5975000
0!
#5980000
1,
b100111 3
b0 -
b0 2
b0 9
b0 ;
b100000 %
b100000 +
b100000 8
b100111 :
b100111 /
b100111 0
b1010100 )
1!
#5981000
b1010101 "
#5985000
0!
#5990000
b100000 5
0,
b101 4
b100001 %
b100001 +
b100001 8
b0 3
b10 -
b10 2
b10 9
b10 ;
b1010101 )
b100000 /
b100000 0
0&
07
b100000 :
1!
#5991000
b1010110 "
#5995000
0!
#6000000
b10000 5
b100 4
b110001 3
b1 -
b1 2
b1 9
b1 ;
b100010 %
b100010 +
b100010 8
b100001 :
1&
17
b0 '
b0 .
b0 1
b0 6
b100001 /
b100001 0
b1010110 )
1!
#6001000
b1010111 "
#6005000
0!
#6010000
b1000000 5
b1100010 3
b110 4
b100011 %
b100011 +
b100011 8
b100 -
b100 2
b100 9
b100 ;
b1010111 )
b100010 /
b100010 0
b1 '
b1 .
b1 1
b1 6
b100010 :
1!
#6011000
b1011000 "
#6015000
0!
#6020000
b100 5
b10 4
b100111 3
b111 -
b111 2
b111 9
b111 ;
b101100 %
b101100 +
b101100 8
b100011 :
b10 '
b10 .
b10 1
b10 6
b100011 /
b100011 0
b1011000 )
1!
#6021000
b1011001 "
#6025000
0!
#6030000
b1 5
b101100 3
1,
b0 4
b101101 %
b101101 +
b101101 8
b0 -
b0 2
b0 9
b0 ;
b1011001 )
b101100 /
b101100 0
b111 '
b111 .
b111 1
b111 6
b101100 :
1!
#6031000
b1011010 "
#6035000
0!
#6040000
0,
b11 -
b11 2
b11 9
b11 ;
b101100 3
b101110 %
b101110 +
b101110 8
b101101 :
0&
07
b1100 '
b1100 .
b1100 1
b1100 6
b101101 /
b101101 0
b1011010 )
1!
#6041000
b1011011 "
#6045000
0!
#6050000
b10 5
b101100 3
b1 4
b101111 %
b101111 +
b101111 8
b110 -
b110 2
b110 9
b110 ;
b1011011 )
b101110 /
b101110 0
1&
17
b101110 :
1!
#6051000
b1011100 "
#6055000
0!
#6060000
b1000 5
b11 4
b100111 3
b101 -
b101 2
b101 9
b101 ;
b101000 %
b101000 +
b101000 8
b101111 :
b101111 /
b101111 0
b1011100 )
1!
#6061000
b1011101 "
#6065000
0!
#6070000
b100 5
b101100 3
b10 4
b101001 %
b101001 +
b101001 8
b111 -
b111 2
b111 9
b111 ;
b1011101 )
b101000 /
b101000 0
b111 '
b111 .
b111 1
b111 6
b101000 :
1!
#6071000
b1011110 "
#6075000
0!
#6080000
b1000000 5
b110 4
b1101001 3
b100 -
b100 2
b100 9
b100 ;
b101010 %
b101010 +
b101010 8
b101001 :
b1100 '
b1100 .
b1100 1
b1100 6
b101001 /
b101001 0
b1011110 )
1!
#6081000
b1011111 "
#6085000
0!
#6090000
b10000 5
b111010 3
b100 4
b101011 %
b101011 +
b101011 8
b1 -
b1 2
b1 9
b1 ;
b1011111 )
b101010 /
b101010 0
b1001 '
b1001 .
b1001 1
b1001 6
b101010 :
1!
#6091000
b1100000 "
#6095000
0!
#6100000
b100000 5
b101 4
b1011 3
b10 -
b10 2
b10 9
b10 ;
b10100 %
b10100 +
b10100 8
b101011 :
b1010 '
b1010 .
b1010 1
b1010 6
b101011 /
b101011 0
b1100000 )
1!
#6101000
b1100001 "
#6105000
0!
#6110000
b10 5
b10110 3
b1 4
b10101 %
b10101 +
b10101 8
b110 -
b110 2
b110 9
b110 ;
b1100001 )
b10100 /
b10100 0
b1011 '
b1011 .
b1011 1
b1011 6
b10100 :
1!
#6111000
b1100010 "
#6115000
0!
#6120000
b1000 5
b11 4
b11101 3
b101 -
b101 2
b101 9
b101 ;
b10110 %
b10110 +
b10110 8
b10101 :
b110 '
b110 .
b110 1
b110 6
b10101 /
b10101 0
b1100010 )
1!
#6121000
b1100011 "
#6125000
0!
#6130000
b1 5
b10110 3
1,
b0 4
b10111 %
b10111 +
b10111 8
b0 -
b0 2
b0 9
b0 ;
b1100011 )
b10110 /
b10110 0
b1101 '
b1101 .
b1101 1
b1101 6
b10110 :
1!
#6131000
b1100100 "
#6135000
0!
#6140000
0,
b11 -
b11 2
b11 9
b11 ;
b10110 3
b10000 %
b10000 +
b10000 8
b10111 :
0&
07
b110 '
b110 .
b110 1
b110 6
b10111 /
b10111 0
b1100100 )
1!
#6141000
b1100101 "
#6145000
0!
#6150000
b10000 5
b0 3
b100 4
b10001 %
b10001 +
b10001 8
b1 -
b1 2
b1 9
b1 ;
b1100101 )
b10000 /
b10000 0
1&
17
b10000 :
1!
#6151000
b1100110 "
#6155000
0!
#6160000
b100000 5
b101 4
b110001 3
b10 -
b10 2
b10 9
b10 ;
b10010 %
b10010 +
b10010 8
b10001 :
b0 '
b0 .
b0 1
b0 6
b10001 /
b10001 0
b1100110 )
1!
#6161000
b1100111 "
#6165000
0!
#6170000
b100 5
b10110 3
b10 4
b10011 %
b10011 +
b10011 8
b111 -
b111 2
b111 9
b111 ;
b1100111 )
b10010 /
b10010 0
b1 '
b1 .
b1 1
b1 6
b10010 :
1!
#6171000
b1101000 "
#6175000
0!
#6180000
b1000000 5
b110 4
b1010011 3
b100 -
b100 2
b100 9
b100 ;
b11100 %
b11100 +
b11100 8
b10011 :
b110 '
b110 .
b110 1
b110 6
b10011 /
b10011 0
b1101000 )
1!
#6181000
b1101001 "
#6185000
0!
#6190000
b1 5
b11101 3
b0 4
b11101 %
b11101 +
b11101 8
b11 -
b11 2
b11 9
b11 ;
b1101001 )
b11100 /
b11100 0
b11 '
b11 .
b11 1
b11 6
b11100 :
1!
#6191000
b1101010 "
#6195000
0!
#6200000
1,
b11101 3
b0 -
b0 2
b0 9
b0 ;
b11110 %
b11110 +
b11110 8
b11101 :
b1101 '
b1101 .
b1101 1
b1101 6
b11101 /
b11101 0
b1101010 )
1!
#6201000
b1101011 "
#6205000
0!
#6210000
b1000 5
0,
b11 4
b11111 %
b11111 +
b11111 8
b10110 3
b101 -
b101 2
b101 9
b101 ;
b1101011 )
b11110 /
b11110 0
0&
07
b11110 :
1!
#6211000
b1101100 "
#6215000
0!
#6220000
b10 5
b1 4
b11101 3
b110 -
b110 2
b110 9
b110 ;
b11000 %
b11000 +
b11000 8
b11111 :
1&
17
b110 '
b110 .
b110 1
b110 6
b11111 /
b11111 0
b1101100 )
1!
#6221000
b1101101 "
#6225000
0!
#6230000
b1000000 5
b1011000 3
b110 4
b11001 %
b11001 +
b11001 8
b100 -
b100 2
b100 9
b100 ;
b1101101 )
b11000 /
b11000 0
b1101 '
b1101 .
b1101 1
b1101 6
b11000 :
1!
#6231000
b1101110 "
#6235000
0!
#6240000
b100 5
b10 4
b11101 3
b111 -
b111 2
b111 9
b111 ;
b11010 %
b11010 +
b11010 8
b11001 :
b1000 '
b1000 .
b1000 1
b1000 6
b11001 /
b11001 0
b1101110 )
1!
#6241000
b1101111 "
#6245000
0!
#6250000
b100000 5
b111010 3
b101 4
b11011 %
b11011 +
b11011 8
b10 -
b10 2
b10 9
b10 ;
b1101111 )
b11010 /
b11010 0
b1101 '
b1101 .
b1101 1
b1101 6
b11010 :
1!
#6251000
b1110000 "
#6255000
0!
#6260000
b10000 5
b100 4
b1011 3
b1 -
b1 2
b1 9
b1 ;
b100 %
b100 +
b100 8
b11011 :
b1010 '
b1010 .
b1010 1
b1010 6
b11011 /
b11011 0
b1110000 )
1!
#6261000
b1110001 "
#6265000
0!
#6270000
b100 5
b0 3
b10 4
b101 %
b101 +
b101 8
b111 -
b111 2
b111 9
b111 ;
b1110001 )
b100 /
b100 0
b1011 '
b1011 .
b1011 1
b1011 6
b100 :
1!
#6271000
b1110010 "
#6275000
0!
#6280000
b1000000 5
b110 4
b1000101 3
b100 -
b100 2
b100 9
b100 ;
b110 %
b110 +
b110 8
b101 :
b0 '
b0 .
b0 1
b0 6
b101 /
b101 0
b1110010 )
1!
#6281000
b1110011 "
#6285000
0!
#6290000
b10000 5
b10110 3
b100 4
b111 %
b111 +
b111 8
b1 -
b1 2
b1 9
b1 ;
b1110011 )
b110 /
b110 0
b101 '
b101 .
b101 1
b101 6
b110 :
1!
#6291000
b1110100 "
#6295000
0!
#6300000
b100000 5
b101 4
b100111 3
b10 -
b10 2
b10 9
b10 ;
b0 %
b0 +
b0 8
b111 :
b110 '
b110 .
b110 1
b110 6
b111 /
b111 0
b1110100 )
1!
#6301000
b1110101 "
#6305000
0!
#6310000
b1 5
b0 3
1,
b0 4
b1 %
b1 +
b1 8
b0 -
b0 2
b0 9
b0 ;
b1110101 )
b0 /
b0 0
b111 '
b111 .
b111 1
b111 6
b0 :
1!
#6311000
b1110110 "
#6315000
0!
#6320000
0,
b11 -
b11 2
b11 9
b11 ;
b0 3
b10 %
b10 +
b10 8
b1 :
0&
07
b0 '
b0 .
b0 1
b0 6
b1 /
b1 0
b1110110 )
1!
#6321000
b1110111 "
#6325000
0!
#6330000
b10 5
b0 3
b1 4
b11 %
b11 +
b11 8
b110 -
b110 2
b110 9
b110 ;
b1110111 )
b10 /
b10 0
1&
17
b10 :
1!
#6331000
b1111000 "
#6335000
0!
#6340000
b1000 5
b11 4
b1011 3
b101 -
b101 2
b101 9
b101 ;
b1100 %
b1100 +
b1100 8
b11 :
b11 /
b11 0
b1111000 )
1!
#6341000
b1111001 "
#6345000
0!
#6350000
b100000 5
b101100 3
b101 4
b1101 %
b1101 +
b1101 8
b10 -
b10 2
b10 9
b10 ;
b1111001 )
b1100 /
b1100 0
b1011 '
b1011 .
b1011 1
b1011 6
b1100 :
1!
#6351000
b1111010 "
#6355000
0!
#6360000
b10000 5
b100 4
b11101 3
b1 -
b1 2
b1 9
b1 ;
b1110 %
b1110 +
b1110 8
b1101 :
b1100 '
b1100 .
b1100 1
b1100 6
b1101 /
b1101 0
b1111010 )
1!
#6361000
b1111011 "
#6365000
0!
#6370000
b1000000 5
b1001110 3
b110 4
b1111 %
b1111 +
b1111 8
b100 -
b100 2
b100 9
b100 ;
b1111011 )
b1110 /
b1110 0
b1101 '
b1101 .
b1101 1
b1101 6
b1110 :
1!
#6371000
b1111100 "
#6375000
0!
#6380000
b100 5
b10 4
b1011 3
b111 -
b111 2
b111 9
b111 ;
b1000 %
b1000 +
b1000 8
b1111 :
b1110 '
b1110 .
b1110 1
b1110 6
b1111 /
b1111 0
b1111100 )
1!
#6381000
b1111101 "
#6385000
0!
#6390000
b1000 5
b0 3
b11 4
b1001 %
b1001 +
b1001 8
b101 -
b101 2
b101 9
b101 ;
b1111101 )
b1000 /
b1000 0
b1011 '
b1011 .
b1011 1
b1011 6
b1000 :
1!
#6391000
b1111110 "
#6395000
0!
#6400000
b10 5
b1 4
b1011 3
b110 -
b110 2
b110 9
b110 ;
b1010 %
b1010 +
b1010 8
b1001 :
b0 '
b0 .
b0 1
b0 6
b1001 /
b1001 0
b1111110 )
1!
#6401000
b1111111 "
#6405000
0!
#6410000
b1 5
b1011 3
b0 4
b1011 %
b1011 +
b1011 8
b11 -
b11 2
b11 9
b11 ;
b1111111 )
b1010 /
b1010 0
b1011 '
b1011 .
b1011 1
b1011 6
b1010 :
1!
#6411000
b0 "
b101 #
#6415000
0!
#6420000
b100 >
1,
b1011 3
b0 -
b0 2
b0 9
b0 ;
b1000101 %
b1000101 +
b1000101 8
b1000101 (
b1000101 =
b1000101 ?
b1011 :
b1011 /
b1011 0
b0 )
b101 *
b101 <
1!
#6421000
b1 "
#6425000
0!
#6430000
b1000100 %
b1000100 +
b1000100 8
b1000101 3
b1 )
b1000101 /
b1000101 0
0&
07
b1000101 :
1!
#6431000
b10 "
#6435000
0!
#6440000
0,
b11 -
b11 2
b11 9
b11 ;
b1000101 3
b1000111 %
b1000111 +
b1000111 8
b1000100 :
b101 '
b101 .
b101 1
b101 6
b1000100 /
b1000100 0
b10 )
1!
#6441000
b11 "
#6445000
0!
#6450000
b10 5
b1000101 3
b1 4
b1000110 %
b1000110 +
b1000110 8
b110 -
b110 2
b110 9
b110 ;
b11 )
b1000111 /
b1000111 0
1&
17
b1000111 :
1!
#6451000
b100 "
#6455000
0!
#6460000
b1000 5
b11 4
b1001110 3
b101 -
b101 2
b101 9
b101 ;
b1000001 %
b1000001 +
b1000001 8
b1000110 :
b1000110 /
b1000110 0
b100 )
1!
#6461000
b101 "
#6465000
0!
#6470000
b100 5
b1000101 3
b10 4
b1000000 %
b1000000 +
b1000000 8
b111 -
b111 2
b111 9
b111 ;
b101 )
b1000001 /
b1000001 0
b1110 '
b1110 .
b1110 1
b1110 6
b1000001 :
1!
#6471000
b110 "
#6475000
0!
#6480000
b1000000 5
b110 4
b0 3
b100 -
b100 2
b100 9
b100 ;
b1000011 %
b1000011 +
b1000011 8
b1000000 :
b101 '
b101 .
b101 1
b101 6
b1000000 /
b1000000 0
b110 )
1!
#6481000
b111 "
#6485000
0!
#6490000
b10000 5
b1010011 3
b100 4
b1000010 %
b1000010 +
b1000010 8
b1 -
b1 2
b1 9
b1 ;
b111 )
b1000011 /
b1000011 0
b0 '
b0 .
b0 1
b0 6
b1000011 :
1!
#6491000
b1000 "
#6495000
0!
#6500000
b100000 5
b101 4
b1100010 3
b10 -
b10 2
b10 9
b10 ;
b1001101 %
b1001101 +
b1001101 8
b1000010 :
b11 '
b11 .
b11 1
b11 6
b1000010 /
b1000010 0
b1000 )
1!
#6501000
b1001 "
#6505000
0!
#6510000
b1000 5
b1000101 3
b11 4
b1001100 %
b1001100 +
b1001100 8
b101 -
b101 2
b101 9
b101 ;
b1001 )
b1001101 /
b1001101 0
b10 '
b10 .
b10 1
b10 6
b1001101 :
1!
#6511000
b1010 "
#6515000
0!
#6520000
b10 5
b1 4
b1001110 3
b110 -
b110 2
b110 9
b110 ;
b1001111 %
b1001111 +
b1001111 8
b1001100 :
b101 '
b101 .
b101 1
b101 6
b1001100 /
b1001100 0
b1010 )
1!
#6521000
b1011 "
#6525000
0!
#6530000
b1 5
b1001110 3
b0 4
b1001110 %
b1001110 +
b1001110 8
b11 -
b11 2
b11 9
b11 ;
b1011 )
b1001111 /
b1001111 0
b1110 '
b1110 .
b1110 1
b1110 6
b1001111 :
1!
#6531000
b1100 "
#6535000
0!
#6540000
1,
b1001110 3
b0 -
b0 2
b0 9
b0 ;
b1001001 %
b1001001 +
b1001001 8
b1001110 :
b1001110 /
b1001110 0
b1100 )
1!
#6541000
b1101 "
#6545000
0!
#6550000
b100000 5
0,
b101 4
b1001000 %
b1001000 +
b1001000 8
b1101001 3
b10 -
b10 2
b10 9
b10 ;
b1101 )
b1001001 /
b1001001 0
0&
07
b1001001 :
1!
#6551000
b1110 "
#6555000
0!
#6560000
b10000 5
b100 4
b1011000 3
b1 -
b1 2
b1 9
b1 ;
b1001011 %
b1001011 +
b1001011 8
b1001000 :
1&
17
b1001 '
b1001 .
b1001 1
b1001 6
b1001000 /
b1001000 0
b1110 )
1!
#6561000
b1111 "
#6565000
0!
#6570000
b1000000 5
b1011 3
b110 4
b1001010 %
b1001010 +
b1001010 8
b100 -
b100 2
b100 9
b100 ;
b1111 )
b1001011 /
b1001011 0
b1000 '
b1000 .
b1000 1
b1000 6
b1001011 :
1!
#6571000
b10000 "
#6575000
0!
#6580000
b100 5
b10 4
b1001110 3
b111 -
b111 2
b111 9
b111 ;
b1010101 %
b1010101 +
b1010101 8
b1001010 :
b1011 '
b1011 .
b1011 1
b1011 6
b1001010 /
b1001010 0
b10000 )
1!
#6581000
b10001 "
#6585000
0!
#6590000
b10000 5
b1000101 3
b100 4
b1010100 %
b1010100 +
b1010100 8
b1 -
b1 2
b1 9
b1 ;
b10001 )
b1010101 /
b1010101 0
b1110 '
b1110 .
b1110 1
b1110 6
b1010101 :
1!
#6591000
b10010 "
#6595000
0!
#6600000
b100000 5
b101 4
b1110100 3
b10 -
b10 2
b10 9
b10 ;
b1010111 %
b1010111 +
b1010111 8
b1010100 :
b101 '
b101 .
b101 1
b101 6
b1010100 /
b1010100 0
b10010 )
1!
#6601000
b10011 "
#6605000
0!
#6610000
b100 5
b1010011 3
b10 4
b1010110 %
b1010110 +
b1010110 8
b111 -
b111 2
b111 9
b111 ;
b10011 )
b1010111 /
b1010111 0
b100 '
b100 .
b100 1
b100 6
b1010111 :
1!
#6611000
b10100 "
#6615000
0!
#6620000
b1000000 5
b110 4
b10110 3
b100 -
b100 2
b100 9
b100 ;
b1010001 %
b1010001 +
b1010001 8
b1010110 :
b11 '
b11 .
b11 1
b11 6
b1010110 /
b1010110 0
b10100 )
1!
#6621000
b10101 "
#6625000
0!
#6630000
b10 5
b1010011 3
b1 4
b1010000 %
b1010000 +
b1010000 8
b110 -
b110 2
b110 9
b110 ;
b10101 )
b1010001 /
b1010001 0
b110 '
b110 .
b110 1
b110 6
b1010001 :
1!
#6631000
b10110 "
#6635000
0!
#6640000
b1000 5
b11 4
b1011000 3
b101 -
b101 2
b101 9
b101 ;
b1010011 %
b1010011 +
b1010011 8
b1010000 :
b11 '
b11 .
b11 1
b11 6
b1010000 /
b1010000 0
b10110 )
1!
#6641000
b10111 "
#6645000
0!
#6650000
b1 5
b1010011 3
1,
b0 4
b1010010 %
b1010010 +
b1010010 8
b0 -
b0 2
b0 9
b0 ;
b10111 )
b1010011 /
b1010011 0
b1000 '
b1000 .
b1000 1
b1000 6
b1010011 :
1!
#6651000
b11000 "
#6655000
0!
#6660000
0,
b11 -
b11 2
b11 9
b11 ;
b1010011 3
b1011101 %
b1011101 +
b1011101 8
b1010010 :
0&
07
b11 '
b11 .
b11 1
b11 6
b1010010 /
b1010010 0
b11000 )
1!
#6661000
b11001 "
#6665000
0!
#6670000
b1000000 5
b11101 3
b110 4
b1011100 %
b1011100 +
b1011100 8
b100 -
b100 2
b100 9
b100 ;
b11001 )
b1011101 /
b1011101 0
1&
17
b1011101 :
1!
#6671000
b11010 "
#6675000
0!
#6680000
b100 5
b10 4
b1011000 3
b111 -
b111 2
b111 9
b111 ;
b1011111 %
b1011111 +
b1011111 8
b1011100 :
b1101 '
b1101 .
b1101 1
b1101 6
b1011100 /
b1011100 0
b11010 )
1!
#6681000
b11011 "
#6685000
0!
#6690000
b100000 5
b1111111 3
b101 4
b1011110 %
b1011110 +
b1011110 8
b10 -
b10 2
b10 9
b10 ;
b11011 )
b1011111 /
b1011111 0
b1000 '
b1000 .
b1000 1
b1000 6
b1011111 :
1!
#6691000
b11100 "
#6695000
0!
#6700000
b10000 5
b100 4
b1001110 3
b1 -
b1 2
b1 9
b1 ;
b1011001 %
b1011001 +
b1011001 8
b1011110 :
b1111 '
b1111 .
b1111 1
b1111 6
b1011110 /
b1011110 0
b11100 )
1!
#6701000
b11101 "
#6705000
0!
#6710000
b1 5
b1011000 3
b0 4
b1011000 %
b1011000 +
b1011000 8
b11 -
b11 2
b11 9
b11 ;
b11101 )
b1011001 /
b1011001 0
b1110 '
b1110 .
b1110 1
b1110 6
b1011001 :
1!
#6711000
b11110 "
#6715000
0!
#6720000
1,
b1011000 3
b0 -
b0 2
b0 9
b0 ;
b1011011 %
b1011011 +
b1011011 8
b1011000 :
b1000 '
b1000 .
b1000 1
b1000 6
b1011000 /
b1011000 0
b11110 )
1!
#6721000
b11111 "
#6725000
0!
#6730000
b1000 5
0,
b11 4
b1011010 %
b1011010 +
b1011010 8
b1010011 3
b101 -
b101 2
b101 9
b101 ;
b11111 )
b1011011 /
b1011011 0
0&
07
b1011011 :
1!
#6731000
b100000 "
#6735000
0!
#6740000
b10 5
b1 4
b1011000 3
b110 -
b110 2
b110 9
b110 ;
b1100101 %
b1100101 +
b1100101 8
b1011010 :
1&
17
b11 '
b11 .
b11 1
b11 6
b1011010 /
b1011010 0
b100000 )
1!
#6741000
b100001 "
#6745000
0!
#6750000
b100000 5
b1000101 3
b101 4
b1100100 %
b1100100 +
b1100100 8
b10 -
b10 2
b10 9
b10 ;
b100001 )
b1100101 /
b1100101 0
b1000 '
b1000 .
b1000 1
b1000 6
b1100101 :
1!
#6751000
b100010 "
#6755000
0!
#6760000
b10000 5
b100 4
b1110100 3
b1 -
b1 2
b1 9
b1 ;
b1100111 %
b1100111 +
b1100111 8
b1100100 :
b101 '
b101 .
b101 1
b101 6
b1100100 /
b1100100 0
b100010 )
1!
#6761000
b100011 "
#6765000
0!
#6770000
b1000000 5
b100111 3
b110 4
b1100110 %
b1100110 +
b1100110 8
b100 -
b100 2
b100 9
b100 ;
b100011 )
b1100111 /
b1100111 0
b100 '
b100 .
b100 1
b100 6
b1100111 :
1!
#6771000
b100100 "
#6775000
0!
#6780000
b100 5
b10 4
b1100010 3
b111 -
b111 2
b111 9
b111 ;
b1100001 %
b1100001 +
b1100001 8
b1100110 :
b111 '
b111 .
b111 1
b111 6
b1100110 /
b1100110 0
b100100 )
1!
#6781000
b100101 "
#6785000
0!
#6790000
b1000 5
b1101001 3
b11 4
b1100000 %
b1100000 +
b1100000 8
b101 -
b101 2
b101 9
b101 ;
b100101 )
b1100001 /
b1100001 0
b10 '
b10 .
b10 1
b10 6
b1100001 :
1!
#6791000
b100110 "
#6795000
0!
#6800000
b10 5
b1 4
b1100010 3
b110 -
b110 2
b110 9
b110 ;
b1100011 %
b1100011 +
b1100011 8
b1100000 :
b1001 '
b1001 .
b1001 1
b1001 6
b1100000 /
b1100000 0
b100110 )
1!
#6801000
b100111 "
#6805000
0!
#6810000
b1 5
b1100010 3
b0 4
b1100010 %
b1100010 +
b1100010 8
b11 -
b11 2
b11 9
b11 ;
b100111 )
b1100011 /
b1100011 0
b10 '
b10 .
b10 1
b10 6
b1100011 :
1!
#6811000
b101000 "
#6815000
0!
#6820000
1,
b1100010 3
b0 -
b0 2
b0 9
b0 ;
b1101101 %
b1101101 +
b1101101 8
b1100010 :
b1100010 /
b1100010 0
b101000 )
1!
#6821000
b101001 "
#6825000
0!
#6830000
b100 5
0,
b10 4
b1101100 %
b1101100 +
b1101100 8
b1101001 3
b111 -
b111 2
b111 9
b111 ;
b101001 )
b1101101 /
b1101101 0
0&
07
b1101101 :
1!
#6831000
b101010 "
#6835000
0!
#6840000
b1000000 5
b110 4
b101100 3
b100 -
b100 2
b100 9
b100 ;
b1101111 %
b1101111 +
b1101111 8
b1101100 :
1&
17
b1001 '
b1001 .
b1001 1
b1001 6
b1101100 /
b1101100 0
b101010 )
1!
#6841000
b101011 "
#6845000
0!
#6850000
b10000 5
b1111111 3
b100 4
b1101110 %
b1101110 +
b1101110 8
b1 -
b1 2
b1 9
b1 ;
b101011 )
b1101111 /
b1101111 0
b1100 '
b1100 .
b1100 1
b1100 6
b1101111 :
1!
#6851000
b101100 "
#6855000
0!
#6860000
b100000 5
b101 4
b1001110 3
b10 -
b10 2
b10 9
b10 ;
b1101001 %
b1101001 +
b1101001 8
b1101110 :
b1111 '
b1111 .
b1111 1
b1111 6
b1101110 /
b1101110 0
b101100 )
1!
#6861000
b101101 "
#6865000
0!
#6870000
b1 5
b1101001 3
1,
b0 4
b1101000 %
b1101000 +
b1101000 8
b0 -
b0 2
b0 9
b0 ;
b101101 )
b1101001 /
b1101001 0
b1110 '
b1110 .
b1110 1
b1110 6
b1101001 :
1!
#6871000
b101110 "
#6875000
0!
#6880000
0,
b11 -
b11 2
b11 9
b11 ;
b1101001 3
b1101011 %
b1101011 +
b1101011 8
b1101000 :
0&
07
b1001 '
b1001 .
b1001 1
b1001 6
b1101000 /
b1101000 0
b101110 )
1!
#6881000
b101111 "
#6885000
0!
#6890000
b10 5
b1101001 3
b1 4
b1101010 %
b1101010 +
b1101010 8
b110 -
b110 2
b110 9
b110 ;
b101111 )
b1101011 /
b1101011 0
1&
17
b1101011 :
1!
#6891000
b110000 "
#6895000
0!
#6900000
b1000 5
b11 4
b1100010 3
b101 -
b101 2
b101 9
b101 ;
b1110101 %
b1110101 +
b1110101 8
b1101010 :
b1101010 /
b1101010 0
b110000 )
1!
#6901000
b110001 "
#6905000
0!
#6910000
b1 5
b1110100 3
b0 4
b1110100 %
b1110100 +
b1110100 8
b11 -
b11 2
b11 9
b11 ;
b110001 )
b1110101 /
b1110101 0
b10 '
b10 .
b10 1
b10 6
b1110101 :
1!
#6911000
b110010 "
#6915000
0!
#6920000
1,
b1110100 3
b0 -
b0 2
b0 9
b0 ;
b1110111 %
b1110111 +
b1110111 8
b1110100 :
b100 '
b100 .
b100 1
b100 6
b1110100 /
b1110100 0
b110010 )
1!
#6921000
b110011 "
#6925000
0!
#6930000
b1000 5
0,
b11 4
b1110110 %
b1110110 +
b1110110 8
b1111111 3
b101 -
b101 2
b101 9
b101 ;
b110011 )
b1110111 /
b1110111 0
0&
07
b1110111 :
1!
#6931000
b110100 "
#6935000
0!
#6940000
b10 5
b1 4
b1110100 3
b110 -
b110 2
b110 9
b110 ;
b1110001 %
b1110001 +
b1110001 8
b1110110 :
1&
17
b1111 '
b1111 .
b1111 1
b1111 6
b1110110 /
b1110110 0
b110100 )
1!
#6941000
b110101 "
#6945000
0!
#6950000
b1000000 5
b110001 3
b110 4
b1110000 %
b1110000 +
b1110000 8
b100 -
b100 2
b100 9
b100 ;
b110101 )
b1110001 /
b1110001 0
b100 '
b100 .
b100 1
b100 6
b1110001 :
1!
#6951000
b110110 "
#6955000
0!
#6960000
b100 5
b10 4
b1110100 3
b111 -
b111 2
b111 9
b111 ;
b1110011 %
b1110011 +
b1110011 8
b1110000 :
b1 '
b1 .
b1 1
b1 6
b1110000 /
b1110000 0
b110110 )
1!
#6961000
b110111 "
#6965000
0!
#6970000
b100000 5
b1010011 3
b101 4
b1110010 %
b1110010 +
b1110010 8
b10 -
b10 2
b10 9
b10 ;
b110111 )
b1110011 /
b1110011 0
b100 '
b100 .
b100 1
b100 6
b1110011 :
1!
#6971000
b111000 "
#6975000
0!
#6980000
b10000 5
b100 4
b1100010 3
b1 -
b1 2
b1 9
b1 ;
b1111101 %
b1111101 +
b1111101 8
b1110010 :
b11 '
b11 .
b11 1
b11 6
b1110010 /
b1110010 0
b111000 )
1!
#6981000
b111001 "
#6985000
0!
#6990000
b10 5
b1111111 3
b1 4
b1111100 %
b1111100 +
b1111100 8
b110 -
b110 2
b110 9
b110 ;
b111001 )
b1111101 /
b1111101 0
b10 '
b10 .
b10 1
b10 6
b1111101 :
1!
#6991000
b111010 "
#6995000
0!
#7000000
b1000 5
b11 4
b1110100 3
b101 -
b101 2
b101 9
b101 ;
b1111111 %
b1111111 +
b1111111 8
b1111100 :
b1111 '
b1111 .
b1111 1
b1111 6
b1111100 /
b1111100 0
b111010 )
1!
#7001000
b111011 "
#7005000
0!
#7010000
b1 5
b1111111 3
1,
b0 4
b1111110 %
b1111110 +
b1111110 8
b0 -
b0 2
b0 9
b0 ;
b111011 )
b1111111 /
b1111111 0
b100 '
b100 .
b100 1
b100 6
b1111111 :
1!
#7011000
b111100 "
#7015000
0!
#7020000
0,
b11 -
b11 2
b11 9
b11 ;
b1111111 3
b1111001 %
b1111001 +
b1111001 8
b1111110 :
0&
07
b1111 '
b1111 .
b1111 1
b1111 6
b1111110 /
b1111110 0
b111100 )
1!
#7021000
b111101 "
#7025000
0!
#7030000
b10000 5
b1101001 3
b100 4
b1111000 %
b1111000 +
b1111000 8
b1 -
b1 2
b1 9
b1 ;
b111101 )
b1111001 /
b1111001 0
1&
17
b1111001 :
1!
#7031000
b111110 "
#7035000
0!
#7040000
b100000 5
b101 4
b1011000 3
b10 -
b10 2
b10 9
b10 ;
b1111011 %
b1111011 +
b1111011 8
b1111000 :
b1001 '
b1001 .
b1001 1
b1001 6
b1111000 /
b1111000 0
b111110 )
1!
#7041000
b111111 "
#7045000
0!
#7050000
b100 5
b1111111 3
b10 4
b1111010 %
b1111010 +
b1111010 8
b111 -
b111 2
b111 9
b111 ;
b111111 )
b1111011 /
b1111011 0
b1000 '
b1000 .
b1000 1
b1000 6
b1111011 :
1!
#7051000
b1000000 "
#7055000
0!
#7060000
b1000000 5
b110 4
b111010 3
b100 -
b100 2
b100 9
b100 ;
b101 %
b101 +
b101 8
b1111010 :
b1111 '
b1111 .
b1111 1
b1111 6
b1111010 /
b1111010 0
b1000000 )
1!
#7061000
b1000001 "
#7065000
0!
#7070000
b1000101 3
b100 %
b100 +
b100 8
b1000001 )
b101 /
b101 0
b1010 '
b1010 .
b1010 1
b1010 6
b101 :
1!
#7071000
b1000010 "
#7075000
0!
#7080000
b100 5
b10 4
b0 3
b111 -
b111 2
b111 9
b111 ;
b111 %
b111 +
b111 8
b100 :
b101 '
b101 .
b101 1
b101 6
b100 /
b100 0
b1000010 )
1!
#7081000
b1000011 "
#7085000
0!
#7090000
b100000 5
b100111 3
b101 4
b110 %
b110 +
b110 8
b10 -
b10 2
b10 9
b10 ;
b1000011 )
b111 /
b111 0
b0 '
b0 .
b0 1
b0 6
b111 :
1!
#7091000
b1000100 "
#7095000
0!
#7100000
b10000 5
b100 4
b10110 3
b1 -
b1 2
b1 9
b1 ;
b1 %
b1 +
b1 8
b110 :
b111 '
b111 .
b111 1
b111 6
b110 /
b110 0
b1000100 )
1!
#7101000
b1000101 "
#7105000
0!
#7110000
b1 5
b0 3
b0 4
b0 %
b0 +
b0 8
b11 -
b11 2
b11 9
b11 ;
b1000101 )
b1 /
b1 0
b110 '
b110 .
b110 1
b110 6
b1 :
1!
#7111000
b1000110 "
#7115000
0!
#7120000
1,
b0 3
b0 -
b0 2
b0 9
b0 ;
b11 %
b11 +
b11 8
b0 :
b0 '
b0 .
b0 1
b0 6
b0 /
b0 0
b1000110 )
1!
#7121000
b1000111 "
#7125000
0!
#7130000
b1000 5
0,
b11 4
b10 %
b10 +
b10 8
b1011 3
b101 -
b101 2
b101 9
b101 ;
b1000111 )
b11 /
b11 0
0&
07
b11 :
1!
#7131000
b1001000 "
#7135000
0!
#7140000
b10 5
b1 4
b0 3
b110 -
b110 2
b110 9
b110 ;
b1101 %
b1101 +
b1101 8
b10 :
1&
17
b1011 '
b1011 .
b1011 1
b1011 6
b10 /
b10 0
b1001000 )
1!
#7141000
b1001001 "
#7145000
0!
#7150000
b10000 5
b11101 3
b100 4
b1100 %
b1100 +
b1100 8
b1 -
b1 2
b1 9
b1 ;
b1001001 )
b1101 /
b1101 0
b0 '
b0 .
b0 1
b0 6
b1101 :
1!
#7151000
b1001010 "
#7155000
0!
#7160000
b100000 5
b101 4
b101100 3
b10 -
b10 2
b10 9
b10 ;
b1111 %
b1111 +
b1111 8
b1100 :
b1101 '
b1101 .
b1101 1
b1101 6
b1100 /
b1100 0
b1001010 )
1!
#7161000
b1001011 "
#7165000
0!
#7170000
b100 5
b1011 3
b10 4
b1110 %
b1110 +
b1110 8
b111 -
b111 2
b111 9
b111 ;
b1001011 )
b1111 /
b1111 0
b1100 '
b1100 .
b1100 1
b1100 6
b1111 :
1!
#7171000
b1001100 "
#7175000
0!
#7180000
b1000000 5
b110 4
b1001110 3
b100 -
b100 2
b100 9
b100 ;
b1001 %
b1001 +
b1001 8
b1110 :
b1011 '
b1011 .
b1011 1
b1011 6
b1110 /
b1110 0
b1001100 )
1!
#7181000
b1001101 "
#7185000
0!
#7190000
b10 5
b1011 3
b1 4
b1000 %
b1000 +
b1000 8
b110 -
b110 2
b110 9
b110 ;
b1001101 )
b1001 /
b1001 0
b1110 '
b1110 .
b1110 1
b1110 6
b1001 :
1!
#7191000
b1001110 "
#7195000
0!
#7200000
b1000 5
b11 4
b0 3
b101 -
b101 2
b101 9
b101 ;
b1011 %
b1011 +
b1011 8
b1000 :
b1011 '
b1011 .
b1011 1
b1011 6
b1000 /
b1000 0
b1001110 )
1!
#7201000
b1001111 "
#7205000
0!
#7210000
b1 5
b1011 3
1,
b0 4
b1010 %
b1010 +
b1010 8
b0 -
b0 2
b0 9
b0 ;
b1001111 )
b1011 /
b1011 0
b0 '
b0 .
b0 1
b0 6
b1011 :
1!
#7211000
b1010000 "
#7215000
0!
#7220000
0,
b11 -
b11 2
b11 9
b11 ;
b1011 3
b10101 %
b10101 +
b10101 8
b1010 :
0&
07
b1011 '
b1011 .
b1011 1
b1011 6
b1010 /
b1010 0
b1010000 )
1!
#7221000
b1010001 "
#7225000
0!
#7230000
b1000 5
b11101 3
b11 4
b10100 %
b10100 +
b10100 8
b101 -
b101 2
b101 9
b101 ;
b1010001 )
b10101 /
b10101 0
1&
17
b10101 :
1!
#7231000
b1010010 "
#7235000
0!
#7240000
b10 5
b1 4
b10110 3
b110 -
b110 2
b110 9
b110 ;
b10111 %
b10111 +
b10111 8
b10100 :
b1101 '
b1101 .
b1101 1
b1101 6
b10100 /
b10100 0
b1010010 )
1!
#7241000
b1010011 "
#7245000
0!
#7250000
b1 5
b10110 3
b0 4
b10110 %
b10110 +
b10110 8
b11 -
b11 2
b11 9
b11 ;
b1010011 )
b10111 /
b10111 0
b110 '
b110 .
b110 1
b110 6
b10111 :
1!
#7251000
b1010100 "
#7255000
0!
#7260000
1,
b10110 3
b0 -
b0 2
b0 9
b0 ;
b10001 %
b10001 +
b10001 8
b10110 :
b10110 /
b10110 0
b1010100 )
1!
#7261000
b1010101 "
#7265000
0!
#7270000
b100000 5
0,
b101 4
b10000 %
b10000 +
b10000 8
b110001 3
b10 -
b10 2
b10 9
b10 ;
b1010101 )
b10001 /
b10001 0
0&
07
b10001 :
1!
#7271000
b1010110 "
#7275000
0!
#7280000
b10000 5
b100 4
b0 3
b1 -
b1 2
b1 9
b1 ;
b10011 %
b10011 +
b10011 8
b10000 :
1&
17
b1 '
b1 .
b1 1
b1 6
b10000 /
b10000 0
b1010110 )
1!
#7281000
b1010111 "
#7285000
0!
#7290000
b1000000 5
b1010011 3
b110 4
b10010 %
b10010 +
b10010 8
b100 -
b100 2
b100 9
b100 ;
b1010111 )
b10011 /
b10011 0
b0 '
b0 .
b0 1
b0 6
b10011 :
1!
#7291000
b1011000 "
#7295000
0!
#7300000
b100 5
b10 4
b10110 3
b111 -
b111 2
b111 9
b111 ;
b11101 %
b11101 +
b11101 8
b10010 :
b11 '
b11 .
b11 1
b11 6
b10010 /
b10010 0
b1011000 )
1!
#7301000
b1011001 "
#7305000
0!
#7310000
b1 5
b11101 3
1,
b0 4
b11100 %
b11100 +
b11100 8
b0 -
b0 2
b0 9
b0 ;
b1011001 )
b11101 /
b11101 0
b110 '
b110 .
b110 1
b110 6
b11101 :
1!
#7311000
b1011010 "
#7315000
0!
#7320000
0,
b11 -
b11 2
b11 9
b11 ;
b11101 3
b11111 %
b11111 +
b11111 8
b11100 :
0&
07
b1101 '
b1101 .
b1101 1
b1101 6
b11100 /
b11100 0
b1011010 )
1!
#7321000
b1011011 "
#7325000
0!
#7330000
b10 5
b11101 3
b1 4
b11110 %
b11110 +
b11110 8
b110 -
b110 2
b110 9
b110 ;
b1011011 )
b11111 /
b11111 0
1&
17
b11111 :
1!
#7331000
b1011100 "
#7335000
0!
#7340000
b1000 5
b11 4
b10110 3
b101 -
b101 2
b101 9
b101 ;
b11001 %
b11001 +
b11001 8
b11110 :
b11110 /
b11110 0
b1011100 )
1!
#7341000
b1011101 "
#7345000
0!
#7350000
b100 5
b11101 3
b10 4
b11000 %
b11000 +
b11000 8
b111 -
b111 2
b111 9
b111 ;
b1011101 )
b11001 /
b11001 0
b110 '
b110 .
b110 1
b110 6
b11001 :
1!
#7351000
b1011110 "
#7355000
0!
#7360000
b1000000 5
b110 4
b1011000 3
b100 -
b100 2
b100 9
b100 ;
b11011 %
b11011 +
b11011 8
b11000 :
b1101 '
b1101 .
b1101 1
b1101 6
b11000 /
b11000 0
b1011110 )
1!
#7361000
b1011111 "
#7365000
0!
#7370000
b10000 5
b1011 3
b100 4
b11010 %
b11010 +
b11010 8
b1 -
b1 2
b1 9
b1 ;
b1011111 )
b11011 /
b11011 0
b1000 '
b1000 .
b1000 1
b1000 6
b11011 :
1!
#7371000
b1100000 "
#7375000
0!
#7380000
b100000 5
b101 4
b111010 3
b10 -
b10 2
b10 9
b10 ;
b100101 %
b100101 +
b100101 8
b11010 :
b1011 '
b1011 .
b1011 1
b1011 6
b11010 /
b11010 0
b1100000 )
1!
#7381000
b1100001 "
#7385000
0!
#7390000
b10 5
b100111 3
b1 4
b100100 %
b100100 +
b100100 8
b110 -
b110 2
b110 9
b110 ;
b1100001 )
b100101 /
b100101 0
b1010 '
b1010 .
b1010 1
b1010 6
b100101 :
1!
#7391000
b1100010 "
#7395000
0!
#7400000
b1000 5
b11 4
b101100 3
b101 -
b101 2
b101 9
b101 ;
b100111 %
b100111 +
b100111 8
b100100 :
b111 '
b111 .
b111 1
b111 6
b100100 /
b100100 0
b1100010 )
1!
#7401000
b1100011 "
#7405000
0!
#7410000
b1 5
b100111 3
1,
b0 4
b100110 %
b100110 +
b100110 8
b0 -
b0 2
b0 9
b0 ;
b1100011 )
b100111 /
b100111 0
b1100 '
b1100 .
b1100 1
b1100 6
b100111 :
1!
#7411000
b1100100 "
#7415000
0!
#7420000
0,
b11 -
b11 2
b11 9
b11 ;
b100111 3
b100001 %
b100001 +
b100001 8
b100110 :
0&
07
b111 '
b111 .
b111 1
b111 6
b100110 /
b100110 0
b1100100 )
1!
#7421000
b1100101 "
#7425000
0!
#7430000
b10000 5
b110001 3
b100 4
b100000 %
b100000 +
b100000 8
b1 -
b1 2
b1 9
b1 ;
b1100101 )
b100001 /
b100001 0
1&
17
b100001 :
1!
#7431000
b1100110 "
#7435000
0!
#7440000
b100000 5
b101 4
b0 3
b10 -
b10 2
b10 9
b10 ;
b100011 %
b100011 +
b100011 8
b100000 :
b1 '
b1 .
b1 1
b1 6
b100000 /
b100000 0
b1100110 )
1!
#7441000
b1100111 "
#7445000
0!
#7450000
b100 5
b100111 3
b10 4
b100010 %
b100010 +
b100010 8
b111 -
b111 2
b111 9
b111 ;
b1100111 )
b100011 /
b100011 0
b0 '
b0 .
b0 1
b0 6
b100011 :
1!
#7451000
b1101000 "
#7455000
0!
#7460000
b1000000 5
b110 4
b1100010 3
b100 -
b100 2
b100 9
b100 ;
b101101 %
b101101 +
b101101 8
b100010 :
b111 '
b111 .
b111 1
b111 6
b100010 /
b100010 0
b1101000 )
1!
#7461000
b1101001 "
#7465000
0!
#7470000
b1 5
b101100 3
b0 4
b101100 %
b101100 +
b101100 8
b11 -
b11 2
b11 9
b11 ;
b1101001 )
b101101 /
b101101 0
b10 '
b10 .
b10 1
b10 6
b101101 :
1!
#7471000
b1101010 "
#7475000
0!
#7480000
1,
b101100 3
b0 -
b0 2
b0 9
b0 ;
b101111 %
b101111 +
b101111 8
b101100 :
b1100 '
b1100 .
b1100 1
b1100 6
b101100 /
b101100 0
b1101010 )
1!
#7481000
b1101011 "
#7485000
0!
#7490000
b1000 5
0,
b11 4
b101110 %
b101110 +
b101110 8
b100111 3
b101 -
b101 2
b101 9
b101 ;
b1101011 )
b101111 /
b101111 0
0&
07
b101111 :
1!
#7491000
b1101100 "
#7495000
0!
#7500000
b10 5
b1 4
b101100 3
b110 -
b110 2
b110 9
b110 ;
b101001 %
b101001 +
b101001 8
b101110 :
1&
17
b111 '
b111 .
b111 1
b111 6
b101110 /
b101110 0
b1101100 )
1!
#7501000
b1101101 "
#7505000
0!
#7510000
b1000000 5
b1101001 3
b110 4
b101000 %
b101000 +
b101000 8
b100 -
b100 2
b100 9
b100 ;
b1101101 )
b101001 /
b101001 0
b1100 '
b1100 .
b1100 1
b1100 6
b101001 :
1!
#7511000
b1101110 "
#7515000
0!
#7520000
b100 5
b10 4
b101100 3
b111 -
b111 2
b111 9
b111 ;
b101011 %
b101011 +
b101011 8
b101000 :
b1001 '
b1001 .
b1001 1
b1001 6
b101000 /
b101000 0
b1101110 )
1!
#7521000
b1101111 "
#7525000
0!
#7530000
b100000 5
b1011 3
b101 4
b101010 %
b101010 +
b101010 8
b10 -
b10 2
b10 9
b10 ;
b1101111 )
b101011 /
b101011 0
b1100 '
b1100 .
b1100 1
b1100 6
b101011 :
1!
#7531000
b1110000 "
#7535000
0!
#7540000
b10000 5
b100 4
b111010 3
b1 -
b1 2
b1 9
b1 ;
b110101 %
b110101 +
b110101 8
b101010 :
b1011 '
b1011 .
b1011 1
b1011 6
b101010 /
b101010 0
b1110000 )
1!
#7541000
b1110001 "
#7545000
0!
#7550000
b100 5
b110001 3
b10 4
b110100 %
b110100 +
b110100 8
b111 -
b111 2
b111 9
b111 ;
b1110001 )
b110101 /
b110101 0
b1010 '
b1010 .
b1010 1
b1010 6
b110101 :
1!
#7551000
b1110010 "
#7555000
0!
#7560000
b1000000 5
b110 4
b1110100 3
b100 -
b100 2
b100 9
b100 ;
b110111 %
b110111 +
b110111 8
b110100 :
b1 '
b1 .
b1 1
b1 6
b110100 /
b110100 0
b1110010 )
1!
#7561000
b1110011 "
#7565000
0!
#7570000
b10000 5
b100111 3
b100 4
b110110 %
b110110 +
b110110 8
b1 -
b1 2
b1 9
b1 ;
b1110011 )
b110111 /
b110111 0
b100 '
b100 .
b100 1
b100 6
b110111 :
1!
#7571000
b1110100 "
#7575000
0!
#7580000
b100000 5
b101 4
b10110 3
b10 -
b10 2
b10 9
b10 ;
b110001 %
b110001 +
b110001 8
b110110 :
b111 '
b111 .
b111 1
b111 6
b110110 /
b110110 0
b1110100 )
1!
#7581000
b1110101 "
#7585000
0!
#7590000
b1 5
b110001 3
1,
b0 4
b110000 %
b110000 +
b110000 8
b0 -
b0 2
b0 9
b0 ;
b1110101 )
b110001 /
b110001 0
b110 '
b110 .
b110 1
b110 6
b110001 :
1!
#7591000
b1110110 "
#7595000
0!
#7600000
0,
b11 -
b11 2
b11 9
b11 ;
b110001 3
b110011 %
b110011 +
b110011 8
b110000 :
0&
07
b1 '
b1 .
b1 1
b1 6
b110000 /
b110000 0
b1110110 )
1!
#7601000
b1110111 "
#7605000
0!
#7610000
b10 5
b110001 3
b1 4
b110010 %
b110010 +
b110010 8
b110 -
b110 2
b110 9
b110 ;
b1110111 )
b110011 /
b110011 0
1&
17
b110011 :
1!
#7611000
b1111000 "
#7615000
0!
#7620000
b1000 5
b11 4
b111010 3
b101 -
b101 2
b101 9
b101 ;
b111101 %
b111101 +
b111101 8
b110010 :
b110010 /
b110010 0
b1111000 )
1!
#7621000
b1111001 "
#7625000
0!
#7630000
b100000 5
b11101 3
b101 4
b111100 %
b111100 +
b111100 8
b10 -
b10 2
b10 9
b10 ;
b1111001 )
b111101 /
b111101 0
b1010 '
b1010 .
b1010 1
b1010 6
b111101 :
1!
#7631000
b1111010 "
#7635000
0!
#7640000
b10000 5
b100 4
b101100 3
b1 -
b1 2
b1 9
b1 ;
b111111 %
b111111 +
b111111 8
b111100 :
b1101 '
b1101 .
b1101 1
b1101 6
b111100 /
b111100 0
b1111010 )
1!
#7641000
b1111011 "
#7645000
0!
#7650000
b1000000 5
b1111111 3
b110 4
b111110 %
b111110 +
b111110 8
b100 -
b100 2
b100 9
b100 ;
b1111011 )
b111111 /
b111111 0
b1100 '
b1100 .
b1100 1
b1100 6
b111111 :
1!
#7651000
b1111100 "
#7655000
0!
#7660000
b100 5
b10 4
b111010 3
b111 -
b111 2
b111 9
b111 ;
b111001 %
b111001 +
b111001 8
b111110 :
b1111 '
b1111 .
b1111 1
b1111 6
b111110 /
b111110 0
b1111100 )
1!
#7661000
b1111101 "
#7665000
0!
#7670000
b1000 5
b110001 3
b11 4
b111000 %
b111000 +
b111000 8
b101 -
b101 2
b101 9
b101 ;
b1111101 )
b111001 /
b111001 0
b1010 '
b1010 .
b1010 1
b1010 6
b111001 :
1!
#7671000
b1111110 "
#7675000
0!
#7680000
b10 5
b1 4
b111010 3
b110 -
b110 2
b110 9
b110 ;
b111011 %
b111011 +
b111011 8
b111000 :
b1 '
b1 .
b1 1
b1 6
b111000 /
b111000 0
b1111110 )
1!
#7681000
b1111111 "
#7685000
0!
#7690000
b1 5
b111010 3
b0 4
b111010 %
b111010 +
b111010 8
b11 -
b11 2
b11 9
b11 ;
b1111111 )
b111011 /
b111011 0
b1010 '
b1010 .
b1010 1
b1010 6
b111011 :
1!
#7691000
b0 "
b110 #
#7695000
0!
#7700000
b1 >
1,
b111010 3
b0 -
b0 2
b0 9
b0 ;
b10110 %
b10110 +
b10110 8
b10110 (
b10110 =
b10110 ?
b111010 :
b111010 /
b111010 0
b0 )
b110 *
b110 <
1!
#7701000
b1 "
#7705000
0!
#7710000
b10111 %
b10111 +
b10111 8
b10110 3
b1 )
b10110 /
b10110 0
0&
07
b10110 :
1!
#7711000
b10 "
#7715000
0!
#7720000
0,
b11 -
b11 2
b11 9
b11 ;
b10110 3
b10100 %
b10100 +
b10100 8
b10111 :
b110 '
b110 .
b110 1
b110 6
b10111 /
b10111 0
b10 )
1!
#7721000
b11 "
#7725000
0!
#7730000
b10 5
b10110 3
b1 4
b10101 %
b10101 +
b10101 8
b110 -
b110 2
b110 9
b110 ;
b11 )
b10100 /
b10100 0
1&
17
b10100 :
1!
#7731000
b100 "
#7735000
0!
#7740000
b1000 5
b11 4
b11101 3
b101 -
b101 2
b101 9
b101 ;
b10010 %
b10010 +
b10010 8
b10101 :
b10101 /
b10101 0
b100 )
1!
#7741000
b101 "
#7745000
0!
#7750000
b100 5
b10110 3
b10 4
b10011 %
b10011 +
b10011 8
b111 -
b111 2
b111 9
b111 ;
b101 )
b10010 /
b10010 0
b1101 '
b1101 .
b1101 1
b1101 6
b10010 :
1!
#7751000
b110 "
#7755000
0!
#7760000
b1000000 5
b110 4
b1010011 3
b100 -
b100 2
b100 9
b100 ;
b10000 %
b10000 +
b10000 8
b10011 :
b110 '
b110 .
b110 1
b110 6
b10011 /
b10011 0
b110 )
1!
#7761000
b111 "
#7765000
0!
#7770000
b10000 5
b0 3
b100 4
b10001 %
b10001 +
b10001 8
b1 -
b1 2
b1 9
b1 ;
b111 )
b10000 /
b10000 0
b11 '
b11 .
b11 1
b11 6
b10000 :
1!
#7771000
b1000 "
#7775000
0!
#7780000
b100000 5
b101 4
b110001 3
b10 -
b10 2
b10 9
b10 ;
b11110 %
b11110 +
b11110 8
b10001 :
b0 '
b0 .
b0 1
b0 6
b10001 /
b10001 0
b1000 )
1!
#7781000
b1001 "
#7785000
0!
#7790000
b1000 5
b10110 3
b11 4
b11111 %
b11111 +
b11111 8
b101 -
b101 2
b101 9
b101 ;
b1001 )
b11110 /
b11110 0
b1 '
b1 .
b1 1
b1 6
b11110 :
1!
#7791000
b1010 "
#7795000
0!
#7800000
b10 5
b1 4
b11101 3
b110 -
b110 2
b110 9
b110 ;
b11100 %
b11100 +
b11100 8
b11111 :
b110 '
b110 .
b110 1
b110 6
b11111 /
b11111 0
b1010 )
1!
#7801000
b1011 "
#7805000
0!
#7810000
b1 5
b11101 3
b0 4
b11101 %
b11101 +
b11101 8
b11 -
b11 2
b11 9
b11 ;
b1011 )
b11100 /
b11100 0
b1101 '
b1101 .
b1101 1
b1101 6
b11100 :
1!
#7811000
b1100 "
#7815000
0!
#7820000
1,
b11101 3
b0 -
b0 2
b0 9
b0 ;
b11010 %
b11010 +
b11010 8
b11101 :
b11101 /
b11101 0
b1100 )
1!
#7821000
b1101 "
#7825000
0!
#7830000
b100000 5
0,
b101 4
b11011 %
b11011 +
b11011 8
b111010 3
b10 -
b10 2
b10 9
b10 ;
b1101 )
b11010 /
b11010 0
0&
07
b11010 :
1!
#7831000
b1110 "
#7835000
0!
#7840000
b10000 5
b100 4
b1011 3
b1 -
b1 2
b1 9
b1 ;
b11000 %
b11000 +
b11000 8
b11011 :
1&
17
b1010 '
b1010 .
b1010 1
b1010 6
b11011 /
b11011 0
b1110 )
1!
#7841000
b1111 "
#7845000
0!
#7850000
b1000000 5
b1011000 3
b110 4
b11001 %
b11001 +
b11001 8
b100 -
b100 2
b100 9
b100 ;
b1111 )
b11000 /
b11000 0
b1011 '
b1011 .
b1011 1
b1011 6
b11000 :
1!
#7851000
b10000 "
#7855000
0!
#7860000
b100 5
b10 4
b11101 3
b111 -
b111 2
b111 9
b111 ;
b110 %
b110 +
b110 8
b11001 :
b1000 '
b1000 .
b1000 1
b1000 6
b11001 /
b11001 0
b10000 )
1!
#7861000
b10001 "
#7865000
0!
#7870000
b10000 5
b10110 3
b100 4
b111 %
b111 +
b111 8
b1 -
b1 2
b1 9
b1 ;
b10001 )
b110 /
b110 0
b1101 '
b1101 .
b1101 1
b1101 6
b110 :
1!
#7871000
b10010 "
#7875000
0!
#7880000
b100000 5
b101 4
b100111 3
b10 -
b10 2
b10 9
b10 ;
b100 %
b100 +
b100 8
b111 :
b110 '
b110 .
b110 1
b110 6
b111 /
b111 0
b10010 )
1!
#7881000
b10011 "
#7885000
0!
#7890000
b100 5
b0 3
b10 4
b101 %
b101 +
b101 8
b111 -
b111 2
b111 9
b111 ;
b10011 )
b100 /
b100 0
b111 '
b111 .
b111 1
b111 6
b100 :
1!
#7891000
b10100 "
#7895000
0!
#7900000
b1000000 5
b110 4
b1000101 3
b100 -
b100 2
b100 9
b100 ;
b10 %
b10 +
b10 8
b101 :
b0 '
b0 .
b0 1
b0 6
b101 /
b101 0
b10100 )
1!
#7901000
b10101 "
#7905000
0!
#7910000
b10 5
b0 3
b1 4
b11 %
b11 +
b11 8
b110 -
b110 2
b110 9
b110 ;
b10101 )
b10 /
b10 0
b101 '
b101 .
b101 1
b101 6
b10 :
1!
#7911000
b10110 "
#7915000
0!
#7920000
b1000 5
b11 4
b1011 3
b101 -
b101 2
b101 9
b101 ;
b0 %
b0 +
b0 8
b11 :
b0 '
b0 .
b0 1
b0 6
b11 /
b11 0
b10110 )
1!
#7921000
b10111 "
#7925000
0!
#7930000
b1 5
b0 3
1,
b0 4
b1 %
b1 +
b1 8
b0 -
b0 2
b0 9
b0 ;
b10111 )
b0 /
b0 0
b1011 '
b1011 .
b1011 1
b1011 6
b0 :
1!
#7931000
b11000 "
#7935000
0!
#7940000
0,
b11 -
b11 2
b11 9
b11 ;
b0 3
b1110 %
b1110 +
b1110 8
b1 :
0&
07
b0 '
b0 .
b0 1
b0 6
b1 /
b1 0
b11000 )
1!
#7941000
b11001 "
#7945000
0!
#7950000
b1000000 5
b1001110 3
b110 4
b1111 %
b1111 +
b1111 8
b100 -
b100 2
b100 9
b100 ;
b11001 )
b1110 /
b1110 0
1&
17
b1110 :
1!
#7951000
b11010 "
#7955000
0!
#7960000
b100 5
b10 4
b1011 3
b111 -
b111 2
b111 9
b111 ;
b1100 %
b1100 +
b1100 8
b1111 :
b1110 '
b1110 .
b1110 1
b1110 6
b1111 /
b1111 0
b11010 )
1!
#7961000
b11011 "
#7965000
0!
#7970000
b100000 5
b101100 3
b101 4
b1101 %
b1101 +
b1101 8
b10 -
b10 2
b10 9
b10 ;
b11011 )
b1100 /
b1100 0
b1011 '
b1011 .
b1011 1
b1011 6
b1100 :
1!
#7971000
b11100 "
#7975000
0!
#7980000
b10000 5
b100 4
b11101 3
b1 -
b1 2
b1 9
b1 ;
b1010 %
b1010 +
b1010 8
b1101 :
b1100 '
b1100 .
b1100 1
b1100 6
b1101 /
b1101 0
b11100 )
1!
#7981000
b11101 "
#7985000
0!
#7990000
b1 5
b1011 3
b0 4
b1011 %
b1011 +
b1011 8
b11 -
b11 2
b11 9
b11 ;
b11101 )
b1010 /
b1010 0
b1101 '
b1101 .
b1101 1
b1101 6
b1010 :
1!
#7991000
b11110 "
#7995000
0!
#8000000
1,
b1011 3
b0 -
b0 2
b0 9
b0 ;
b1000 %
b1000 +
b1000 8
b1011 :
b1011 '
b1011 .
b1011 1
b1011 6
b1011 /
b1011 0
b11110 )
1!
#8001000
b11111 "
#8005000
0!
#8010000
b1000 5
0,
b11 4
b1001 %
b1001 +
b1001 8
b0 3
b101 -
b101 2
b101 9
b101 ;
b11111 )
b1000 /
b1000 0
0&
07
b1000 :
1!
#8011000
b100000 "
#8015000
0!
#8020000
b10 5
b1 4
b1011 3
b110 -
b110 2
b110 9
b110 ;
b110110 %
b110110 +
b110110 8
b1001 :
1&
17
b0 '
b0 .
b0 1
b0 6
b1001 /
b1001 0
b100000 )
1!
#8021000
b100001 "
#8025000
0!
#8030000
b100000 5
b10110 3
b101 4
b110111 %
b110111 +
b110111 8
b10 -
b10 2
b10 9
b10 ;
b100001 )
b110110 /
b110110 0
b1011 '
b1011 .
b1011 1
b1011 6
b110110 :
1!
#8031000
b100010 "
#8035000
0!
#8040000
b10000 5
b100 4
b100111 3
b1 -
b1 2
b1 9
b1 ;
b110100 %
b110100 +
b110100 8
b110111 :
b110 '
b110 .
b110 1
b110 6
b110111 /
b110111 0
b100010 )
1!
#8041000
b100011 "
#8045000
0!
#8050000
b1000000 5
b1110100 3
b110 4
b110101 %
b110101 +
b110101 8
b100 -
b100 2
b100 9
b100 ;
b100011 )
b110100 /
b110100 0
b111 '
b111 .
b111 1
b111 6
b110100 :
1!
#8051000
b100100 "
#8055000
0!
#8060000
b100 5
b10 4
b110001 3
b111 -
b111 2
b111 9
b111 ;
b110010 %
b110010 +
b110010 8
b110101 :
b100 '
b100 .
b100 1
b100 6
b110101 /
b110101 0
b100100 )
1!
#8061000
b100101 "
#8065000
0!
#8070000
b1000 5
b111010 3
b11 4
b110011 %
b110011 +
b110011 8
b101 -
b101 2
b101 9
b101 ;
b100101 )
b110010 /
b110010 0
b1 '
b1 .
b1 1
b1 6
b110010 :
1!
#8071000
b100110 "
#8075000
0!
#8080000
b10 5
b1 4
b110001 3
b110 -
b110 2
b110 9
b110 ;
b110000 %
b110000 +
b110000 8
b110011 :
b1010 '
b1010 .
b1010 1
b1010 6
b110011 /
b110011 0
b100110 )
1!
#8081000
b100111 "
#8085000
0!
#8090000
b1 5
b110001 3
b0 4
b110001 %
b110001 +
b110001 8
b11 -
b11 2
b11 9
b11 ;
b100111 )
b110000 /
b110000 0
b1 '
b1 .
b1 1
b1 6
b110000 :
1!
#8091000
b101000 "
#8095000
0!
#8100000
1,
b110001 3
b0 -
b0 2
b0 9
b0 ;
b111110 %
b111110 +
b111110 8
b110001 :
b110001 /
b110001 0
b101000 )
1!
#8101000
b101001 "
#8105000
0!
#8110000
b100 5
0,
b10 4
b111111 %
b111111 +
b111111 8
b111010 3
b111 -
b111 2
b111 9
b111 ;
b101001 )
b111110 /
b111110 0
0&
07
b111110 :
1!
#8111000
b101010 "
#8115000
0!
#8120000
b1000000 5
b110 4
b1111111 3
b100 -
b100 2
b100 9
b100 ;
b111100 %
b111100 +
b111100 8
b111111 :
1&
17
b1010 '
b1010 .
b1010 1
b1010 6
b111111 /
b111111 0
b101010 )
1!
#8121000
b101011 "
#8125000
0!
#8130000
b10000 5
b101100 3
b100 4
b111101 %
b111101 +
b111101 8
b1 -
b1 2
b1 9
b1 ;
b101011 )
b111100 /
b111100 0
b1111 '
b1111 .
b1111 1
b1111 6
b111100 :
1!
#8131000
b101100 "
#8135000
0!
#8140000
b100000 5
b101 4
b11101 3
b10 -
b10 2
b10 9
b10 ;
b111010 %
b111010 +
b111010 8
b111101 :
b1100 '
b1100 .
b1100 1
b1100 6
b111101 /
b111101 0
b101100 )
1!
#8141000
b101101 "
#8145000
0!
#8150000
b1 5
b111010 3
1,
b0 4
b111011 %
b111011 +
b111011 8
b0 -
b0 2
b0 9
b0 ;
b101101 )
b111010 /
b111010 0
b1101 '
b1101 .
b1101 1
b1101 6
b111010 :
1!
#8151000
b101110 "
#8155000
0!
#8160000
0,
b11 -
b11 2
b11 9
b11 ;
b111010 3
b111000 %
b111000 +
b111000 8
b111011 :
0&
07
b1010 '
b1010 .
b1010 1
b1010 6
b111011 /
b111011 0
b101110 )
1!
#8161000
b101111 "
#8165000
0!
#8170000
b10 5
b111010 3
b1 4
b111001 %
b111001 +
b111001 8
b110 -
b110 2
b110 9
b110 ;
b101111 )
b111000 /
b111000 0
1&
17
b111000 :
1!
#8171000
b110000 "
#8175000
0!
#8180000
b1000 5
b11 4
b110001 3
b101 -
b101 2
b101 9
b101 ;
b100110 %
b100110 +
b100110 8
b111001 :
b111001 /
b111001 0
b110000 )
1!
#8181000
b110001 "
#8185000
0!
#8190000
b1 5
b100111 3
b0 4
b100111 %
b100111 +
b100111 8
b11 -
b11 2
b11 9
b11 ;
b110001 )
b100110 /
b100110 0
b1 '
b1 .
b1 1
b1 6
b100110 :
1!
#8191000
b110010 "
#8195000
0!
#8200000
1,
b100111 3
b0 -
b0 2
b0 9
b0 ;
b100100 %
b100100 +
b100100 8
b100111 :
b111 '
b111 .
b111 1
b111 6
b100111 /
b100111 0
b110010 )
1!
#8201000
b110011 "
#8205000
0!
#8210000
b1000 5
0,
b11 4
b100101 %
b100101 +
b100101 8
b101100 3
b101 -
b101 2
b101 9
b101 ;
b110011 )
b100100 /
b100100 0
0&
07
b100100 :
1!
#8211000
b110100 "
#8215000
0!
#8220000
b10 5
b1 4
b100111 3
b110 -
b110 2
b110 9
b110 ;
b100010 %
b100010 +
b100010 8
b100101 :
1&
17
b1100 '
b1100 .
b1100 1
b1100 6
b100101 /
b100101 0
b110100 )
1!
#8221000
b110101 "
#8225000
0!
#8230000
b1000000 5
b1100010 3
b110 4
b100011 %
b100011 +
b100011 8
b100 -
b100 2
b100 9
b100 ;
b110101 )
b100010 /
b100010 0
b111 '
b111 .
b111 1
b111 6
b100010 :
1!
#8231000
b110110 "
#8235000
0!
#8240000
b100 5
b10 4
b100111 3
b111 -
b111 2
b111 9
b111 ;
b100000 %
b100000 +
b100000 8
b100011 :
b10 '
b10 .
b10 1
b10 6
b100011 /
b100011 0
b110110 )
1!
#8241000
b110111 "
#8245000
0!
#8250000
b100000 5
b0 3
b101 4
b100001 %
b100001 +
b100001 8
b10 -
b10 2
b10 9
b10 ;
b110111 )
b100000 /
b100000 0
b111 '
b111 .
b111 1
b111 6
b100000 :
1!
#8251000
b111000 "
#8255000
0!
#8260000
b10000 5
b100 4
b110001 3
b1 -
b1 2
b1 9
b1 ;
b101110 %
b101110 +
b101110 8
b100001 :
b0 '
b0 .
b0 1
b0 6
b100001 /
b100001 0
b111000 )
1!
#8261000
b111001 "
#8265000
0!
#8270000
b10 5
b101100 3
b1 4
b101111 %
b101111 +
b101111 8
b110 -
b110 2
b110 9
b110 ;
b111001 )
b101110 /
b101110 0
b1 '
b1 .
b1 1
b1 6
b101110 :
1!
#8271000
b111010 "
#8275000
0!
#8280000
b1000 5
b11 4
b100111 3
b101 -
b101 2
b101 9
b101 ;
b101100 %
b101100 +
b101100 8
b101111 :
b1100 '
b1100 .
b1100 1
b1100 6
b101111 /
b101111 0
b111010 )
1!
#8281000
b111011 "
#8285000
0!
#8290000
b1 5
b101100 3
1,
b0 4
b101101 %
b101101 +
b101101 8
b0 -
b0 2
b0 9
b0 ;
b111011 )
b101100 /
b101100 0
b111 '
b111 .
b111 1
b111 6
b101100 :
1!
#8291000
b111100 "
#8295000
0!
#8300000
0,
b11 -
b11 2
b11 9
b11 ;
b101100 3
b101010 %
b101010 +
b101010 8
b101101 :
0&
07
b1100 '
b1100 .
b1100 1
b1100 6
b101101 /
b101101 0
b111100 )
1!
#8301000
b111101 "
#8305000
0!
#8310000
b10000 5
b111010 3
b100 4
b101011 %
b101011 +
b101011 8
b1 -
b1 2
b1 9
b1 ;
b111101 )
b101010 /
b101010 0
1&
17
b101010 :
1!
#8311000
b111110 "
#8315000
0!
#8320000
b100000 5
b101 4
b1011 3
b10 -
b10 2
b10 9
b10 ;
b101000 %
b101000 +
b101000 8
b101011 :
b1010 '
b1010 .
b1010 1
b1010 6
b101011 /
b101011 0
b111110 )
1!
#8321000
b111111 "
#8325000
0!
#8330000
b100 5
b101100 3
b10 4
b101001 %
b101001 +
b101001 8
b111 -
b111 2
b111 9
b111 ;
b111111 )
b101000 /
b101000 0
b1011 '
b1011 .
b1011 1
b1011 6
b101000 :
1!
#8331000
b1000000 "
#8335000
0!
#8340000
b1000000 5
b110 4
b1101001 3
b100 -
b100 2
b100 9
b100 ;
b1010110 %
b1010110 +
b1010110 8
b101001 :
b1100 '
b1100 .
b1100 1
b1100 6
b101001 /
b101001 0
b1000000 )
1!
#8341000
b1000001 "
#8345000
0!
#8350000
b10110 3
b1010111 %
b1010111 +
b1010111 8
b1000001 )
b1010110 /
b1010110 0
b1001 '
b1001 .
b1001 1
b1001 6
b1010110 :
1!
#8351000
b1000010 "
#8355000
0!
#8360000
b100 5
b10 4
b1010011 3
b111 -
b111 2
b111 9
b111 ;
b1010100 %
b1010100 +
b1010100 8
b1010111 :
b110 '
b110 .
b110 1
b110 6
b1010111 /
b1010111 0
b1000010 )
1!
#8361000
b1000011 "
#8365000
0!
#8370000
b100000 5
b1110100 3
b101 4
b1010101 %
b1010101 +
b1010101 8
b10 -
b10 2
b10 9
b10 ;
b1000011 )
b1010100 /
b1010100 0
b11 '
b11 .
b11 1
b11 6
b1010100 :
1!
#8371000
b1000100 "
#8375000
0!
#8380000
b10000 5
b100 4
b1000101 3
b1 -
b1 2
b1 9
b1 ;
b1010010 %
b1010010 +
b1010010 8
b1010101 :
b100 '
b100 .
b100 1
b100 6
b1010101 /
b1010101 0
b1000100 )
1!
#8381000
b1000101 "
#8385000
0!
#8390000
b1 5
b1010011 3
b0 4
b1010011 %
b1010011 +
b1010011 8
b11 -
b11 2
b11 9
b11 ;
b1000101 )
b1010010 /
b1010010 0
b101 '
b101 .
b101 1
b101 6
b1010010 :
1!
#8391000
b1000110 "
#8395000
0!
#8400000
1,
b1010011 3
b0 -
b0 2
b0 9
b0 ;
b1010000 %
b1010000 +
b1010000 8
b1010011 :
b11 '
b11 .
b11 1
b11 6
b1010011 /
b1010011 0
b1000110 )
1!
#8401000
b1000111 "
#8405000
0!
#8410000
b1000 5
0,
b11 4
b1010001 %
b1010001 +
b1010001 8
b1011000 3
b101 -
b101 2
b101 9
b101 ;
b1000111 )
b1010000 /
b1010000 0
0&
07
b1010000 :
1!
#8411000
b1001000 "
#8415000
0!
#8420000
b10 5
b1 4
b1010011 3
b110 -
b110 2
b110 9
b110 ;
b1011110 %
b1011110 +
b1011110 8
b1010001 :
1&
17
b1000 '
b1000 .
b1000 1
b1000 6
b1010001 /
b1010001 0
b1001000 )
1!
#8421000
b1001001 "
#8425000
0!
#8430000
b10000 5
b1001110 3
b100 4
b1011111 %
b1011111 +
b1011111 8
b1 -
b1 2
b1 9
b1 ;
b1001001 )
b1011110 /
b1011110 0
b11 '
b11 .
b11 1
b11 6
b1011110 :
1!
#8431000
b1001010 "
#8435000
0!
#8440000
b100000 5
b101 4
b1111111 3
b10 -
b10 2
b10 9
b10 ;
b1011100 %
b1011100 +
b1011100 8
b1011111 :
b1110 '
b1110 .
b1110 1
b1110 6
b1011111 /
b1011111 0
b1001010 )
1!
#8441000
b1001011 "
#8445000
0!
#8450000
b100 5
b1011000 3
b10 4
b1011101 %
b1011101 +
b1011101 8
b111 -
b111 2
b111 9
b111 ;
b1001011 )
b1011100 /
b1011100 0
b1111 '
b1111 .
b1111 1
b1111 6
b1011100 :
1!
#8451000
b1001100 "
#8455000
0!
#8460000
b1000000 5
b110 4
b11101 3
b100 -
b100 2
b100 9
b100 ;
b1011010 %
b1011010 +
b1011010 8
b1011101 :
b1000 '
b1000 .
b1000 1
b1000 6
b1011101 /
b1011101 0
b1001100 )
1!
#8461000
b1001101 "
#8465000
0!
#8470000
b10 5
b1011000 3
b1 4
b1011011 %
b1011011 +
b1011011 8
b110 -
b110 2
b110 9
b110 ;
b1001101 )
b1011010 /
b1011010 0
b1101 '
b1101 .
b1101 1
b1101 6
b1011010 :
1!
#8471000
b1001110 "
#8475000
0!
#8480000
b1000 5
b11 4
b1010011 3
b101 -
b101 2
b101 9
b101 ;
b1011000 %
b1011000 +
b1011000 8
b1011011 :
b1000 '
b1000 .
b1000 1
b1000 6
b1011011 /
b1011011 0
b1001110 )
1!
#8481000
b1001111 "
#8485000
0!
#8490000
b1 5
b1011000 3
1,
b0 4
b1011001 %
b1011001 +
b1011001 8
b0 -
b0 2
b0 9
b0 ;
b1001111 )
b1011000 /
b1011000 0
b11 '
b11 .
b11 1
b11 6
b1011000 :
1!
#8491000
b1010000 "
#8495000
0!
#8500000
0,
b11 -
b11 2
b11 9
b11 ;
b1011000 3
b1000110 %
b1000110 +
b1000110 8
b1011001 :
0&
07
b1000 '
b1000 .
b1000 1
b1000 6
b1011001 /
b1011001 0
b1010000 )
1!
#8501000
b1010001 "
#8505000
0!
#8510000
b1000 5
b1001110 3
b11 4
b1000111 %
b1000111 +
b1000111 8
b101 -
b101 2
b101 9
b101 ;
b1010001 )
b1000110 /
b1000110 0
1&
17
b1000110 :
1!
#8511000
b1010010 "
#8515000
0!
#8520000
b10 5
b1 4
b1000101 3
b110 -
b110 2
b110 9
b110 ;
b1000100 %
b1000100 +
b1000100 8
b1000111 :
b1110 '
b1110 .
b1110 1
b1110 6
b1000111 /
b1000111 0
b1010010 )
1!
#8521000
b1010011 "
#8525000
0!
#8530000
b1 5
b1000101 3
b0 4
b1000101 %
b1000101 +
b1000101 8
b11 -
b11 2
b11 9
b11 ;
b1010011 )
b1000100 /
b1000100 0
b101 '
b101 .
b101 1
b101 6
b1000100 :
1!
#8531000
b1010100 "
#8535000
0!
#8540000
1,
b1000101 3
b0 -
b0 2
b0 9
b0 ;
b1000010 %
b1000010 +
b1000010 8
b1000101 :
b1000101 /
b1000101 0
b1010100 )
1!
#8541000
b1010101 "
#8545000
0!
#8550000
b100000 5
0,
b101 4
b1000011 %
b1000011 +
b1000011 8
b1100010 3
b10 -
b10 2
b10 9
b10 ;
b1010101 )
b1000010 /
b1000010 0
0&
07
b1000010 :
1!
#8551000
b1010110 "
#8555000
0!
#8560000
b10000 5
b100 4
b1010011 3
b1 -
b1 2
b1 9
b1 ;
b1000000 %
b1000000 +
b1000000 8
b1000011 :
1&
17
b10 '
b10 .
b10 1
b10 6
b1000011 /
b1000011 0
b1010110 )
1!
#8561000
b1010111 "
#8565000
0!
#8570000
b1000000 5
b0 3
b110 4
b1000001 %
b1000001 +
b1000001 8
b100 -
b100 2
b100 9
b100 ;
b1010111 )
b1000000 /
b1000000 0
b11 '
b11 .
b11 1
b11 6
b1000000 :
1!
#8571000
b1011000 "
#8575000
0!
#8580000
b100 5
b10 4
b1000101 3
b111 -
b111 2
b111 9
b111 ;
b1001110 %
b1001110 +
b1001110 8
b1000001 :
b0 '
b0 .
b0 1
b0 6
b1000001 /
b1000001 0
b1011000 )
1!
#8581000
b1011001 "
#8585000
0!
#8590000
b1 5
b1001110 3
1,
b0 4
b1001111 %
b1001111 +
b1001111 8
b0 -
b0 2
b0 9
b0 ;
b1011001 )
b1001110 /
b1001110 0
b101 '
b101 .
b101 1
b101 6
b1001110 :
1!
#8591000
b1011010 "
#8595000
0!
#8600000
0,
b11 -
b11 2
b11 9
b11 ;
b1001110 3
b1001100 %
b1001100 +
b1001100 8
b1001111 :
0&
07
b1110 '
b1110 .
b1110 1
b1110 6
b1001111 /
b1001111 0
b1011010 )
1!
#8601000
b1011011 "
#8605000
0!
#8610000
b10 5
b1001110 3
b1 4
b1001101 %
b1001101 +
b1001101 8
b110 -
b110 2
b110 9
b110 ;
b1011011 )
b1001100 /
b1001100 0
1&
17
b1001100 :
1!
#8611000
b1011100 "
#8615000
0!
#8620000
b1000 5
b11 4
b1000101 3
b101 -
b101 2
b101 9
b101 ;
b1001010 %
b1001010 +
b1001010 8
b1001101 :
b1001101 /
b1001101 0
b1011100 )
1!
#8621000
b1011101 "
#8625000
0!
#8630000
b100 5
b1001110 3
b10 4
b1001011 %
b1001011 +
b1001011 8
b111 -
b111 2
b111 9
b111 ;
b1011101 )
b1001010 /
b1001010 0
b101 '
b101 .
b101 1
b101 6
b1001010 :
1!
#8631000
b1011110 "
#8635000
0!
#8640000
b1000000 5
b110 4
b1011 3
b100 -
b100 2
b100 9
b100 ;
b1001000 %
b1001000 +
b1001000 8
b1001011 :
b1110 '
b1110 .
b1110 1
b1110 6
b1001011 /
b1001011 0
b1011110 )
1!
#8641000
b1011111 "
#8645000
0!
#8650000
b10000 5
b1011000 3
b100 4
b1001001 %
b1001001 +
b1001001 8
b1 -
b1 2
b1 9
b1 ;
b1011111 )
b1001000 /
b1001000 0
b1011 '
b1011 .
b1011 1
b1011 6
b1001000 :
1!
#8651000
b1100000 "
#8655000
0!
#8660000
b100000 5
b101 4
b1101001 3
b10 -
b10 2
b10 9
b10 ;
b1110110 %
b1110110 +
b1110110 8
b1001001 :
b1000 '
b1000 .
b1000 1
b1000 6
b1001001 /
b1001001 0
b1100000 )
1!
#8661000
b1100001 "
#8665000
0!
#8670000
b10 5
b1110100 3
b1 4
b1110111 %
b1110111 +
b1110111 8
b110 -
b110 2
b110 9
b110 ;
b1100001 )
b1110110 /
b1110110 0
b1001 '
b1001 .
b1001 1
b1001 6
b1110110 :
1!
#8671000
b1100010 "
#8675000
0!
#8680000
b1000 5
b11 4
b1111111 3
b101 -
b101 2
b101 9
b101 ;
b1110100 %
b1110100 +
b1110100 8
b1110111 :
b100 '
b100 .
b100 1
b100 6
b1110111 /
b1110111 0
b1100010 )
1!
#8681000
b1100011 "
#8685000
0!
#8690000
b1 5
b1110100 3
1,
b0 4
b1110101 %
b1110101 +
b1110101 8
b0 -
b0 2
b0 9
b0 ;
b1100011 )
b1110100 /
b1110100 0
b1111 '
b1111 .
b1111 1
b1111 6
b1110100 :
1!
#8691000
b1100100 "
#8695000
0!
#8700000
0,
b11 -
b11 2
b11 9
b11 ;
b1110100 3
b1110010 %
b1110010 +
b1110010 8
b1110101 :
0&
07
b100 '
b100 .
b100 1
b100 6
b1110101 /
b1110101 0
b1100100 )
1!
#8701000
b1100101 "
#8705000
0!
#8710000
b10000 5
b1100010 3
b100 4
b1110011 %
b1110011 +
b1110011 8
b1 -
b1 2
b1 9
b1 ;
b1100101 )
b1110010 /
b1110010 0
1&
17
b1110010 :
1!
#8711000
b1100110 "
#8715000
0!
#8720000
b100000 5
b101 4
b1010011 3
b10 -
b10 2
b10 9
b10 ;
b1110000 %
b1110000 +
b1110000 8
b1110011 :
b10 '
b10 .
b10 1
b10 6
b1110011 /
b1110011 0
b1100110 )
1!
#8721000
b1100111 "
#8725000
0!
#8730000
b100 5
b1110100 3
b10 4
b1110001 %
b1110001 +
b1110001 8
b111 -
b111 2
b111 9
b111 ;
b1100111 )
b1110000 /
b1110000 0
b11 '
b11 .
b11 1
b11 6
b1110000 :
1!
#8731000
b1101000 "
#8735000
0!
#8740000
b1000000 5
b110 4
b110001 3
b100 -
b100 2
b100 9
b100 ;
b1111110 %
b1111110 +
b1111110 8
b1110001 :
b100 '
b100 .
b100 1
b100 6
b1110001 /
b1110001 0
b1101000 )
1!
#8741000
b1101001 "
#8745000
0!
#8750000
b1 5
b1111111 3
b0 4
b1111111 %
b1111111 +
b1111111 8
b11 -
b11 2
b11 9
b11 ;
b1101001 )
b1111110 /
b1111110 0
b1 '
b1 .
b1 1
b1 6
b1111110 :
1!
#8751000
b1101010 "
#8755000
0!
#8760000
1,
b1111111 3
b0 -
b0 2
b0 9
b0 ;
b1111100 %
b1111100 +
b1111100 8
b1111111 :
b1111 '
b1111 .
b1111 1
b1111 6
b1111111 /
b1111111 0
b1101010 )
1!
#8761000
b1101011 "
#8765000
0!
#8770000
b1000 5
0,
b11 4
b1111101 %
b1111101 +
b1111101 8
b1110100 3
b101 -
b101 2
b101 9
b101 ;
b1101011 )
b1111100 /
b1111100 0
0&
07
b1111100 :
1!
#8771000
b1101100 "
#8775000
0!
#8780000
b10 5
b1 4
b1111111 3
b110 -
b110 2
b110 9
b110 ;
b1111010 %
b1111010 +
b1111010 8
b1111101 :
1&
17
b100 '
b100 .
b100 1
b100 6
b1111101 /
b1111101 0
b1101100 )
1!
#8781000
b1101101 "
#8785000
0!
#8790000
b1000000 5
b111010 3
b110 4
b1111011 %
b1111011 +
b1111011 8
b100 -
b100 2
b100 9
b100 ;
b1101101 )
b1111010 /
b1111010 0
b1111 '
b1111 .
b1111 1
b1111 6
b1111010 :
1!
#8791000
b1101110 "
#8795000
0!
#8800000
b100 5
b10 4
b1111111 3
b111 -
b111 2
b111 9
b111 ;
b1111000 %
b1111000 +
b1111000 8
b1111011 :
b1010 '
b1010 .
b1010 1
b1010 6
b1111011 /
b1111011 0
b1101110 )
1!
#8801000
b1101111 "
#8805000
0!
#8810000
b100000 5
b1011000 3
b101 4
b1111001 %
b1111001 +
b1111001 8
b10 -
b10 2
b10 9
b10 ;
b1101111 )
b1111000 /
b1111000 0
b1111 '
b1111 .
b1111 1
b1111 6
b1111000 :
1!
#8811000
b1110000 "
#8815000
0!
#8820000
b10000 5
b100 4
b1101001 3
b1 -
b1 2
b1 9
b1 ;
b1100110 %
b1100110 +
b1100110 8
b1111001 :
b1000 '
b1000 .
b1000 1
b1000 6
b1111001 /
b1111001 0
b1110000 )
1!
#8821000
b1110001 "
#8825000
0!
#8830000
b100 5
b1100010 3
b10 4
b1100111 %
b1100111 +
b1100111 8
b111 -
b111 2
b111 9
b111 ;
b1110001 )
b1100110 /
b1100110 0
b1001 '
b1001 .
b1001 1
b1001 6
b1100110 :
1!
#8831000
b1110010 "
#8835000
0!
#8840000
b1000000 5
b110 4
b100111 3
b100 -
b100 2
b100 9
b100 ;
b1100100 %
b1100100 +
b1100100 8
b1100111 :
b10 '
b10 .
b10 1
b10 6
b1100111 /
b1100111 0
b1110010 )
1!
#8841000
b1110011 "
#8845000
0!
#8850000
b10000 5
b1110100 3
b100 4
b1100101 %
b1100101 +
b1100101 8
b1 -
b1 2
b1 9
b1 ;
b1110011 )
b1100100 /
b1100100 0
b111 '
b111 .
b111 1
b111 6
b1100100 :
1!
#8851000
b1110100 "
#8855000
0!
#8860000
b100000 5
b101 4
b1000101 3
b10 -
b10 2
b10 9
b10 ;
b1100010 %
b1100010 +
b1100010 8
b1100101 :
b100 '
b100 .
b100 1
b100 6
b1100101 /
b1100101 0
b1110100 )
1!
#8861000
b1110101 "
#8865000
0!
#8870000
b1 5
b1100010 3
1,
b0 4
b1100011 %
b1100011 +
b1100011 8
b0 -
b0 2
b0 9
b0 ;
b1110101 )
b1100010 /
b1100010 0
b101 '
b101 .
b101 1
b101 6
b1100010 :
1!
#8871000
b1110110 "
#8875000
0!
#8880000
0,
b11 -
b11 2
b11 9
b11 ;
b1100010 3
b1100000 %
b1100000 +
b1100000 8
b1100011 :
0&
07
b10 '
b10 .
b10 1
b10 6
b1100011 /
b1100011 0
b1110110 )
1!
#8881000
b1110111 "
#8885000
0!
#8890000
b10 5
b1100010 3
b1 4
b1100001 %
b1100001 +
b1100001 8
b110 -
b110 2
b110 9
b110 ;
b1110111 )
b1100000 /
b1100000 0
1&
17
b1100000 :
1!
#8891000
b1111000 "
#8895000
0!
#8900000
b1000 5
b11 4
b1101001 3
b101 -
b101 2
b101 9
b101 ;
b1101110 %
b1101110 +
b1101110 8
b1100001 :
b1100001 /
b1100001 0
b1111000 )
1!
#8901000
b1111001 "
#8905000
0!
#8910000
b100000 5
b1001110 3
b101 4
b1101111 %
b1101111 +
b1101111 8
b10 -
b10 2
b10 9
b10 ;
b1111001 )
b1101110 /
b1101110 0
b1001 '
b1001 .
b1001 1
b1001 6
b1101110 :
1!
#8911000
b1111010 "
#8915000
0!
#8920000
b10000 5
b100 4
b1111111 3
b1 -
b1 2
b1 9
b1 ;
b1101100 %
b1101100 +
b1101100 8
b1101111 :
b1110 '
b1110 .
b1110 1
b1110 6
b1101111 /
b1101111 0
b1111010 )
1!
#8921000
b1111011 "
#8925000
0!
#8930000
b1000000 5
b101100 3
b110 4
b1101101 %
b1101101 +
b1101101 8
b100 -
b100 2
b100 9
b100 ;
b1111011 )
b1101100 /
b1101100 0
b1111 '
b1111 .
b1111 1
b1111 6
b1101100 :
1!
#8931000
b1111100 "
#8935000
0!
#8940000
b100 5
b10 4
b1101001 3
b111 -
b111 2
b111 9
b111 ;
b1101010 %
b1101010 +
b1101010 8
b1101101 :
b1100 '
b1100 .
b1100 1
b1100 6
b1101101 /
b1101101 0
b1111100 )
1!
#8941000
b1111101 "
#8945000
0!
#8950000
b1000 5
b1100010 3
b11 4
b1101011 %
b1101011 +
b1101011 8
b101 -
b101 2
b101 9
b101 ;
b1111101 )
b1101010 /
b1101010 0
b1001 '
b1001 .
b1001 1
b1001 6
b1101010 :
1!
#8951000
b1111110 "
#8955000
0!
#8960000
b10 5
b1 4
b1101001 3
b110 -
b110 2
b110 9
b110 ;
b1101000 %
b1101000 +
b1101000 8
b1101011 :
b10 '
b10 .
b10 1
b10 6
b1101011 /
b1101011 0
b1111110 )
1!
#8961000
b1111111 "
#8965000
0!
#8970000
b1 5
b1101001 3
b0 4
b1101001 %
b1101001 +
b1101001 8
b11 -
b11 2
b11 9
b11 ;
b1111111 )
b1101000 /
b1101000 0
b1001 '
b1001 .
b1001 1
b1001 6
b1101000 :
1!
#8971000
b0 "
b111 #
#8975000
0!
#8980000
b10 >
1,
b1101001 3
b0 -
b0 2
b0 9
b0 ;
b100111 %
b100111 +
b100111 8
b100111 (
b100111 =
b100111 ?
b1101001 :
b1101001 /
b1101001 0
b0 )
b111 *
b111 <
1!
#8981000
b1 "
#8985000
0!
#8990000
b100110 %
b100110 +
b100110 8
b100111 3
b1 )
b100111 /
b100111 0
0&
07
b100111 :
1!
#8991000
b10 "
#8995000
0!
#9000000
0,
b11 -
b11 2
b11 9
b11 ;
b100111 3
b100101 %
b100101 +
b100101 8
b100110 :
b111 '
b111 .
b111 1
b111 6
b100110 /
b100110 0
b10 )
1!
#9001000
b11 "
#9005000
0!
#9010000
b10 5
b100111 3
b1 4
b100100 %
b100100 +
b100100 8
b110 -
b110 2
b110 9
b110 ;
b11 )
b100101 /
b100101 0
1&
17
b100101 :
1!
#9011000
b100 "
#9015000
0!
#9020000
b1000 5
b11 4
b101100 3
b101 -
b101 2
b101 9
b101 ;
b100011 %
b100011 +
b100011 8
b100100 :
b100100 /
b100100 0
b100 )
1!
#9021000
b101 "
#9025000
0!
#9030000
b100 5
b100111 3
b10 4
b100010 %
b100010 +
b100010 8
b111 -
b111 2
b111 9
b111 ;
b101 )
b100011 /
b100011 0
b1100 '
b1100 .
b1100 1
b1100 6
b100011 :
1!
#9031000
b110 "
#9035000
0!
#9040000
b1000000 5
b110 4
b1100010 3
b100 -
b100 2
b100 9
b100 ;
b100001 %
b100001 +
b100001 8
b100010 :
b111 '
b111 .
b111 1
b111 6
b100010 /
b100010 0
b110 )
1!
#9041000
b111 "
#9045000
0!
#9050000
b10000 5
b110001 3
b100 4
b100000 %
b100000 +
b100000 8
b1 -
b1 2
b1 9
b1 ;
b111 )
b100001 /
b100001 0
b10 '
b10 .
b10 1
b10 6
b100001 :
1!
#9051000
b1000 "
#9055000
0!
#9060000
b100000 5
b101 4
b0 3
b10 -
b10 2
b10 9
b10 ;
b101111 %
b101111 +
b101111 8
b100000 :
b1 '
b1 .
b1 1
b1 6
b100000 /
b100000 0
b1000 )
1!
#9061000
b1001 "
#9065000
0!
#9070000
b1000 5
b100111 3
b11 4
b101110 %
b101110 +
b101110 8
b101 -
b101 2
b101 9
b101 ;
b1001 )
b101111 /
b101111 0
b0 '
b0 .
b0 1
b0 6
b101111 :
1!
#9071000
b1010 "
#9075000
0!
#9080000
b10 5
b1 4
b101100 3
b110 -
b110 2
b110 9
b110 ;
b101101 %
b101101 +
b101101 8
b101110 :
b111 '
b111 .
b111 1
b111 6
b101110 /
b101110 0
b1010 )
1!
#9081000
b1011 "
#9085000
0!
#9090000
b1 5
b101100 3
b0 4
b101100 %
b101100 +
b101100 8
b11 -
b11 2
b11 9
b11 ;
b1011 )
b101101 /
b101101 0
b1100 '
b1100 .
b1100 1
b1100 6
b101101 :
1!
#9091000
b1100 "
#9095000
0!
#9100000
1,
b101100 3
b0 -
b0 2
b0 9
b0 ;
b101011 %
b101011 +
b101011 8
b101100 :
b101100 /
b101100 0
b1100 )
1!
#9101000
b1101 "
#9105000
0!
#9110000
b100000 5
0,
b101 4
b101010 %
b101010 +
b101010 8
b1011 3
b10 -
b10 2
b10 9
b10 ;
b1101 )
b101011 /
b101011 0
0&
07
b101011 :
1!
#9111000
b1110 "
#9115000
0!
#9120000
b10000 5
b100 4
b111010 3
b1 -
b1 2
b1 9
b1 ;
b101001 %
b101001 +
b101001 8
b101010 :
1&
17
b1011 '
b1011 .
b1011 1
b1011 6
b101010 /
b101010 0
b1110 )
1!
#9121000
b1111 "
#9125000
0!
#9130000
b1000000 5
b1101001 3
b110 4
b101000 %
b101000 +
b101000 8
b100 -
b100 2
b100 9
b100 ;
b1111 )
b101001 /
b101001 0
b1010 '
b1010 .
b1010 1
b1010 6
b101001 :
1!
#9131000
b10000 "
#9135000
0!
#9140000
b100 5
b10 4
b101100 3
b111 -
b111 2
b111 9
b111 ;
b110111 %
b110111 +
b110111 8
b101000 :
b1001 '
b1001 .
b1001 1
b1001 6
b101000 /
b101000 0
b10000 )
1!
#9141000
b10001 "
#9145000
0!
#9150000
b10000 5
b100111 3
b100 4
b110110 %
b110110 +
b110110 8
b1 -
b1 2
b1 9
b1 ;
b10001 )
b110111 /
b110111 0
b1100 '
b1100 .
b1100 1
b1100 6
b110111 :
1!
#9151000
b10010 "
#9155000
0!
#9160000
b100000 5
b101 4
b10110 3
b10 -
b10 2
b10 9
b10 ;
b110101 %
b110101 +
b110101 8
b110110 :
b111 '
b111 .
b111 1
b111 6
b110110 /
b110110 0
b10010 )
1!
#9161000
b10011 "
#9165000
0!
#9170000
b100 5
b110001 3
b10 4
b110100 %
b110100 +
b110100 8
b111 -
b111 2
b111 9
b111 ;
b10011 )
b110101 /
b110101 0
b110 '
b110 .
b110 1
b110 6
b110101 :
1!
#9171000
b10100 "
#9175000
0!
#9180000
b1000000 5
b110 4
b1110100 3
b100 -
b100 2
b100 9
b100 ;
b110011 %
b110011 +
b110011 8
b110100 :
b1 '
b1 .
b1 1
b1 6
b110100 /
b110100 0
b10100 )
1!
#9181000
b10101 "
#9185000
0!
#9190000
b10 5
b110001 3
b1 4
b110010 %
b110010 +
b110010 8
b110 -
b110 2
b110 9
b110 ;
b10101 )
b110011 /
b110011 0
b100 '
b100 .
b100 1
b100 6
b110011 :
1!
#9191000
b10110 "
#9195000
0!
#9200000
b1000 5
b11 4
b111010 3
b101 -
b101 2
b101 9
b101 ;
b110001 %
b110001 +
b110001 8
b110010 :
b1 '
b1 .
b1 1
b1 6
b110010 /
b110010 0
b10110 )
1!
#9201000
b10111 "
#9205000
0!
#9210000
b1 5
b110001 3
1,
b0 4
b110000 %
b110000 +
b110000 8
b0 -
b0 2
b0 9
b0 ;
b10111 )
b110001 /
b110001 0
b1010 '
b1010 .
b1010 1
b1010 6
b110001 :
1!
#9211000
b11000 "
#9215000
0!
#9220000
0,
b11 -
b11 2
b11 9
b11 ;
b110001 3
b111111 %
b111111 +
b111111 8
b110000 :
0&
07
b1 '
b1 .
b1 1
b1 6
b110000 /
b110000 0
b11000 )
1!
#9221000
b11001 "
#9225000
0!
#9230000
b1000000 5
b1111111 3
b110 4
b111110 %
b111110 +
b111110 8
b100 -
b100 2
b100 9
b100 ;
b11001 )
b111111 /
b111111 0
1&
17
b111111 :
1!
#9231000
b11010 "
#9235000
0!
#9240000
b100 5
b10 4
b111010 3
b111 -
b111 2
b111 9
b111 ;
b111101 %
b111101 +
b111101 8
b111110 :
b1111 '
b1111 .
b1111 1
b1111 6
b111110 /
b111110 0
b11010 )
1!
#9241000
b11011 "
#9245000
0!
#9250000
b100000 5
b11101 3
b101 4
b111100 %
b111100 +
b111100 8
b10 -
b10 2
b10 9
b10 ;
b11011 )
b111101 /
b111101 0
b1010 '
b1010 .
b1010 1
b1010 6
b111101 :
1!
#9251000
b11100 "
#9255000
0!
#9260000
b10000 5
b100 4
b101100 3
b1 -
b1 2
b1 9
b1 ;
b111011 %
b111011 +
b111011 8
b111100 :
b1101 '
b1101 .
b1101 1
b1101 6
b111100 /
b111100 0
b11100 )
1!
#9261000
b11101 "
#9265000
0!
#9270000
b1 5
b111010 3
b0 4
b111010 %
b111010 +
b111010 8
b11 -
b11 2
b11 9
b11 ;
b11101 )
b111011 /
b111011 0
b1100 '
b1100 .
b1100 1
b1100 6
b111011 :
1!
#9271000
b11110 "
#9275000
0!
#9280000
1,
b111010 3
b0 -
b0 2
b0 9
b0 ;
b111001 %
b111001 +
b111001 8
b111010 :
b1010 '
b1010 .
b1010 1
b1010 6
b111010 /
b111010 0
b11110 )
1!
#9281000
b11111 "
#9285000
0!
#9290000
b1000 5
0,
b11 4
b111000 %
b111000 +
b111000 8
b110001 3
b101 -
b101 2
b101 9
b101 ;
b11111 )
b111001 /
b111001 0
0&
07
b111001 :
1!
#9291000
b100000 "
#9295000
0!
#9300000
b10 5
b1 4
b111010 3
b110 -
b110 2
b110 9
b110 ;
b111 %
b111 +
b111 8
b111000 :
1&
17
b1 '
b1 .
b1 1
b1 6
b111000 /
b111000 0
b100000 )
1!
#9301000
b100001 "
#9305000
0!
#9310000
b100000 5
b100111 3
b101 4
b110 %
b110 +
b110 8
b10 -
b10 2
b10 9
b10 ;
b100001 )
b111 /
b111 0
b1010 '
b1010 .
b1010 1
b1010 6
b111 :
1!
#9311000
b100010 "
#9315000
0!
#9320000
b10000 5
b100 4
b10110 3
b1 -
b1 2
b1 9
b1 ;
b101 %
b101 +
b101 8
b110 :
b111 '
b111 .
b111 1
b111 6
b110 /
b110 0
b100010 )
1!
#9321000
b100011 "
#9325000
0!
#9330000
b1000000 5
b1000101 3
b110 4
b100 %
b100 +
b100 8
b100 -
b100 2
b100 9
b100 ;
b100011 )
b101 /
b101 0
b110 '
b110 .
b110 1
b110 6
b101 :
1!
#9331000
b100100 "
#9335000
0!
#9340000
b100 5
b10 4
b0 3
b111 -
b111 2
b111 9
b111 ;
b11 %
b11 +
b11 8
b100 :
b101 '
b101 .
b101 1
b101 6
b100 /
b100 0
b100100 )
1!
#9341000
b100101 "
#9345000
0!
#9350000
b1000 5
b1011 3
b11 4
b10 %
b10 +
b10 8
b101 -
b101 2
b101 9
b101 ;
b100101 )
b11 /
b11 0
b0 '
b0 .
b0 1
b0 6
b11 :
1!
#9351000
b100110 "
#9355000
0!
#9360000
b10 5
b1 4
b0 3
b110 -
b110 2
b110 9
b110 ;
b1 %
b1 +
b1 8
b10 :
b1011 '
b1011 .
b1011 1
b1011 6
b10 /
b10 0
b100110 )
1!
#9361000
b100111 "
#9365000
0!
#9370000
b1 5
b0 3
b0 4
b0 %
b0 +
b0 8
b11 -
b11 2
b11 9
b11 ;
b100111 )
b1 /
b1 0
b0 '
b0 .
b0 1
b0 6
b1 :
1!
#9371000
b101000 "
#9375000
0!
#9380000
1,
b0 3
b0 -
b0 2
b0 9
b0 ;
b1111 %
b1111 +
b1111 8
b0 :
b0 /
b0 0
b101000 )
1!
#9381000
b101001 "
#9385000
0!
#9390000
b100 5
0,
b10 4
b1110 %
b1110 +
b1110 8
b1011 3
b111 -
b111 2
b111 9
b111 ;
b101001 )
b1111 /
b1111 0
0&
07
b1111 :
1!
#9391000
b101010 "
#9395000
0!
#9400000
b1000000 5
b110 4
b1001110 3
b100 -
b100 2
b100 9
b100 ;
b1101 %
b1101 +
b1101 8
b1110 :
1&
17
b1011 '
b1011 .
b1011 1
b1011 6
b1110 /
b1110 0
b101010 )
1!
#9401000
b101011 "
#9405000
0!
#9410000
b10000 5
b11101 3
b100 4
b1100 %
b1100 +
b1100 8
b1 -
b1 2
b1 9
b1 ;
b101011 )
b1101 /
b1101 0
b1110 '
b1110 .
b1110 1
b1110 6
b1101 :
1!
#9411000
b101100 "
#9415000
0!
#9420000
b100000 5
b101 4
b101100 3
b10 -
b10 2
b10 9
b10 ;
b1011 %
b1011 +
b1011 8
b1100 :
b1101 '
b1101 .
b1101 1
b1101 6
b1100 /
b1100 0
b101100 )
1!
#9421000
b101101 "
#9425000
0!
#9430000
b1 5
b1011 3
1,
b0 4
b1010 %
b1010 +
b1010 8
b0 -
b0 2
b0 9
b0 ;
b101101 )
b1011 /
b1011 0
b1100 '
b1100 .
b1100 1
b1100 6
b1011 :
1!
#9431000
b101110 "
#9435000
0!
#9440000
0,
b11 -
b11 2
b11 9
b11 ;
b1011 3
b1001 %
b1001 +
b1001 8
b1010 :
0&
07
b1011 '
b1011 .
b1011 1
b1011 6
b1010 /
b1010 0
b101110 )
1!
#9441000
b101111 "
#9445000
0!
#9450000
b10 5
b1011 3
b1 4
b1000 %
b1000 +
b1000 8
b110 -
b110 2
b110 9
b110 ;
b101111 )
b1001 /
b1001 0
1&
17
b1001 :
1!
#9451000
b110000 "
#9455000
0!
#9460000
b1000 5
b11 4
b0 3
b101 -
b101 2
b101 9
b101 ;
b10111 %
b10111 +
b10111 8
b1000 :
b1000 /
b1000 0
b110000 )
1!
#9461000
b110001 "
#9465000
0!
#9470000
b1 5
b10110 3
b0 4
b10110 %
b10110 +
b10110 8
b11 -
b11 2
b11 9
b11 ;
b110001 )
b10111 /
b10111 0
b0 '
b0 .
b0 1
b0 6
b10111 :
1!
#9471000
b110010 "
#9475000
0!
#9480000
1,
b10110 3
b0 -
b0 2
b0 9
b0 ;
b10101 %
b10101 +
b10101 8
b10110 :
b110 '
b110 .
b110 1
b110 6
b10110 /
b10110 0
b110010 )
1!
#9481000
b110011 "
#9485000
0!
#9490000
b1000 5
0,
b11 4
b10100 %
b10100 +
b10100 8
b11101 3
b101 -
b101 2
b101 9
b101 ;
b110011 )
b10101 /
b10101 0
0&
07
b10101 :
1!
#9491000
b110100 "
#9495000
0!
#9500000
b10 5
b1 4
b10110 3
b110 -
b110 2
b110 9
b110 ;
b10011 %
b10011 +
b10011 8
b10100 :
1&
17
b1101 '
b1101 .
b1101 1
b1101 6
b10100 /
b10100 0
b110100 )
1!
#9501000
b110101 "
#9505000
0!
#9510000
b1000000 5
b1010011 3
b110 4
b10010 %
b10010 +
b10010 8
b100 -
b100 2
b100 9
b100 ;
b110101 )
b10011 /
b10011 0
b110 '
b110 .
b110 1
b110 6
b10011 :
1!
#9511000
b110110 "
#9515000
0!
#9520000
b100 5
b10 4
b10110 3
b111 -
b111 2
b111 9
b111 ;
b10001 %
b10001 +
b10001 8
b10010 :
b11 '
b11 .
b11 1
b11 6
b10010 /
b10010 0
b110110 )
1!
#9521000
b110111 "
#9525000
0!
#9530000
b100000 5
b110001 3
b101 4
b10000 %
b10000 +
b10000 8
b10 -
b10 2
b10 9
b10 ;
b110111 )
b10001 /
b10001 0
b110 '
b110 .
b110 1
b110 6
b10001 :
1!
#9531000
b111000 "
#9535000
0!
#9540000
b10000 5
b100 4
b0 3
b1 -
b1 2
b1 9
b1 ;
b11111 %
b11111 +
b11111 8
b10000 :
b1 '
b1 .
b1 1
b1 6
b10000 /
b10000 0
b111000 )
1!
#9541000
b111001 "
#9545000
0!
#9550000
b10 5
b11101 3
b1 4
b11110 %
b11110 +
b11110 8
b110 -
b110 2
b110 9
b110 ;
b111001 )
b11111 /
b11111 0
b0 '
b0 .
b0 1
b0 6
b11111 :
1!
#9551000
b111010 "
#9555000
0!
#9560000
b1000 5
b11 4
b10110 3
b101 -
b101 2
b101 9
b101 ;
b11101 %
b11101 +
b11101 8
b11110 :
b1101 '
b1101 .
b1101 1
b1101 6
b11110 /
b11110 0
b111010 )
1!
#9561000
b111011 "
#9565000
0!
#9570000
b1 5
b11101 3
1,
b0 4
b11100 %
b11100 +
b11100 8
b0 -
b0 2
b0 9
b0 ;
b111011 )
b11101 /
b11101 0
b110 '
b110 .
b110 1
b110 6
b11101 :
1!
#9571000
b111100 "
#9575000
0!
#9580000
0,
b11 -
b11 2
b11 9
b11 ;
b11101 3
b11011 %
b11011 +
b11011 8
b11100 :
0&
07
b1101 '
b1101 .
b1101 1
b1101 6
b11100 /
b11100 0
b111100 )
1!
#9581000
b111101 "
#9585000
0!
#9590000
b10000 5
b1011 3
b100 4
b11010 %
b11010 +
b11010 8
b1 -
b1 2
b1 9
b1 ;
b111101 )
b11011 /
b11011 0
1&
17
b11011 :
1!
#9591000
b111110 "
#9595000
0!
#9600000
b100000 5
b101 4
b111010 3
b10 -
b10 2
b10 9
b10 ;
b11001 %
b11001 +
b11001 8
b11010 :
b1011 '
b1011 .
b1011 1
b1011 6
b11010 /
b11010 0
b111110 )
1!
#9601000
b111111 "
#9605000
0!
#9610000
b100 5
b11101 3
b10 4
b11000 %
b11000 +
b11000 8
b111 -
b111 2
b111 9
b111 ;
b111111 )
b11001 /
b11001 0
b1010 '
b1010 .
b1010 1
b1010 6
b11001 :
1!
#9611000
b1000000 "
#9615000
0!
#9620000
b1000000 5
b110 4
b1011000 3
b100 -
b100 2
b100 9
b100 ;
b1100111 %
b1100111 +
b1100111 8
b11000 :
b1101 '
b1101 .
b1101 1
b1101 6
b11000 /
b11000 0
b1000000 )
1!
#9621000
b1000001 "
#9625000
0!
#9630000
b100111 3
b1100110 %
b1100110 +
b1100110 8
b1000001 )
b1100111 /
b1100111 0
b1000 '
b1000 .
b1000 1
b1000 6
b1100111 :
1!
#9631000
b1000010 "
#9635000
0!
#9640000
b100 5
b10 4
b1100010 3
b111 -
b111 2
b111 9
b111 ;
b1100101 %
b1100101 +
b1100101 8
b1100110 :
b111 '
b111 .
b111 1
b111 6
b1100110 /
b1100110 0
b1000010 )
1!
#9641000
b1000011 "
#9645000
0!
#9650000
b100000 5
b1000101 3
b101 4
b1100100 %
b1100100 +
b1100100 8
b10 -
b10 2
b10 9
b10 ;
b1000011 )
b1100101 /
b1100101 0
b10 '
b10 .
b10 1
b10 6
b1100101 :
1!
#9651000
b1000100 "
#9655000
0!
#9660000
b10000 5
b100 4
b1110100 3
b1 -
b1 2
b1 9
b1 ;
b1100011 %
b1100011 +
b1100011 8
b1100100 :
b101 '
b101 .
b101 1
b101 6
b1100100 /
b1100100 0
b1000100 )
1!
#9661000
b1000101 "
#9665000
0!
#9670000
b1 5
b1100010 3
b0 4
b1100010 %
b1100010 +
b1100010 8
b11 -
b11 2
b11 9
b11 ;
b1000101 )
b1100011 /
b1100011 0
b100 '
b100 .
b100 1
b100 6
b1100011 :
1!
#9671000
b1000110 "
#9675000
0!
#9680000
1,
b1100010 3
b0 -
b0 2
b0 9
b0 ;
b1100001 %
b1100001 +
b1100001 8
b1100010 :
b10 '
b10 .
b10 1
b10 6
b1100010 /
b1100010 0
b1000110 )
1!
#9681000
b1000111 "
#9685000
0!
#9690000
b1000 5
0,
b11 4
b1100000 %
b1100000 +
b1100000 8
b1101001 3
b101 -
b101 2
b101 9
b101 ;
b1000111 )
b1100001 /
b1100001 0
0&
07
b1100001 :
1!
#9691000
b1001000 "
#9695000
0!
#9700000
b10 5
b1 4
b1100010 3
b110 -
b110 2
b110 9
b110 ;
b1101111 %
b1101111 +
b1101111 8
b1100000 :
1&
17
b1001 '
b1001 .
b1001 1
b1001 6
b1100000 /
b1100000 0
b1001000 )
1!
#9701000
b1001001 "
#9705000
0!
#9710000
b10000 5
b1111111 3
b100 4
b1101110 %
b1101110 +
b1101110 8
b1 -
b1 2
b1 9
b1 ;
b1001001 )
b1101111 /
b1101111 0
b10 '
b10 .
b10 1
b10 6
b1101111 :
1!
#9711000
b1001010 "
#9715000
0!
#9720000
b100000 5
b101 4
b1001110 3
b10 -
b10 2
b10 9
b10 ;
b1101101 %
b1101101 +
b1101101 8
b1101110 :
b1111 '
b1111 .
b1111 1
b1111 6
b1101110 /
b1101110 0
b1001010 )
1!
#9721000
b1001011 "
#9725000
0!
#9730000
b100 5
b1101001 3
b10 4
b1101100 %
b1101100 +
b1101100 8
b111 -
b111 2
b111 9
b111 ;
b1001011 )
b1101101 /
b1101101 0
b1110 '
b1110 .
b1110 1
b1110 6
b1101101 :
1!
#9731000
b1001100 "
#9735000
0!
#9740000
b1000000 5
b110 4
b101100 3
b100 -
b100 2
b100 9
b100 ;
b1101011 %
b1101011 +
b1101011 8
b1101100 :
b1001 '
b1001 .
b1001 1
b1001 6
b1101100 /
b1101100 0
b1001100 )
1!
#9741000
b1001101 "
#9745000
0!
#9750000
b10 5
b1101001 3
b1 4
b1101010 %
b1101010 +
b1101010 8
b110 -
b110 2
b110 9
b110 ;
b1001101 )
b1101011 /
b1101011 0
b1100 '
b1100 .
b1100 1
b1100 6
b1101011 :
1!
#9751000
b1001110 "
#9755000
0!
#9760000
b1000 5
b11 4
b1100010 3
b101 -
b101 2
b101 9
b101 ;
b1101001 %
b1101001 +
b1101001 8
b1101010 :
b1001 '
b1001 .
b1001 1
b1001 6
b1101010 /
b1101010 0
b1001110 )
1!
#9761000
b1001111 "
#9765000
0!
#9770000
b1 5
b1101001 3
1,
b0 4
b1101000 %
b1101000 +
b1101000 8
b0 -
b0 2
b0 9
b0 ;
b1001111 )
b1101001 /
b1101001 0
b10 '
b10 .
b10 1
b10 6
b1101001 :
1!
#9771000
b1010000 "
#9775000
0!
#9780000
0,
b11 -
b11 2
b11 9
b11 ;
b1101001 3
b1110111 %
b1110111 +
b1110111 8
b1101000 :
0&
07
b1001 '
b1001 .
b1001 1
b1001 6
b1101000 /
b1101000 0
b1010000 )
1!
#9781000
b1010001 "
#9785000
0!
#9790000
b1000 5
b1111111 3
b11 4
b1110110 %
b1110110 +
b1110110 8
b101 -
b101 2
b101 9
b101 ;
b1010001 )
b1110111 /
b1110111 0
1&
17
b1110111 :
1!
#9791000
b1010010 "
#9795000
0!
#9800000
b10 5
b1 4
b1110100 3
b110 -
b110 2
b110 9
b110 ;
b1110101 %
b1110101 +
b1110101 8
b1110110 :
b1111 '
b1111 .
b1111 1
b1111 6
b1110110 /
b1110110 0
b1010010 )
1!
#9801000
b1010011 "
#9805000
0!
#9810000
b1 5
b1110100 3
b0 4
b1110100 %
b1110100 +
b1110100 8
b11 -
b11 2
b11 9
b11 ;
b1010011 )
b1110101 /
b1110101 0
b100 '
b100 .
b100 1
b100 6
b1110101 :
1!
#9811000
b1010100 "
#9815000
0!
#9820000
1,
b1110100 3
b0 -
b0 2
b0 9
b0 ;
b1110011 %
b1110011 +
b1110011 8
b1110100 :
b1110100 /
b1110100 0
b1010100 )
1!
#9821000
b1010101 "
#9825000
0!
#9830000
b100000 5
0,
b101 4
b1110010 %
b1110010 +
b1110010 8
b1010011 3
b10 -
b10 2
b10 9
b10 ;
b1010101 )
b1110011 /
b1110011 0
0&
07
b1110011 :
1!
#9831000
b1010110 "
#9835000
0!
#9840000
b10000 5
b100 4
b1100010 3
b1 -
b1 2
b1 9
b1 ;
b1110001 %
b1110001 +
b1110001 8
b1110010 :
1&
17
b11 '
b11 .
b11 1
b11 6
b1110010 /
b1110010 0
b1010110 )
1!
#9841000
b1010111 "
#9845000
0!
#9850000
b1000000 5
b110001 3
b110 4
b1110000 %
b1110000 +
b1110000 8
b100 -
b100 2
b100 9
b100 ;
b1010111 )
b1110001 /
b1110001 0
b10 '
b10 .
b10 1
b10 6
b1110001 :
1!
#9851000
b1011000 "
#9855000
0!
#9860000
b100 5
b10 4
b1110100 3
b111 -
b111 2
b111 9
b111 ;
b1111111 %
b1111111 +
b1111111 8
b1110000 :
b1 '
b1 .
b1 1
b1 6
b1110000 /
b1110000 0
b1011000 )
1!
#9861000
b1011001 "
#9865000
0!
#9870000
b1 5
b1111111 3
1,
b0 4
b1111110 %
b1111110 +
b1111110 8
b0 -
b0 2
b0 9
b0 ;
b1011001 )
b1111111 /
b1111111 0
b100 '
b100 .
b100 1
b100 6
b1111111 :
1!
#9871000
b1011010 "
#9875000
0!
#9880000
0,
b11 -
b11 2
b11 9
b11 ;
b1111111 3
b1111101 %
b1111101 +
b1111101 8
b1111110 :
0&
07
b1111 '
b1111 .
b1111 1
b1111 6
b1111110 /
b1111110 0
b1011010 )
1!
#9881000
b1011011 "
#9885000
0!
#9890000
b10 5
b1111111 3
b1 4
b1111100 %
b1111100 +
b1111100 8
b110 -
b110 2
b110 9
b110 ;
b1011011 )
b1111101 /
b1111101 0
1&
17
b1111101 :
1!
#9891000
b1011100 "
#9895000
0!
#9900000
b1000 5
b11 4
b1110100 3
b101 -
b101 2
b101 9
b101 ;
b1111011 %
b1111011 +
b1111011 8
b1111100 :
b1111100 /
b1111100 0
b1011100 )
1!
#9901000
b1011101 "
#9905000
0!
#9910000
b100 5
b1111111 3
b10 4
b1111010 %
b1111010 +
b1111010 8
b111 -
b111 2
b111 9
b111 ;
b1011101 )
b1111011 /
b1111011 0
b100 '
b100 .
b100 1
b100 6
b1111011 :
1!
#9911000
b1011110 "
#9915000
0!
#9920000
b1000000 5
b110 4
b111010 3
b100 -
b100 2
b100 9
b100 ;
b1111001 %
b1111001 +
b1111001 8
b1111010 :
b1111 '
b1111 .
b1111 1
b1111 6
b1111010 /
b1111010 0
b1011110 )
1!
#9921000
b1011111 "
#9925000
0!
#9930000
b10000 5
b1101001 3
b100 4
b1111000 %
b1111000 +
b1111000 8
b1 -
b1 2
b1 9
b1 ;
b1011111 )
b1111001 /
b1111001 0
b1010 '
b1010 .
b1010 1
b1010 6
b1111001 :
1!
#9931000
b1100000 "
#9935000
0!
#9940000
b100000 5
b101 4
b1011000 3
b10 -
b10 2
b10 9
b10 ;
b1000111 %
b1000111 +
b1000111 8
b1111000 :
b1001 '
b1001 .
b1001 1
b1001 6
b1111000 /
b1111000 0
b1100000 )
1!
#9941000
b1100001 "
#9945000
0!
#9950000
b10 5
b1000101 3
b1 4
b1000110 %
b1000110 +
b1000110 8
b110 -
b110 2
b110 9
b110 ;
b1100001 )
b1000111 /
b1000111 0
b1000 '
b1000 .
b1000 1
b1000 6
b1000111 :
1!
#9951000
b1100010 "
#9955000
0!
#9960000
b1000 5
b11 4
b1001110 3
b101 -
b101 2
b101 9
b101 ;
b1000101 %
b1000101 +
b1000101 8
b1000110 :
b101 '
b101 .
b101 1
b101 6
b1000110 /
b1000110 0
b1100010 )
1!
#9961000
b1100011 "
#9965000
0!
#9970000
b1 5
b1000101 3
1,
b0 4
b1000100 %
b1000100 +
b1000100 8
b0 -
b0 2
b0 9
b0 ;
b1100011 )
b1000101 /
b1000101 0
b1110 '
b1110 .
b1110 1
b1110 6
b1000101 :
1!
#9971000
b1100100 "
#9975000
0!
#9980000
0,
b11 -
b11 2
b11 9
b11 ;
b1000101 3
b1000011 %
b1000011 +
b1000011 8
b1000100 :
0&
07
b101 '
b101 .
b101 1
b101 6
b1000100 /
b1000100 0
b1100100 )
1!
#9981000
b1100101 "
#9985000
0!
#9990000
b10000 5
b1010011 3
b100 4
b1000010 %
b1000010 +
b1000010 8
b1 -
b1 2
b1 9
b1 ;
b1100101 )
b1000011 /
b1000011 0
1&
17
b1000011 :
1!
#9991000
b1100110 "
#9995000
0!
#10000000
b100000 5
b101 4
b1100010 3
b10 -
b10 2
b10 9
b10 ;
b1000001 %
b1000001 +
b1000001 8
b1000010 :
b11 '
b11 .
b11 1
b11 6
b1000010 /
b1000010 0
b1100110 )
1!
#10001000
b1100111 "
#10005000
0!
#10010000
b100 5
b1000101 3
b10 4
b1000000 %
b1000000 +
b1000000 8
b111 -
b111 2
b111 9
b111 ;
b1100111 )
b1000001 /
b1000001 0
b10 '
b10 .
b10 1
b10 6
b1000001 :
1!
#10011000
b1101000 "
#10015000
0!
#10020000
b1000000 5
b110 4
b0 3
b100 -
b100 2
b100 9
b100 ;
b1001111 %
b1001111 +
b1001111 8
b1000000 :
b101 '
b101 .
b101 1
b101 6
b1000000 /
b1000000 0
b1101000 )
1!
#10021000
b1101001 "
#10025000
0!
#10030000
b1 5
b1001110 3
b0 4
b1001110 %
b1001110 +
b1001110 8
b11 -
b11 2
b11 9
b11 ;
b1101001 )
b1001111 /
b1001111 0
b0 '
b0 .
b0 1
b0 6
b1001111 :
1!
#10031000
b1101010 "
#10035000
0!
#10040000
1,
b1001110 3
b0 -
b0 2
b0 9
b0 ;
b1001101 %
b1001101 +
b1001101 8
b1001110 :
b1110 '
b1110 .
b1110 1
b1110 6
b1001110 /
b1001110 0
b1101010 )
1!
#10041000
b1101011 "
#10045000
0!
#10050000
b1000 5
0,
b11 4
b1001100 %
b1001100 +
b1001100 8
b1000101 3
b101 -
b101 2
b101 9
b101 ;
b1101011 )
b1001101 /
b1001101 0
0&
07
b1001101 :
1!
#10051000
b1101100 "
#10055000
0!
#10060000
b10 5
b1 4
b1001110 3
b110 -
b110 2
b110 9
b110 ;
b1001011 %
b1001011 +
b1001011 8
b1001100 :
1&
17
b101 '
b101 .
b101 1
b101 6
b1001100 /
b1001100 0
b1101100 )
1!
#10061000
b1101101 "
#10065000
0!
#10070000
b1000000 5
b1011 3
b110 4
b1001010 %
b1001010 +
b1001010 8
b100 -
b100 2
b100 9
b100 ;
b1101101 )
b1001011 /
b1001011 0
b1110 '
b1110 .
b1110 1
b1110 6
b1001011 :
1!
#10071000
b1101110 "
#10075000
0!
#10080000
b100 5
b10 4
b1001110 3
b111 -
b111 2
b111 9
b111 ;
b1001001 %
b1001001 +
b1001001 8
b1001010 :
b1011 '
b1011 .
b1011 1
b1011 6
b1001010 /
b1001010 0
b1101110 )
1!
#10081000
b1101111 "
#10085000
0!
#10090000
b100000 5
b1101001 3
b101 4
b1001000 %
b1001000 +
b1001000 8
b10 -
b10 2
b10 9
b10 ;
b1101111 )
b1001001 /
b1001001 0
b1110 '
b1110 .
b1110 1
b1110 6
b1001001 :
1!
#10091000
b1110000 "
#10095000
0!
#10100000
b10000 5
b100 4
b1011000 3
b1 -
b1 2
b1 9
b1 ;
b1010111 %
b1010111 +
b1010111 8
b1001000 :
b1001 '
b1001 .
b1001 1
b1001 6
b1001000 /
b1001000 0
b1110000 )
1!
#10101000
b1110001 "
#10105000
0!
#10110000
b100 5
b1010011 3
b10 4
b1010110 %
b1010110 +
b1010110 8
b111 -
b111 2
b111 9
b111 ;
b1110001 )
b1010111 /
b1010111 0
b1000 '
b1000 .
b1000 1
b1000 6
b1010111 :
1!
#10111000
b1110010 "
#10115000
0!
#10120000
b1000000 5
b110 4
b10110 3
b100 -
b100 2
b100 9
b100 ;
b1010101 %
b1010101 +
b1010101 8
b1010110 :
b11 '
b11 .
b11 1
b11 6
b1010110 /
b1010110 0
b1110010 )
1!
#10121000
b1110011 "
#10125000
0!
#10130000
b10000 5
b1000101 3
b100 4
b1010100 %
b1010100 +
b1010100 8
b1 -
b1 2
b1 9
b1 ;
b1110011 )
b1010101 /
b1010101 0
b110 '
b110 .
b110 1
b110 6
b1010101 :
1!
#10131000
b1110100 "
#10135000
0!
#10140000
b100000 5
b101 4
b1110100 3
b10 -
b10 2
b10 9
b10 ;
b1010011 %
b1010011 +
b1010011 8
b1010100 :
b101 '
b101 .
b101 1
b101 6
b1010100 /
b1010100 0
b1110100 )
1!
#10141000
b1110101 "
#10145000
0!
#10150000
b1 5
b1010011 3
1,
b0 4
b1010010 %
b1010010 +
b1010010 8
b0 -
b0 2
b0 9
b0 ;
b1110101 )
b1010011 /
b1010011 0
b100 '
b100 .
b100 1
b100 6
b1010011 :
1!
#10151000
b1110110 "
#10155000
0!
#10160000
0,
b11 -
b11 2
b11 9
b11 ;
b1010011 3
b1010001 %
b1010001 +
b1010001 8
b1010010 :
0&
07
b11 '
b11 .
b11 1
b11 6
b1010010 /
b1010010 0
b1110110 )
1!
#10161000
b1110111 "
#10165000
0!
#10170000
b10 5
b1010011 3
b1 4
b1010000 %
b1010000 +
b1010000 8
b110 -
b110 2
b110 9
b110 ;
b1110111 )
b1010001 /
b1010001 0
1&
17
b1010001 :
1!
#10171000
b1111000 "
#10175000
0!
#10180000
b1000 5
b11 4
b1011000 3
b101 -
b101 2
b101 9
b101 ;
b1011111 %
b1011111 +
b1011111 8
b1010000 :
b1010000 /
b1010000 0
b1111000 )
1!
#10181000
b1111001 "
#10185000
0!
#10190000
b100000 5
b1111111 3
b101 4
b1011110 %
b1011110 +
b1011110 8
b10 -
b10 2
b10 9
b10 ;
b1111001 )
b1011111 /
b1011111 0
b1000 '
b1000 .
b1000 1
b1000 6
b1011111 :
1!
#10191000
b1111010 "
#10195000
0!
#10200000
b10000 5
b100 4
b1001110 3
b1 -
b1 2
b1 9
b1 ;
b1011101 %
b1011101 +
b1011101 8
b1011110 :
b1111 '
b1111 .
b1111 1
b1111 6
b1011110 /
b1011110 0
b1111010 )
1!
#10201000
b1111011 "
#10205000
0!
#10210000
b1000000 5
b11101 3
b110 4
b1011100 %
b1011100 +
b1011100 8
b100 -
b100 2
b100 9
b100 ;
b1111011 )
b1011101 /
b1011101 0
b1110 '
b1110 .
b1110 1
b1110 6
b1011101 :
1!
#10211000
b1111100 "
#10215000
0!
#10220000
b100 5
b10 4
b1011000 3
b111 -
b111 2
b111 9
b111 ;
b1011011 %
b1011011 +
b1011011 8
b1011100 :
b1101 '
b1101 .
b1101 1
b1101 6
b1011100 /
b1011100 0
b1111100 )
1!
#10221000
b1111101 "
#10225000
0!
#10230000
b1000 5
b1010011 3
b11 4
b1011010 %
b1011010 +
b1011010 8
b101 -
b101 2
b101 9
b101 ;
b1111101 )
b1011011 /
b1011011 0
b1000 '
b1000 .
b1000 1
b1000 6
b1011011 :
1!
#10231000
b1111110 "
#10235000
0!
#10240000
b10 5
b1 4
b1011000 3
b110 -
b110 2
b110 9
b110 ;
b1011001 %
b1011001 +
b1011001 8
b1011010 :
b11 '
b11 .
b11 1
b11 6
b1011010 /
b1011010 0
b1111110 )
1!
#10241000
b1111111 "
#10245000
0!
#10250000
b1 5
b1011000 3
b0 4
b1011000 %
b1011000 +
b1011000 8
b11 -
b11 2
b11 9
b11 ;
b1111111 )
b1011001 /
b1011001 0
b1000 '
b1000 .
b1000 1
b1000 6
b1011001 :
1!
#10251000
b0 "
b1000 #
#10255000
0!
#10260000
1,
b1011000 3
b101 >
b0 -
b0 2
b0 9
b0 ;
b1011000 %
b1011000 +
b1011000 8
b1011000 (
b1011000 =
b1011000 ?
b1011000 :
b1011000 /
b1011000 0
b0 )
b1000 *
b1000 <
1!
#10261000
b1 "
#10265000
0!
#10270000
b1011001 %
b1011001 +
b1011001 8
b1 )
0&
07
1!
#10271000
b10 "
#10275000
0!
#10280000
0,
b11 -
b11 2
b11 9
b11 ;
b1011000 3
b1011010 %
b1011010 +
b1011010 8
b1011001 :
b1011001 /
b1011001 0
b10 )
1!
#10281000
b11 "
#10285000
0!
#10290000
b10 5
b1011000 3
b1 4
b1011011 %
b1011011 +
b1011011 8
b110 -
b110 2
b110 9
b110 ;
b11 )
b1011010 /
b1011010 0
1&
17
b1011010 :
1!
#10291000
b100 "
#10295000
0!
#10300000
b1000 5
b11 4
b1010011 3
b101 -
b101 2
b101 9
b101 ;
b1011100 %
b1011100 +
b1011100 8
b1011011 :
b1011011 /
b1011011 0
b100 )
1!
#10301000
b101 "
#10305000
0!
#10310000
b100 5
b1011000 3
b10 4
b1011101 %
b1011101 +
b1011101 8
b111 -
b111 2
b111 9
b111 ;
b101 )
b1011100 /
b1011100 0
b11 '
b11 .
b11 1
b11 6
b1011100 :
1!
#10311000
b110 "
#10315000
0!
#10320000
b1000000 5
b110 4
b11101 3
b100 -
b100 2
b100 9
b100 ;
b1011110 %
b1011110 +
b1011110 8
b1011101 :
b1000 '
b1000 .
b1000 1
b1000 6
b1011101 /
b1011101 0
b110 )
1!
#10321000
b111 "
#10325000
0!
#10330000
b10000 5
b1001110 3
b100 4
b1011111 %
b1011111 +
b1011111 8
b1 -
b1 2
b1 9
b1 ;
b111 )
b1011110 /
b1011110 0
b1101 '
b1101 .
b1101 1
b1101 6
b1011110 :
1!
#10331000
b1000 "
#10335000
0!
#10340000
b100000 5
b101 4
b1111111 3
b10 -
b10 2
b10 9
b10 ;
b1010000 %
b1010000 +
b1010000 8
b1011111 :
b1110 '
b1110 .
b1110 1
b1110 6
b1011111 /
b1011111 0
b1000 )
1!
#10341000
b1001 "
#10345000
0!
#10350000
b1000 5
b1011000 3
b11 4
b1010001 %
b1010001 +
b1010001 8
b101 -
b101 2
b101 9
b101 ;
b1001 )
b1010000 /
b1010000 0
b1111 '
b1111 .
b1111 1
b1111 6
b1010000 :
1!
#10351000
b1010 "
#10355000
0!
#10360000
b10 5
b1 4
b1010011 3
b110 -
b110 2
b110 9
b110 ;
b1010010 %
b1010010 +
b1010010 8
b1010001 :
b1000 '
b1000 .
b1000 1
b1000 6
b1010001 /
b1010001 0
b1010 )
1!
#10361000
b1011 "
#10365000
0!
#10370000
b1 5
b1010011 3
b0 4
b1010011 %
b1010011 +
b1010011 8
b11 -
b11 2
b11 9
b11 ;
b1011 )
b1010010 /
b1010010 0
b11 '
b11 .
b11 1
b11 6
b1010010 :
1!
#10371000
b1100 "
#10375000
0!
#10380000
1,
b1010011 3
b0 -
b0 2
b0 9
b0 ;
b1010100 %
b1010100 +
b1010100 8
b1010011 :
b1010011 /
b1010011 0
b1100 )
1!
#10381000
b1101 "
#10385000
0!
#10390000
b100000 5
0,
b101 4
b1010101 %
b1010101 +
b1010101 8
b1110100 3
b10 -
b10 2
b10 9
b10 ;
b1101 )
b1010100 /
b1010100 0
0&
07
b1010100 :
1!
#10391000
b1110 "
#10395000
0!
#10400000
b10000 5
b100 4
b1000101 3
b1 -
b1 2
b1 9
b1 ;
b1010110 %
b1010110 +
b1010110 8
b1010101 :
1&
17
b100 '
b100 .
b100 1
b100 6
b1010101 /
b1010101 0
b1110 )
1!
#10401000
b1111 "
#10405000
0!
#10410000
b1000000 5
b10110 3
b110 4
b1010111 %
b1010111 +
b1010111 8
b100 -
b100 2
b100 9
b100 ;
b1111 )
b1010110 /
b1010110 0
b101 '
b101 .
b101 1
b101 6
b1010110 :
1!
#10411000
b10000 "
#10415000
0!
#10420000
b100 5
b10 4
b1010011 3
b111 -
b111 2
b111 9
b111 ;
b1001000 %
b1001000 +
b1001000 8
b1010111 :
b110 '
b110 .
b110 1
b110 6
b1010111 /
b1010111 0
b10000 )
1!
#10421000
b10001 "
#10425000
0!
#10430000
b10000 5
b1011000 3
b100 4
b1001001 %
b1001001 +
b1001001 8
b1 -
b1 2
b1 9
b1 ;
b10001 )
b1001000 /
b1001000 0
b11 '
b11 .
b11 1
b11 6
b1001000 :
1!
#10431000
b10010 "
#10435000
0!
#10440000
b100000 5
b101 4
b1101001 3
b10 -
b10 2
b10 9
b10 ;
b1001010 %
b1001010 +
b1001010 8
b1001001 :
b1000 '
b1000 .
b1000 1
b1000 6
b1001001 /
b1001001 0
b10010 )
1!
#10441000
b10011 "
#10445000
0!
#10450000
b100 5
b1001110 3
b10 4
b1001011 %
b1001011 +
b1001011 8
b111 -
b111 2
b111 9
b111 ;
b10011 )
b1001010 /
b1001010 0
b1001 '
b1001 .
b1001 1
b1001 6
b1001010 :
1!
#10451000
b10100 "
#10455000
0!
#10460000
b1000000 5
b110 4
b1011 3
b100 -
b100 2
b100 9
b100 ;
b1001100 %
b1001100 +
b1001100 8
b1001011 :
b1110 '
b1110 .
b1110 1
b1110 6
b1001011 /
b1001011 0
b10100 )
1!
#10461000
b10101 "
#10465000
0!
#10470000
b10 5
b1001110 3
b1 4
b1001101 %
b1001101 +
b1001101 8
b110 -
b110 2
b110 9
b110 ;
b10101 )
b1001100 /
b1001100 0
b1011 '
b1011 .
b1011 1
b1011 6
b1001100 :
1!
#10471000
b10110 "
#10475000
0!
#10480000
b1000 5
b11 4
b1000101 3
b101 -
b101 2
b101 9
b101 ;
b1001110 %
b1001110 +
b1001110 8
b1001101 :
b1110 '
b1110 .
b1110 1
b1110 6
b1001101 /
b1001101 0
b10110 )
1!
#10481000
b10111 "
#10485000
0!
#10490000
b1 5
b1001110 3
1,
b0 4
b1001111 %
b1001111 +
b1001111 8
b0 -
b0 2
b0 9
b0 ;
b10111 )
b1001110 /
b1001110 0
b101 '
b101 .
b101 1
b101 6
b1001110 :
1!
#10491000
b11000 "
#10495000
0!
#10500000
0,
b11 -
b11 2
b11 9
b11 ;
b1001110 3
b1000000 %
b1000000 +
b1000000 8
b1001111 :
0&
07
b1110 '
b1110 .
b1110 1
b1110 6
b1001111 /
b1001111 0
b11000 )
1!
#10501000
b11001 "
#10505000
0!
#10510000
b1000000 5
b0 3
b110 4
b1000001 %
b1000001 +
b1000001 8
b100 -
b100 2
b100 9
b100 ;
b11001 )
b1000000 /
b1000000 0
1&
17
b1000000 :
1!
#10511000
b11010 "
#10515000
0!
#10520000
b100 5
b10 4
b1000101 3
b111 -
b111 2
b111 9
b111 ;
b1000010 %
b1000010 +
b1000010 8
b1000001 :
b0 '
b0 .
b0 1
b0 6
b1000001 /
b1000001 0
b11010 )
1!
#10521000
b11011 "
#10525000
0!
#10530000
b100000 5
b1100010 3
b101 4
b1000011 %
b1000011 +
b1000011 8
b10 -
b10 2
b10 9
b10 ;
b11011 )
b1000010 /
b1000010 0
b101 '
b101 .
b101 1
b101 6
b1000010 :
1!
#10531000
b11100 "
#10535000
0!
#10540000
b10000 5
b100 4
b1010011 3
b1 -
b1 2
b1 9
b1 ;
b1000100 %
b1000100 +
b1000100 8
b1000011 :
b10 '
b10 .
b10 1
b10 6
b1000011 /
b1000011 0
b11100 )
1!
#10541000
b11101 "
#10545000
0!
#10550000
b1 5
b1000101 3
b0 4
b1000101 %
b1000101 +
b1000101 8
b11 -
b11 2
b11 9
b11 ;
b11101 )
b1000100 /
b1000100 0
b11 '
b11 .
b11 1
b11 6
b1000100 :
1!
#10551000
b11110 "
#10555000
0!
#10560000
1,
b1000101 3
b0 -
b0 2
b0 9
b0 ;
b1000110 %
b1000110 +
b1000110 8
b1000101 :
b101 '
b101 .
b101 1
b101 6
b1000101 /
b1000101 0
b11110 )
1!
#10561000
b11111 "
#10565000
0!
#10570000
b1000 5
0,
b11 4
b1000111 %
b1000111 +
b1000111 8
b1001110 3
b101 -
b101 2
b101 9
b101 ;
b11111 )
b1000110 /
b1000110 0
0&
07
b1000110 :
1!
#10571000
b100000 "
#10575000
0!
#10580000
b10 5
b1 4
b1000101 3
b110 -
b110 2
b110 9
b110 ;
b1111000 %
b1111000 +
b1111000 8
b1000111 :
1&
17
b1110 '
b1110 .
b1110 1
b1110 6
b1000111 /
b1000111 0
b100000 )
1!
#10581000
b100001 "
#10585000
0!
#10590000
b100000 5
b1011000 3
b101 4
b1111001 %
b1111001 +
b1111001 8
b10 -
b10 2
b10 9
b10 ;
b100001 )
b1111000 /
b1111000 0
b101 '
b101 .
b101 1
b101 6
b1111000 :
1!
#10591000
b100010 "
#10595000
0!
#10600000
b10000 5
b100 4
b1101001 3
b1 -
b1 2
b1 9
b1 ;
b1111010 %
b1111010 +
b1111010 8
b1111001 :
b1000 '
b1000 .
b1000 1
b1000 6
b1111001 /
b1111001 0
b100010 )
1!
#10601000
b100011 "
#10605000
0!
#10610000
b1000000 5
b111010 3
b110 4
b1111011 %
b1111011 +
b1111011 8
b100 -
b100 2
b100 9
b100 ;
b100011 )
b1111010 /
b1111010 0
b1001 '
b1001 .
b1001 1
b1001 6
b1111010 :
1!
#10611000
b100100 "
#10615000
0!
#10620000
b100 5
b10 4
b1111111 3
b111 -
b111 2
b111 9
b111 ;
b1111100 %
b1111100 +
b1111100 8
b1111011 :
b1010 '
b1010 .
b1010 1
b1010 6
b1111011 /
b1111011 0
b100100 )
1!
#10621000
b100101 "
#10625000
0!
#10630000
b1000 5
b1110100 3
b11 4
b1111101 %
b1111101 +
b1111101 8
b101 -
b101 2
b101 9
b101 ;
b100101 )
b1111100 /
b1111100 0
b1111 '
b1111 .
b1111 1
b1111 6
b1111100 :
1!
#10631000
b100110 "
#10635000
0!
#10640000
b10 5
b1 4
b1111111 3
b110 -
b110 2
b110 9
b110 ;
b1111110 %
b1111110 +
b1111110 8
b1111101 :
b100 '
b100 .
b100 1
b100 6
b1111101 /
b1111101 0
b100110 )
1!
#10641000
b100111 "
#10645000
0!
#10650000
b1 5
b1111111 3
b0 4
b1111111 %
b1111111 +
b1111111 8
b11 -
b11 2
b11 9
b11 ;
b100111 )
b1111110 /
b1111110 0
b1111 '
b1111 .
b1111 1
b1111 6
b1111110 :
1!
#10651000
b101000 "
#10655000
0!
#10660000
1,
b1111111 3
b0 -
b0 2
b0 9
b0 ;
b1110000 %
b1110000 +
b1110000 8
b1111111 :
b1111111 /
b1111111 0
b101000 )
1!
#10661000
b101001 "
#10665000
0!
#10670000
b100 5
0,
b10 4
b1110001 %
b1110001 +
b1110001 8
b1110100 3
b111 -
b111 2
b111 9
b111 ;
b101001 )
b1110000 /
b1110000 0
0&
07
b1110000 :
1!
#10671000
b101010 "
#10675000
0!
#10680000
b1000000 5
b110 4
b110001 3
b100 -
b100 2
b100 9
b100 ;
b1110010 %
b1110010 +
b1110010 8
b1110001 :
1&
17
b100 '
b100 .
b100 1
b100 6
b1110001 /
b1110001 0
b101010 )
1!
#10681000
b101011 "
#10685000
0!
#10690000
b10000 5
b1100010 3
b100 4
b1110011 %
b1110011 +
b1110011 8
b1 -
b1 2
b1 9
b1 ;
b101011 )
b1110010 /
b1110010 0
b1 '
b1 .
b1 1
b1 6
b1110010 :
1!
#10691000
b101100 "
#10695000
0!
#10700000
b100000 5
b101 4
b1010011 3
b10 -
b10 2
b10 9
b10 ;
b1110100 %
b1110100 +
b1110100 8
b1110011 :
b10 '
b10 .
b10 1
b10 6
b1110011 /
b1110011 0
b101100 )
1!
#10701000
b101101 "
#10705000
0!
#10710000
b1 5
b1110100 3
1,
b0 4
b1110101 %
b1110101 +
b1110101 8
b0 -
b0 2
b0 9
b0 ;
b101101 )
b1110100 /
b1110100 0
b11 '
b11 .
b11 1
b11 6
b1110100 :
1!
#10711000
b101110 "
#10715000
0!
#10720000
0,
b11 -
b11 2
b11 9
b11 ;
b1110100 3
b1110110 %
b1110110 +
b1110110 8
b1110101 :
0&
07
b100 '
b100 .
b100 1
b100 6
b1110101 /
b1110101 0
b101110 )
1!
#10721000
b101111 "
#10725000
0!
#10730000
b10 5
b1110100 3
b1 4
b1110111 %
b1110111 +
b1110111 8
b110 -
b110 2
b110 9
b110 ;
b101111 )
b1110110 /
b1110110 0
1&
17
b1110110 :
1!
#10731000
b110000 "
#10735000
0!
#10740000
b1000 5
b11 4
b1111111 3
b101 -
b101 2
b101 9
b101 ;
b1101000 %
b1101000 +
b1101000 8
b1110111 :
b1110111 /
b1110111 0
b110000 )
1!
#10741000
b110001 "
#10745000
0!
#10750000
b1 5
b1101001 3
b0 4
b1101001 %
b1101001 +
b1101001 8
b11 -
b11 2
b11 9
b11 ;
b110001 )
b1101000 /
b1101000 0
b1111 '
b1111 .
b1111 1
b1111 6
b1101000 :
1!
#10751000
b110010 "
#10755000
0!
#10760000
1,
b1101001 3
b0 -
b0 2
b0 9
b0 ;
b1101010 %
b1101010 +
b1101010 8
b1101001 :
b1001 '
b1001 .
b1001 1
b1001 6
b1101001 /
b1101001 0
b110010 )
1!
#10761000
b110011 "
#10765000
0!
#10770000
b1000 5
0,
b11 4
b1101011 %
b1101011 +
b1101011 8
b1100010 3
b101 -
b101 2
b101 9
b101 ;
b110011 )
b1101010 /
b1101010 0
0&
07
b1101010 :
1!
#10771000
b110100 "
#10775000
0!
#10780000
b10 5
b1 4
b1101001 3
b110 -
b110 2
b110 9
b110 ;
b1101100 %
b1101100 +
b1101100 8
b1101011 :
1&
17
b10 '
b10 .
b10 1
b10 6
b1101011 /
b1101011 0
b110100 )
1!
#10781000
b110101 "
#10785000
0!
#10790000
b1000000 5
b101100 3
b110 4
b1101101 %
b1101101 +
b1101101 8
b100 -
b100 2
b100 9
b100 ;
b110101 )
b1101100 /
b1101100 0
b1001 '
b1001 .
b1001 1
b1001 6
b1101100 :
1!
#10791000
b110110 "
#10795000
0!
#10800000
b100 5
b10 4
b1101001 3
b111 -
b111 2
b111 9
b111 ;
b1101110 %
b1101110 +
b1101110 8
b1101101 :
b1100 '
b1100 .
b1100 1
b1100 6
b1101101 /
b1101101 0
b110110 )
1!
#10801000
b110111 "
#10805000
0!
#10810000
b100000 5
b1001110 3
b101 4
b1101111 %
b1101111 +
b1101111 8
b10 -
b10 2
b10 9
b10 ;
b110111 )
b1101110 /
b1101110 0
b1001 '
b1001 .
b1001 1
b1001 6
b1101110 :
1!
#10811000
b111000 "
#10815000
0!
#10820000
b10000 5
b100 4
b1111111 3
b1 -
b1 2
b1 9
b1 ;
b1100000 %
b1100000 +
b1100000 8
b1101111 :
b1110 '
b1110 .
b1110 1
b1110 6
b1101111 /
b1101111 0
b111000 )
1!
#10821000
b111001 "
#10825000
0!
#10830000
b10 5
b1100010 3
b1 4
b1100001 %
b1100001 +
b1100001 8
b110 -
b110 2
b110 9
b110 ;
b111001 )
b1100000 /
b1100000 0
b1111 '
b1111 .
b1111 1
b1111 6
b1100000 :
1!
#10831000
b111010 "
#10835000
0!
#10840000
b1000 5
b11 4
b1101001 3
b101 -
b101 2
b101 9
b101 ;
b1100010 %
b1100010 +
b1100010 8
b1100001 :
b10 '
b10 .
b10 1
b10 6
b1100001 /
b1100001 0
b111010 )
1!
#10841000
b111011 "
#10845000
0!
#10850000
b1 5
b1100010 3
1,
b0 4
b1100011 %
b1100011 +
b1100011 8
b0 -
b0 2
b0 9
b0 ;
b111011 )
b1100010 /
b1100010 0
b1001 '
b1001 .
b1001 1
b1001 6
b1100010 :
1!
#10851000
b111100 "
#10855000
0!
#10860000
0,
b11 -
b11 2
b11 9
b11 ;
b1100010 3
b1100100 %
b1100100 +
b1100100 8
b1100011 :
0&
07
b10 '
b10 .
b10 1
b10 6
b1100011 /
b1100011 0
b111100 )
1!
#10861000
b111101 "
#10865000
0!
#10870000
b10000 5
b1110100 3
b100 4
b1100101 %
b1100101 +
b1100101 8
b1 -
b1 2
b1 9
b1 ;
b111101 )
b1100100 /
b1100100 0
1&
17
b1100100 :
1!
#10871000
b111110 "
#10875000
0!
#10880000
b100000 5
b101 4
b1000101 3
b10 -
b10 2
b10 9
b10 ;
b1100110 %
b1100110 +
b1100110 8
b1100101 :
b100 '
b100 .
b100 1
b100 6
b1100101 /
b1100101 0
b111110 )
1!
#10881000
b111111 "
#10885000
0!
#10890000
b100 5
b1100010 3
b10 4
b1100111 %
b1100111 +
b1100111 8
b111 -
b111 2
b111 9
b111 ;
b111111 )
b1100110 /
b1100110 0
b101 '
b101 .
b101 1
b101 6
b1100110 :
1!
#10891000
b1000000 "
#10895000
0!
#10900000
b1000000 5
b110 4
b100111 3
b100 -
b100 2
b100 9
b100 ;
b11000 %
b11000 +
b11000 8
b1100111 :
b10 '
b10 .
b10 1
b10 6
b1100111 /
b1100111 0
b1000000 )
1!
#10901000
b1000001 "
#10905000
0!
#10910000
b1011000 3
b11001 %
b11001 +
b11001 8
b1000001 )
b11000 /
b11000 0
b111 '
b111 .
b111 1
b111 6
b11000 :
1!
#10911000
b1000010 "
#10915000
0!
#10920000
b100 5
b10 4
b11101 3
b111 -
b111 2
b111 9
b111 ;
b11010 %
b11010 +
b11010 8
b11001 :
b1000 '
b1000 .
b1000 1
b1000 6
b11001 /
b11001 0
b1000010 )
1!
#10921000
b1000011 "
#10925000
0!
#10930000
b100000 5
b111010 3
b101 4
b11011 %
b11011 +
b11011 8
b10 -
b10 2
b10 9
b10 ;
b1000011 )
b11010 /
b11010 0
b1101 '
b1101 .
b1101 1
b1101 6
b11010 :
1!
#10931000
b1000100 "
#10935000
0!
#10940000
b10000 5
b100 4
b1011 3
b1 -
b1 2
b1 9
b1 ;
b11100 %
b11100 +
b11100 8
b11011 :
b1010 '
b1010 .
b1010 1
b1010 6
b11011 /
b11011 0
b1000100 )
1!
#10941000
b1000101 "
#10945000
0!
#10950000
b1 5
b11101 3
b0 4
b11101 %
b11101 +
b11101 8
b11 -
b11 2
b11 9
b11 ;
b1000101 )
b11100 /
b11100 0
b1011 '
b1011 .
b1011 1
b1011 6
b11100 :
1!
#10951000
b1000110 "
#10955000
0!
#10960000
1,
b11101 3
b0 -
b0 2
b0 9
b0 ;
b11110 %
b11110 +
b11110 8
b11101 :
b1101 '
b1101 .
b1101 1
b1101 6
b11101 /
b11101 0
b1000110 )
1!
#10961000
b1000111 "
#10965000
0!
#10970000
b1000 5
0,
b11 4
b11111 %
b11111 +
b11111 8
b10110 3
b101 -
b101 2
b101 9
b101 ;
b1000111 )
b11110 /
b11110 0
0&
07
b11110 :
1!
#10971000
b1001000 "
#10975000
0!
#10980000
b10 5
b1 4
b11101 3
b110 -
b110 2
b110 9
b110 ;
b10000 %
b10000 +
b10000 8
b11111 :
1&
17
b110 '
b110 .
b110 1
b110 6
b11111 /
b11111 0
b1001000 )
1!
#10981000
b1001001 "
#10985000
0!
#10990000
b10000 5
b0 3
b100 4
b10001 %
b10001 +
b10001 8
b1 -
b1 2
b1 9
b1 ;
b1001001 )
b10000 /
b10000 0
b1101 '
b1101 .
b1101 1
b1101 6
b10000 :
1!
#10991000
b1001010 "
#10995000
0!
#11000000
b100000 5
b101 4
b110001 3
b10 -
b10 2
b10 9
b10 ;
b10010 %
b10010 +
b10010 8
b10001 :
b0 '
b0 .
b0 1
b0 6
b10001 /
b10001 0
b1001010 )
1!
#11001000
b1001011 "
#11005000
0!
#11010000
b100 5
b10110 3
b10 4
b10011 %
b10011 +
b10011 8
b111 -
b111 2
b111 9
b111 ;
b1001011 )
b10010 /
b10010 0
b1 '
b1 .
b1 1
b1 6
b10010 :
1!
#11011000
b1001100 "
#11015000
0!
#11020000
b1000000 5
b110 4
b1010011 3
b100 -
b100 2
b100 9
b100 ;
b10100 %
b10100 +
b10100 8
b10011 :
b110 '
b110 .
b110 1
b110 6
b10011 /
b10011 0
b1001100 )
1!
#11021000
b1001101 "
#11025000
0!
#11030000
b10 5
b10110 3
b1 4
b10101 %
b10101 +
b10101 8
b110 -
b110 2
b110 9
b110 ;
b1001101 )
b10100 /
b10100 0
b11 '
b11 .
b11 1
b11 6
b10100 :
1!
#11031000
b1001110 "
#11035000
0!
#11040000
b1000 5
b11 4
b11101 3
b101 -
b101 2
b101 9
b101 ;
b10110 %
b10110 +
b10110 8
b10101 :
b110 '
b110 .
b110 1
b110 6
b10101 /
b10101 0
b1001110 )
1!
#11041000
b1001111 "
#11045000
0!
#11050000
b1 5
b10110 3
1,
b0 4
b10111 %
b10111 +
b10111 8
b0 -
b0 2
b0 9
b0 ;
b1001111 )
b10110 /
b10110 0
b1101 '
b1101 .
b1101 1
b1101 6
b10110 :
1!
#11051000
b1010000 "
#11055000
0!
#11060000
0,
b11 -
b11 2
b11 9
b11 ;
b10110 3
b1000 %
b1000 +
b1000 8
b10111 :
0&
07
b110 '
b110 .
b110 1
b110 6
b10111 /
b10111 0
b1010000 )
1!
#11061000
b1010001 "
#11065000
0!
#11070000
b1000 5
b0 3
b11 4
b1001 %
b1001 +
b1001 8
b101 -
b101 2
b101 9
b101 ;
b1010001 )
b1000 /
b1000 0
1&
17
b1000 :
1!
#11071000
b1010010 "
#11075000
0!
#11080000
b10 5
b1 4
b1011 3
b110 -
b110 2
b110 9
b110 ;
b1010 %
b1010 +
b1010 8
b1001 :
b0 '
b0 .
b0 1
b0 6
b1001 /
b1001 0
b1010010 )
1!
#11081000
b1010011 "
#11085000
0!
#11090000
b1 5
b1011 3
b0 4
b1011 %
b1011 +
b1011 8
b11 -
b11 2
b11 9
b11 ;
b1010011 )
b1010 /
b1010 0
b1011 '
b1011 .
b1011 1
b1011 6
b1010 :
1!
#11091000
b1010100 "
#11095000
0!
#11100000
1,
b1011 3
b0 -
b0 2
b0 9
b0 ;
b1100 %
b1100 +
b1100 8
b1011 :
b1011 /
b1011 0
b1010100 )
1!
#11101000
b1010101 "
#11105000
0!
#11110000
b100000 5
0,
b101 4
b1101 %
b1101 +
b1101 8
b101100 3
b10 -
b10 2
b10 9
b10 ;
b1010101 )
b1100 /
b1100 0
0&
07
b1100 :
1!
#11111000
b1010110 "
#11115000
0!
#11120000
b10000 5
b100 4
b11101 3
b1 -
b1 2
b1 9
b1 ;
b1110 %
b1110 +
b1110 8
b1101 :
1&
17
b1100 '
b1100 .
b1100 1
b1100 6
b1101 /
b1101 0
b1010110 )
1!
#11121000
b1010111 "
#11125000
0!
#11130000
b1000000 5
b1001110 3
b110 4
b1111 %
b1111 +
b1111 8
b100 -
b100 2
b100 9
b100 ;
b1010111 )
b1110 /
b1110 0
b1101 '
b1101 .
b1101 1
b1101 6
b1110 :
1!
#11131000
b1011000 "
#11135000
0!
#11140000
b100 5
b10 4
b1011 3
b111 -
b111 2
b111 9
b111 ;
b0 %
b0 +
b0 8
b1111 :
b1110 '
b1110 .
b1110 1
b1110 6
b1111 /
b1111 0
b1011000 )
1!
#11141000
b1011001 "
#11145000
0!
#11150000
b1 5
b0 3
1,
b0 4
b1 %
b1 +
b1 8
b0 -
b0 2
b0 9
b0 ;
b1011001 )
b0 /
b0 0
b1011 '
b1011 .
b1011 1
b1011 6
b0 :
1!
#11151000
b1011010 "
#11155000
0!
#11160000
0,
b11 -
b11 2
b11 9
b11 ;
b0 3
b10 %
b10 +
b10 8
b1 :
0&
07
b0 '
b0 .
b0 1
b0 6
b1 /
b1 0
b1011010 )
1!
#11161000
b1011011 "
#11165000
0!
#11170000
b10 5
b0 3
b1 4
b11 %
b11 +
b11 8
b110 -
b110 2
b110 9
b110 ;
b1011011 )
b10 /
b10 0
1&
17
b10 :
1!
#11171000
b1011100 "
#11175000
0!
#11180000
b1000 5
b11 4
b1011 3
b101 -
b101 2
b101 9
b101 ;
b100 %
b100 +
b100 8
b11 :
b11 /
b11 0
b1011100 )
1!
#11181000
b1011101 "
#11185000
0!
#11190000
b100 5
b0 3
b10 4
b101 %
b101 +
b101 8
b111 -
b111 2
b111 9
b111 ;
b1011101 )
b100 /
b100 0
b1011 '
b1011 .
b1011 1
b1011 6
b100 :
1!
#11191000
b1011110 "
#11195000
0!
#11200000
b1000000 5
b110 4
b1000101 3
b100 -
b100 2
b100 9
b100 ;
b110 %
b110 +
b110 8
b101 :
b0 '
b0 .
b0 1
b0 6
b101 /
b101 0
b1011110 )
1!
#11201000
b1011111 "
#11205000
0!
#11210000
b10000 5
b10110 3
b100 4
b111 %
b111 +
b111 8
b1 -
b1 2
b1 9
b1 ;
b1011111 )
b110 /
b110 0
b101 '
b101 .
b101 1
b101 6
b110 :
1!
#11211000
b1100000 "
#11215000
0!
#11220000
b100000 5
b101 4
b100111 3
b10 -
b10 2
b10 9
b10 ;
b111000 %
b111000 +
b111000 8
b111 :
b110 '
b110 .
b110 1
b110 6
b111 /
b111 0
b1100000 )
1!
#11221000
b1100001 "
#11225000
0!
#11230000
b10 5
b111010 3
b1 4
b111001 %
b111001 +
b111001 8
b110 -
b110 2
b110 9
b110 ;
b1100001 )
b111000 /
b111000 0
b111 '
b111 .
b111 1
b111 6
b111000 :
1!
#11231000
b1100010 "
#11235000
0!
#11240000
b1000 5
b11 4
b110001 3
b101 -
b101 2
b101 9
b101 ;
b111010 %
b111010 +
b111010 8
b111001 :
b1010 '
b1010 .
b1010 1
b1010 6
b111001 /
b111001 0
b1100010 )
1!
#11241000
b1100011 "
#11245000
0!
#11250000
b1 5
b111010 3
1,
b0 4
b111011 %
b111011 +
b111011 8
b0 -
b0 2
b0 9
b0 ;
b1100011 )
b111010 /
b111010 0
b1 '
b1 .
b1 1
b1 6
b111010 :
1!
#11251000
b1100100 "
#11255000
0!
#11260000
0,
b11 -
b11 2
b11 9
b11 ;
b111010 3
b111100 %
b111100 +
b111100 8
b111011 :
0&
07
b1010 '
b1010 .
b1010 1
b1010 6
b111011 /
b111011 0
b1100100 )
1!
#11261000
b1100101 "
#11265000
0!
#11270000
b10000 5
b101100 3
b100 4
b111101 %
b111101 +
b111101 8
b1 -
b1 2
b1 9
b1 ;
b1100101 )
b111100 /
b111100 0
1&
17
b111100 :
1!
#11271000
b1100110 "
#11275000
0!
#11280000
b100000 5
b101 4
b11101 3
b10 -
b10 2
b10 9
b10 ;
b111110 %
b111110 +
b111110 8
b111101 :
b1100 '
b1100 .
b1100 1
b1100 6
b111101 /
b111101 0
b1100110 )
1!
#11281000
b1100111 "
#11285000
0!
#11290000
b100 5
b111010 3
b10 4
b111111 %
b111111 +
b111111 8
b111 -
b111 2
b111 9
b111 ;
b1100111 )
b111110 /
b111110 0
b1101 '
b1101 .
b1101 1
b1101 6
b111110 :
1!
#11291000
b1101000 "
#11295000
0!
#11300000
b1000000 5
b110 4
b1111111 3
b100 -
b100 2
b100 9
b100 ;
b110000 %
b110000 +
b110000 8
b111111 :
b1010 '
b1010 .
b1010 1
b1010 6
b111111 /
b111111 0
b1101000 )
1!
#11301000
b1101001 "
#11305000
0!
#11310000
b1 5
b110001 3
b0 4
b110001 %
b110001 +
b110001 8
b11 -
b11 2
b11 9
b11 ;
b1101001 )
b110000 /
b110000 0
b1111 '
b1111 .
b1111 1
b1111 6
b110000 :
1!
#11311000
b1101010 "
#11315000
0!
#11320000
1,
b110001 3
b0 -
b0 2
b0 9
b0 ;
b110010 %
b110010 +
b110010 8
b110001 :
b1 '
b1 .
b1 1
b1 6
b110001 /
b110001 0
b1101010 )
1!
#11321000
b1101011 "
#11325000
0!
#11330000
b1000 5
0,
b11 4
b110011 %
b110011 +
b110011 8
b111010 3
b101 -
b101 2
b101 9
b101 ;
b1101011 )
b110010 /
b110010 0
0&
07
b110010 :
1!
#11331000
b1101100 "
#11335000
0!
#11340000
b10 5
b1 4
b110001 3
b110 -
b110 2
b110 9
b110 ;
b110100 %
b110100 +
b110100 8
b110011 :
1&
17
b1010 '
b1010 .
b1010 1
b1010 6
b110011 /
b110011 0
b1101100 )
1!
#11341000
b1101101 "
#11345000
0!
#11350000
b1000000 5
b1110100 3
b110 4
b110101 %
b110101 +
b110101 8
b100 -
b100 2
b100 9
b100 ;
b1101101 )
b110100 /
b110100 0
b1 '
b1 .
b1 1
b1 6
b110100 :
1!
#11351000
b1101110 "
#11355000
0!
#11360000
b100 5
b10 4
b110001 3
b111 -
b111 2
b111 9
b111 ;
b110110 %
b110110 +
b110110 8
b110101 :
b100 '
b100 .
b100 1
b100 6
b110101 /
b110101 0
b1101110 )
1!
#11361000
b1101111 "
#11365000
0!
#11370000
b100000 5
b10110 3
b101 4
b110111 %
b110111 +
b110111 8
b10 -
b10 2
b10 9
b10 ;
b1101111 )
b110110 /
b110110 0
b1 '
b1 .
b1 1
b1 6
b110110 :
1!
#11371000
b1110000 "
#11375000
0!
#11380000
b10000 5
b100 4
b100111 3
b1 -
b1 2
b1 9
b1 ;
b101000 %
b101000 +
b101000 8
b110111 :
b110 '
b110 .
b110 1
b110 6
b110111 /
b110111 0
b1110000 )
1!
#11381000
b1110001 "
#11385000
0!
#11390000
b100 5
b101100 3
b10 4
b101001 %
b101001 +
b101001 8
b111 -
b111 2
b111 9
b111 ;
b1110001 )
b101000 /
b101000 0
b111 '
b111 .
b111 1
b111 6
b101000 :
1!
#11391000
b1110010 "
#11395000
0!
#11400000
b1000000 5
b110 4
b1101001 3
b100 -
b100 2
b100 9
b100 ;
b101010 %
b101010 +
b101010 8
b101001 :
b1100 '
b1100 .
b1100 1
b1100 6
b101001 /
b101001 0
b1110010 )
1!
#11401000
b1110011 "
#11405000
0!
#11410000
b10000 5
b111010 3
b100 4
b101011 %
b101011 +
b101011 8
b1 -
b1 2
b1 9
b1 ;
b1110011 )
b101010 /
b101010 0
b1001 '
b1001 .
b1001 1
b1001 6
b101010 :
1!
#11411000
b1110100 "
#11415000
0!
#11420000
b100000 5
b101 4
b1011 3
b10 -
b10 2
b10 9
b10 ;
b101100 %
b101100 +
b101100 8
b101011 :
b1010 '
b1010 .
b1010 1
b1010 6
b101011 /
b101011 0
b1110100 )
1!
#11421000
b1110101 "
#11425000
0!
#11430000
b1 5
b101100 3
1,
b0 4
b101101 %
b101101 +
b101101 8
b0 -
b0 2
b0 9
b0 ;
b1110101 )
b101100 /
b101100 0
b1011 '
b1011 .
b1011 1
b1011 6
b101100 :
1!
#11431000
b1110110 "
#11435000
0!
#11440000
0,
b11 -
b11 2
b11 9
b11 ;
b101100 3
b101110 %
b101110 +
b101110 8
b101101 :
0&
07
b1100 '
b1100 .
b1100 1
b1100 6
b101101 /
b101101 0
b1110110 )
1!
#11441000
b1110111 "
#11445000
0!
#11450000
b10 5
b101100 3
b1 4
b101111 %
b101111 +
b101111 8
b110 -
b110 2
b110 9
b110 ;
b1110111 )
b101110 /
b101110 0
1&
17
b101110 :
1!
#11451000
b1111000 "
#11455000
0!
#11460000
b1000 5
b11 4
b100111 3
b101 -
b101 2
b101 9
b101 ;
b100000 %
b100000 +
b100000 8
b101111 :
b101111 /
b101111 0
b1111000 )
1!
#11461000
b1111001 "
#11465000
0!
#11470000
b100000 5
b0 3
b101 4
b100001 %
b100001 +
b100001 8
b10 -
b10 2
b10 9
b10 ;
b1111001 )
b100000 /
b100000 0
b111 '
b111 .
b111 1
b111 6
b100000 :
1!
#11471000
b1111010 "
#11475000
0!
#11480000
b10000 5
b100 4
b110001 3
b1 -
b1 2
b1 9
b1 ;
b100010 %
b100010 +
b100010 8
b100001 :
b0 '
b0 .
b0 1
b0 6
b100001 /
b100001 0
b1111010 )
1!
#11481000
b1111011 "
#11485000
0!
#11490000
b1000000 5
b1100010 3
b110 4
b100011 %
b100011 +
b100011 8
b100 -
b100 2
b100 9
b100 ;
b1111011 )
b100010 /
b100010 0
b1 '
b1 .
b1 1
b1 6
b100010 :
1!
#11491000
b1111100 "
#11495000
0!
#11500000
b100 5
b10 4
b100111 3
b111 -
b111 2
b111 9
b111 ;
b100100 %
b100100 +
b100100 8
b100011 :
b10 '
b10 .
b10 1
b10 6
b100011 /
b100011 0
b1111100 )
1!
#11501000
b1111101 "
#11505000
0!
#11510000
b1000 5
b101100 3
b11 4
b100101 %
b100101 +
b100101 8
b101 -
b101 2
b101 9
b101 ;
b1111101 )
b100100 /
b100100 0
b111 '
b111 .
b111 1
b111 6
b100100 :
1!
#11511000
b1111110 "
#11515000
0!
#11520000
b10 5
b1 4
b100111 3
b110 -
b110 2
b110 9
b110 ;
b100110 %
b100110 +
b100110 8
b100101 :
b1100 '
b1100 .
b1100 1
b1100 6
b100101 /
b100101 0
b1111110 )
1!
#11521000
b1111111 "
#11525000
0!
#11530000
b1 5
b100111 3
b0 4
b100111 %
b100111 +
b100111 8
b11 -
b11 2
b11 9
b11 ;
b1111111 )
b100110 /
b100110 0
b111 '
b111 .
b111 1
b111 6
b100110 :
1!
#11531000
b0 "
b1001 #
#11535000
0!
#11540000
b110 >
1,
b100111 3
b0 -
b0 2
b0 9
b0 ;
b1101001 %
b1101001 +
b1101001 8
b1101001 (
b1101001 =
b1101001 ?
b100111 :
b100111 /
b100111 0
b0 )
b1001 *
b1001 <
1!
#11541000
b1 "
#11545000
0!
#11550000
b1101000 %
b1101000 +
b1101000 8
b1101001 3
b1 )
b1101001 /
b1101001 0
0&
07
b1101001 :
1!
#11551000
b10 "
#11555000
0!
#11560000
0,
b11 -
b11 2
b11 9
b11 ;
b1101001 3
b1101011 %
b1101011 +
b1101011 8
b1101000 :
b1001 '
b1001 .
b1001 1
b1001 6
b1101000 /
b1101000 0
b10 )
1!
#11561000
b11 "
#11565000
0!
#11570000
b10 5
b1101001 3
b1 4
b1101010 %
b1101010 +
b1101010 8
b110 -
b110 2
b110 9
b110 ;
b11 )
b1101011 /
b1101011 0
1&
17
b1101011 :
1!
#11571000
b100 "
#11575000
0!
#11580000
b1000 5
b11 4
b1100010 3
b101 -
b101 2
b101 9
b101 ;
b1101101 %
b1101101 +
b1101101 8
b1101010 :
b1101010 /
b1101010 0
b100 )
1!
#11581000
b101 "
#11585000
0!
#11590000
b100 5
b1101001 3
b10 4
b1101100 %
b1101100 +
b1101100 8
b111 -
b111 2
b111 9
b111 ;
b101 )
b1101101 /
b1101101 0
b10 '
b10 .
b10 1
b10 6
b1101101 :
1!
#11591000
b110 "
#11595000
0!
#11600000
b1000000 5
b110 4
b101100 3
b100 -
b100 2
b100 9
b100 ;
b1101111 %
b1101111 +
b1101111 8
b1101100 :
b1001 '
b1001 .
b1001 1
b1001 6
b1101100 /
b1101100 0
b110 )
1!
#11601000
b111 "
#11605000
0!
#11610000
b10000 5
b1111111 3
b100 4
b1101110 %
b1101110 +
b1101110 8
b1 -
b1 2
b1 9
b1 ;
b111 )
b1101111 /
b1101111 0
b1100 '
b1100 .
b1100 1
b1100 6
b1101111 :
1!
#11611000
b1000 "
#11615000
0!
#11620000
b100000 5
b101 4
b1001110 3
b10 -
b10 2
b10 9
b10 ;
b1100001 %
b1100001 +
b1100001 8
b1101110 :
b1111 '
b1111 .
b1111 1
b1111 6
b1101110 /
b1101110 0
b1000 )
1!
#11621000
b1001 "
#11625000
0!
#11630000
b1000 5
b1101001 3
b11 4
b1100000 %
b1100000 +
b1100000 8
b101 -
b101 2
b101 9
b101 ;
b1001 )
b1100001 /
b1100001 0
b1110 '
b1110 .
b1110 1
b1110 6
b1100001 :
1!
#11631000
b1010 "
#11635000
0!
#11640000
b10 5
b1 4
b1100010 3
b110 -
b110 2
b110 9
b110 ;
b1100011 %
b1100011 +
b1100011 8
b1100000 :
b1001 '
b1001 .
b1001 1
b1001 6
b1100000 /
b1100000 0
b1010 )
1!
#11641000
b1011 "
#11645000
0!
#11650000
b1 5
b1100010 3
b0 4
b1100010 %
b1100010 +
b1100010 8
b11 -
b11 2
b11 9
b11 ;
b1011 )
b1100011 /
b1100011 0
b10 '
b10 .
b10 1
b10 6
b1100011 :
1!
#11651000
b1100 "
#11655000
0!
#11660000
1,
b1100010 3
b0 -
b0 2
b0 9
b0 ;
b1100101 %
b1100101 +
b1100101 8
b1100010 :
b1100010 /
b1100010 0
b1100 )
1!
#11661000
b1101 "
#11665000
0!
#11670000
b100000 5
0,
b101 4
b1100100 %
b1100100 +
b1100100 8
b1000101 3
b10 -
b10 2
b10 9
b10 ;
b1101 )
b1100101 /
b1100101 0
0&
07
b1100101 :
1!
#11671000
b1110 "
#11675000
0!
#11680000
b10000 5
b100 4
b1110100 3
b1 -
b1 2
b1 9
b1 ;
b1100111 %
b1100111 +
b1100111 8
b1100100 :
1&
17
b101 '
b101 .
b101 1
b101 6
b1100100 /
b1100100 0
b1110 )
1!
#11681000
b1111 "
#11685000
0!
#11690000
b1000000 5
b100111 3
b110 4
b1100110 %
b1100110 +
b1100110 8
b100 -
b100 2
b100 9
b100 ;
b1111 )
b1100111 /
b1100111 0
b100 '
b100 .
b100 1
b100 6
b1100111 :
1!
#11691000
b10000 "
#11695000
0!
#11700000
b100 5
b10 4
b1100010 3
b111 -
b111 2
b111 9
b111 ;
b1111001 %
b1111001 +
b1111001 8
b1100110 :
b111 '
b111 .
b111 1
b111 6
b1100110 /
b1100110 0
b10000 )
1!
#11701000
b10001 "
#11705000
0!
#11710000
b10000 5
b1101001 3
b100 4
b1111000 %
b1111000 +
b1111000 8
b1 -
b1 2
b1 9
b1 ;
b10001 )
b1111001 /
b1111001 0
b10 '
b10 .
b10 1
b10 6
b1111001 :
1!
#11711000
b10010 "
#11715000
0!
#11720000
b100000 5
b101 4
b1011000 3
b10 -
b10 2
b10 9
b10 ;
b1111011 %
b1111011 +
b1111011 8
b1111000 :
b1001 '
b1001 .
b1001 1
b1001 6
b1111000 /
b1111000 0
b10010 )
1!
#11721000
b10011 "
#11725000
0!
#11730000
b100 5
b1111111 3
b10 4
b1111010 %
b1111010 +
b1111010 8
b111 -
b111 2
b111 9
b111 ;
b10011 )
b1111011 /
b1111011 0
b1000 '
b1000 .
b1000 1
b1000 6
b1111011 :
1!
#11731000
b10100 "
#11735000
0!
#11740000
b1000000 5
b110 4
b111010 3
b100 -
b100 2
b100 9
b100 ;
b1111101 %
b1111101 +
b1111101 8
b1111010 :
b1111 '
b1111 .
b1111 1
b1111 6
b1111010 /
b1111010 0
b10100 )
1!
#11741000
b10101 "
#11745000
0!
#11750000
b10 5
b1111111 3
b1 4
b1111100 %
b1111100 +
b1111100 8
b110 -
b110 2
b110 9
b110 ;
b10101 )
b1111101 /
b1111101 0
b1010 '
b1010 .
b1010 1
b1010 6
b1111101 :
1!
#11751000
b10110 "
#11755000
0!
#11760000
b1000 5
b11 4
b1110100 3
b101 -
b101 2
b101 9
b101 ;
b1111111 %
b1111111 +
b1111111 8
b1111100 :
b1111 '
b1111 .
b1111 1
b1111 6
b1111100 /
b1111100 0
b10110 )
1!
#11761000
b10111 "
#11765000
0!
#11770000
b1 5
b1111111 3
1,
b0 4
b1111110 %
b1111110 +
b1111110 8
b0 -
b0 2
b0 9
b0 ;
b10111 )
b1111111 /
b1111111 0
b100 '
b100 .
b100 1
b100 6
b1111111 :
1!
#11771000
b11000 "
#11775000
0!
#11780000
0,
b11 -
b11 2
b11 9
b11 ;
b1111111 3
b1110001 %
b1110001 +
b1110001 8
b1111110 :
0&
07
b1111 '
b1111 .
b1111 1
b1111 6
b1111110 /
b1111110 0
b11000 )
1!
#11781000
b11001 "
#11785000
0!
#11790000
b1000000 5
b110001 3
b110 4
b1110000 %
b1110000 +
b1110000 8
b100 -
b100 2
b100 9
b100 ;
b11001 )
b1110001 /
b1110001 0
1&
17
b1110001 :
1!
#11791000
b11010 "
#11795000
0!
#11800000
b100 5
b10 4
b1110100 3
b111 -
b111 2
b111 9
b111 ;
b1110011 %
b1110011 +
b1110011 8
b1110000 :
b1 '
b1 .
b1 1
b1 6
b1110000 /
b1110000 0
b11010 )
1!
#11801000
b11011 "
#11805000
0!
#11810000
b100000 5
b1010011 3
b101 4
b1110010 %
b1110010 +
b1110010 8
b10 -
b10 2
b10 9
b10 ;
b11011 )
b1110011 /
b1110011 0
b100 '
b100 .
b100 1
b100 6
b1110011 :
1!
#11811000
b11100 "
#11815000
0!
#11820000
b10000 5
b100 4
b1100010 3
b1 -
b1 2
b1 9
b1 ;
b1110101 %
b1110101 +
b1110101 8
b1110010 :
b11 '
b11 .
b11 1
b11 6
b1110010 /
b1110010 0
b11100 )
1!
#11821000
b11101 "
#11825000
0!
#11830000
b1 5
b1110100 3
b0 4
b1110100 %
b1110100 +
b1110100 8
b11 -
b11 2
b11 9
b11 ;
b11101 )
b1110101 /
b1110101 0
b10 '
b10 .
b10 1
b10 6
b1110101 :
1!
#11831000
b11110 "
#11835000
0!
#11840000
1,
b1110100 3
b0 -
b0 2
b0 9
b0 ;
b1110111 %
b1110111 +
b1110111 8
b1110100 :
b100 '
b100 .
b100 1
b100 6
b1110100 /
b1110100 0
b11110 )
1!
#11841000
b11111 "
#11845000
0!
#11850000
b1000 5
0,
b11 4
b1110110 %
b1110110 +
b1110110 8
b1111111 3
b101 -
b101 2
b101 9
b101 ;
b11111 )
b1110111 /
b1110111 0
0&
07
b1110111 :
1!
#11851000
b100000 "
#11855000
0!
#11860000
b10 5
b1 4
b1110100 3
b110 -
b110 2
b110 9
b110 ;
b1001001 %
b1001001 +
b1001001 8
b1110110 :
1&
17
b1111 '
b1111 .
b1111 1
b1111 6
b1110110 /
b1110110 0
b100000 )
1!
#11861000
b100001 "
#11865000
0!
#11870000
b100000 5
b1101001 3
b101 4
b1001000 %
b1001000 +
b1001000 8
b10 -
b10 2
b10 9
b10 ;
b100001 )
b1001001 /
b1001001 0
b100 '
b100 .
b100 1
b100 6
b1001001 :
1!
#11871000
b100010 "
#11875000
0!
#11880000
b10000 5
b100 4
b1011000 3
b1 -
b1 2
b1 9
b1 ;
b1001011 %
b1001011 +
b1001011 8
b1001000 :
b1001 '
b1001 .
b1001 1
b1001 6
b1001000 /
b1001000 0
b100010 )
1!
#11881000
b100011 "
#11885000
0!
#11890000
b1000000 5
b1011 3
b110 4
b1001010 %
b1001010 +
b1001010 8
b100 -
b100 2
b100 9
b100 ;
b100011 )
b1001011 /
b1001011 0
b1000 '
b1000 .
b1000 1
b1000 6
b1001011 :
1!
#11891000
b100100 "
#11895000
0!
#11900000
b100 5
b10 4
b1001110 3
b111 -
b111 2
b111 9
b111 ;
b1001101 %
b1001101 +
b1001101 8
b1001010 :
b1011 '
b1011 .
b1011 1
b1011 6
b1001010 /
b1001010 0
b100100 )
1!
#11901000
b100101 "
#11905000
0!
#11910000
b1000 5
b1000101 3
b11 4
b1001100 %
b1001100 +
b1001100 8
b101 -
b101 2
b101 9
b101 ;
b100101 )
b1001101 /
b1001101 0
b1110 '
b1110 .
b1110 1
b1110 6
b1001101 :
1!
#11911000
b100110 "
#11915000
0!
#11920000
b10 5
b1 4
b1001110 3
b110 -
b110 2
b110 9
b110 ;
b1001111 %
b1001111 +
b1001111 8
b1001100 :
b101 '
b101 .
b101 1
b101 6
b1001100 /
b1001100 0
b100110 )
1!
#11921000
b100111 "
#11925000
0!
#11930000
b1 5
b1001110 3
b0 4
b1001110 %
b1001110 +
b1001110 8
b11 -
b11 2
b11 9
b11 ;
b100111 )
b1001111 /
b1001111 0
b1110 '
b1110 .
b1110 1
b1110 6
b1001111 :
1!
#11931000
b101000 "
#11935000
0!
#11940000
1,
b1001110 3
b0 -
b0 2
b0 9
b0 ;
b1000001 %
b1000001 +
b1000001 8
b1001110 :
b1001110 /
b1001110 0
b101000 )
1!
#11941000
b101001 "
#11945000
0!
#11950000
b100 5
0,
b10 4
b1000000 %
b1000000 +
b1000000 8
b1000101 3
b111 -
b111 2
b111 9
b111 ;
b101001 )
b1000001 /
b1000001 0
0&
07
b1000001 :
1!
#11951000
b101010 "
#11955000
0!
#11960000
b1000000 5
b110 4
b0 3
b100 -
b100 2
b100 9
b100 ;
b1000011 %
b1000011 +
b1000011 8
b1000000 :
1&
17
b101 '
b101 .
b101 1
b101 6
b1000000 /
b1000000 0
b101010 )
1!
#11961000
b101011 "
#11965000
0!
#11970000
b10000 5
b1010011 3
b100 4
b1000010 %
b1000010 +
b1000010 8
b1 -
b1 2
b1 9
b1 ;
b101011 )
b1000011 /
b1000011 0
b0 '
b0 .
b0 1
b0 6
b1000011 :
1!
#11971000
b101100 "
#11975000
0!
#11980000
b100000 5
b101 4
b1100010 3
b10 -
b10 2
b10 9
b10 ;
b1000101 %
b1000101 +
b1000101 8
b1000010 :
b11 '
b11 .
b11 1
b11 6
b1000010 /
b1000010 0
b101100 )
1!
#11981000
b101101 "
#11985000
0!
#11990000
b1 5
b1000101 3
1,
b0 4
b1000100 %
b1000100 +
b1000100 8
b0 -
b0 2
b0 9
b0 ;
b101101 )
b1000101 /
b1000101 0
b10 '
b10 .
b10 1
b10 6
b1000101 :
1!
#11991000
b101110 "
#11995000
0!
#12000000
0,
b11 -
b11 2
b11 9
b11 ;
b1000101 3
b1000111 %
b1000111 +
b1000111 8
b1000100 :
0&
07
b101 '
b101 .
b101 1
b101 6
b1000100 /
b1000100 0
b101110 )
1!
#12001000
b101111 "
#12005000
0!
#12010000
b10 5
b1000101 3
b1 4
b1000110 %
b1000110 +
b1000110 8
b110 -
b110 2
b110 9
b110 ;
b101111 )
b1000111 /
b1000111 0
1&
17
b1000111 :
1!
#12011000
b110000 "
#12015000
0!
#12020000
b1000 5
b11 4
b1001110 3
b101 -
b101 2
b101 9
b101 ;
b1011001 %
b1011001 +
b1011001 8
b1000110 :
b1000110 /
b1000110 0
b110000 )
1!
#12021000
b110001 "
#12025000
0!
#12030000
b1 5
b1011000 3
b0 4
b1011000 %
b1011000 +
b1011000 8
b11 -
b11 2
b11 9
b11 ;
b110001 )
b1011001 /
b1011001 0
b1110 '
b1110 .
b1110 1
b1110 6
b1011001 :
1!
#12031000
b110010 "
#12035000
0!
#12040000
1,
b1011000 3
b0 -
b0 2
b0 9
b0 ;
b1011011 %
b1011011 +
b1011011 8
b1011000 :
b1000 '
b1000 .
b1000 1
b1000 6
b1011000 /
b1011000 0
b110010 )
1!
#12041000
b110011 "
#12045000
0!
#12050000
b1000 5
0,
b11 4
b1011010 %
b1011010 +
b1011010 8
b1010011 3
b101 -
b101 2
b101 9
b101 ;
b110011 )
b1011011 /
b1011011 0
0&
07
b1011011 :
1!
#12051000
b110100 "
#12055000
0!
#12060000
b10 5
b1 4
b1011000 3
b110 -
b110 2
b110 9
b110 ;
b1011101 %
b1011101 +
b1011101 8
b1011010 :
1&
17
b11 '
b11 .
b11 1
b11 6
b1011010 /
b1011010 0
b110100 )
1!
#12061000
b110101 "
#12065000
0!
#12070000
b1000000 5
b11101 3
b110 4
b1011100 %
b1011100 +
b1011100 8
b100 -
b100 2
b100 9
b100 ;
b110101 )
b1011101 /
b1011101 0
b1000 '
b1000 .
b1000 1
b1000 6
b1011101 :
1!
#12071000
b110110 "
#12075000
0!
#12080000
b100 5
b10 4
b1011000 3
b111 -
b111 2
b111 9
b111 ;
b1011111 %
b1011111 +
b1011111 8
b1011100 :
b1101 '
b1101 .
b1101 1
b1101 6
b1011100 /
b1011100 0
b110110 )
1!
#12081000
b110111 "
#12085000
0!
#12090000
b100000 5
b1111111 3
b101 4
b1011110 %
b1011110 +
b1011110 8
b10 -
b10 2
b10 9
b10 ;
b110111 )
b1011111 /
b1011111 0
b1000 '
b1000 .
b1000 1
b1000 6
b1011111 :
1!
#12091000
b111000 "
#12095000
0!
#12100000
b10000 5
b100 4
b1001110 3
b1 -
b1 2
b1 9
b1 ;
b1010001 %
b1010001 +
b1010001 8
b1011110 :
b1111 '
b1111 .
b1111 1
b1111 6
b1011110 /
b1011110 0
b111000 )
1!
#12101000
b111001 "
#12105000
0!
#12110000
b10 5
b1010011 3
b1 4
b1010000 %
b1010000 +
b1010000 8
b110 -
b110 2
b110 9
b110 ;
b111001 )
b1010001 /
b1010001 0
b1110 '
b1110 .
b1110 1
b1110 6
b1010001 :
1!
#12111000
b111010 "
#12115000
0!
#12120000
b1000 5
b11 4
b1011000 3
b101 -
b101 2
b101 9
b101 ;
b1010011 %
b1010011 +
b1010011 8
b1010000 :
b11 '
b11 .
b11 1
b11 6
b1010000 /
b1010000 0
b111010 )
1!
#12121000
b111011 "
#12125000
0!
#12130000
b1 5
b1010011 3
1,
b0 4
b1010010 %
b1010010 +
b1010010 8
b0 -
b0 2
b0 9
b0 ;
b111011 )
b1010011 /
b1010011 0
b1000 '
b1000 .
b1000 1
b1000 6
b1010011 :
1!
#12131000
b111100 "
#12135000
0!
#12140000
0,
b11 -
b11 2
b11 9
b11 ;
b1010011 3
b1010101 %
b1010101 +
b1010101 8
b1010010 :
0&
07
b11 '
b11 .
b11 1
b11 6
b1010010 /
b1010010 0
b111100 )
1!
#12141000
b111101 "
#12145000
0!
#12150000
b10000 5
b1000101 3
b100 4
b1010100 %
b1010100 +
b1010100 8
b1 -
b1 2
b1 9
b1 ;
b111101 )
b1010101 /
b1010101 0
1&
17
b1010101 :
1!
#12151000
b111110 "
#12155000
0!
#12160000
b100000 5
b101 4
b1110100 3
b10 -
b10 2
b10 9
b10 ;
b1010111 %
b1010111 +
b1010111 8
b1010100 :
b101 '
b101 .
b101 1
b101 6
b1010100 /
b1010100 0
b111110 )
1!
#12161000
b111111 "
#12165000
0!
#12170000
b100 5
b1010011 3
b10 4
b1010110 %
b1010110 +
b1010110 8
b111 -
b111 2
b111 9
b111 ;
b111111 )
b1010111 /
b1010111 0
b100 '
b100 .
b100 1
b100 6
b1010111 :
1!
#12171000
b1000000 "
#12175000
0!
#12180000
b1000000 5
b110 4
b10110 3
b100 -
b100 2
b100 9
b100 ;
b101001 %
b101001 +
b101001 8
b1010110 :
b11 '
b11 .
b11 1
b11 6
b1010110 /
b1010110 0
b1000000 )
1!
#12181000
b1000001 "
#12185000
0!
#12190000
b1101001 3
b101000 %
b101000 +
b101000 8
b1000001 )
b101001 /
b101001 0
b110 '
b110 .
b110 1
b110 6
b101001 :
1!
#12191000
b1000010 "
#12195000
0!
#12200000
b100 5
b10 4
b101100 3
b111 -
b111 2
b111 9
b111 ;
b101011 %
b101011 +
b101011 8
b101000 :
b1001 '
b1001 .
b1001 1
b1001 6
b101000 /
b101000 0
b1000010 )
1!
#12201000
b1000011 "
#12205000
0!
#12210000
b100000 5
b1011 3
b101 4
b101010 %
b101010 +
b101010 8
b10 -
b10 2
b10 9
b10 ;
b1000011 )
b101011 /
b101011 0
b1100 '
b1100 .
b1100 1
b1100 6
b101011 :
1!
#12211000
b1000100 "
#12215000
0!
#12220000
b10000 5
b100 4
b111010 3
b1 -
b1 2
b1 9
b1 ;
b101101 %
b101101 +
b101101 8
b101010 :
b1011 '
b1011 .
b1011 1
b1011 6
b101010 /
b101010 0
b1000100 )
1!
#12221000
b1000101 "
#12225000
0!
#12230000
b1 5
b101100 3
b0 4
b101100 %
b101100 +
b101100 8
b11 -
b11 2
b11 9
b11 ;
b1000101 )
b101101 /
b101101 0
b1010 '
b1010 .
b1010 1
b1010 6
b101101 :
1!
#12231000
b1000110 "
#12235000
0!
#12240000
1,
b101100 3
b0 -
b0 2
b0 9
b0 ;
b101111 %
b101111 +
b101111 8
b101100 :
b1100 '
b1100 .
b1100 1
b1100 6
b101100 /
b101100 0
b1000110 )
1!
#12241000
b1000111 "
#12245000
0!
#12250000
b1000 5
0,
b11 4
b101110 %
b101110 +
b101110 8
b100111 3
b101 -
b101 2
b101 9
b101 ;
b1000111 )
b101111 /
b101111 0
0&
07
b101111 :
1!
#12251000
b1001000 "
#12255000
0!
#12260000
b10 5
b1 4
b101100 3
b110 -
b110 2
b110 9
b110 ;
b100001 %
b100001 +
b100001 8
b101110 :
1&
17
b111 '
b111 .
b111 1
b111 6
b101110 /
b101110 0
b1001000 )
1!
#12261000
b1001001 "
#12265000
0!
#12270000
b10000 5
b110001 3
b100 4
b100000 %
b100000 +
b100000 8
b1 -
b1 2
b1 9
b1 ;
b1001001 )
b100001 /
b100001 0
b1100 '
b1100 .
b1100 1
b1100 6
b100001 :
1!
#12271000
b1001010 "
#12275000
0!
#12280000
b100000 5
b101 4
b0 3
b10 -
b10 2
b10 9
b10 ;
b100011 %
b100011 +
b100011 8
b100000 :
b1 '
b1 .
b1 1
b1 6
b100000 /
b100000 0
b1001010 )
1!
#12281000
b1001011 "
#12285000
0!
#12290000
b100 5
b100111 3
b10 4
b100010 %
b100010 +
b100010 8
b111 -
b111 2
b111 9
b111 ;
b1001011 )
b100011 /
b100011 0
b0 '
b0 .
b0 1
b0 6
b100011 :
1!
#12291000
b1001100 "
#12295000
0!
#12300000
b1000000 5
b110 4
b1100010 3
b100 -
b100 2
b100 9
b100 ;
b100101 %
b100101 +
b100101 8
b100010 :
b111 '
b111 .
b111 1
b111 6
b100010 /
b100010 0
b1001100 )
1!
#12301000
b1001101 "
#12305000
0!
#12310000
b10 5
b100111 3
b1 4
b100100 %
b100100 +
b100100 8
b110 -
b110 2
b110 9
b110 ;
b1001101 )
b100101 /
b100101 0
b10 '
b10 .
b10 1
b10 6
b100101 :
1!
#12311000
b1001110 "
#12315000
0!
#12320000
b1000 5
b11 4
b101100 3
b101 -
b101 2
b101 9
b101 ;
b100111 %
b100111 +
b100111 8
b100100 :
b111 '
b111 .
b111 1
b111 6
b100100 /
b100100 0
b1001110 )
1!
#12321000
b1001111 "
#12325000
0!
#12330000
b1 5
b100111 3
1,
b0 4
b100110 %
b100110 +
b100110 8
b0 -
b0 2
b0 9
b0 ;
b1001111 )
b100111 /
b100111 0
b1100 '
b1100 .
b1100 1
b1100 6
b100111 :
1!
#12331000
b1010000 "
#12335000
0!
#12340000
0,
b11 -
b11 2
b11 9
b11 ;
b100111 3
b111001 %
b111001 +
b111001 8
b100110 :
0&
07
b111 '
b111 .
b111 1
b111 6
b100110 /
b100110 0
b1010000 )
1!
#12341000
b1010001 "
#12345000
0!
#12350000
b1000 5
b110001 3
b11 4
b111000 %
b111000 +
b111000 8
b101 -
b101 2
b101 9
b101 ;
b1010001 )
b111001 /
b111001 0
1&
17
b111001 :
1!
#12351000
b1010010 "
#12355000
0!
#12360000
b10 5
b1 4
b111010 3
b110 -
b110 2
b110 9
b110 ;
b111011 %
b111011 +
b111011 8
b111000 :
b1 '
b1 .
b1 1
b1 6
b111000 /
b111000 0
b1010010 )
1!
#12361000
b1010011 "
#12365000
0!
#12370000
b1 5
b111010 3
b0 4
b111010 %
b111010 +
b111010 8
b11 -
b11 2
b11 9
b11 ;
b1010011 )
b111011 /
b111011 0
b1010 '
b1010 .
b1010 1
b1010 6
b111011 :
1!
#12371000
b1010100 "
#12375000
0!
#12380000
1,
b111010 3
b0 -
b0 2
b0 9
b0 ;
b111101 %
b111101 +
b111101 8
b111010 :
b111010 /
b111010 0
b1010100 )
1!
#12381000
b1010101 "
#12385000
0!
#12390000
b100000 5
0,
b101 4
b111100 %
b111100 +
b111100 8
b11101 3
b10 -
b10 2
b10 9
b10 ;
b1010101 )
b111101 /
b111101 0
0&
07
b111101 :
1!
#12391000
b1010110 "
#12395000
0!
#12400000
b10000 5
b100 4
b101100 3
b1 -
b1 2
b1 9
b1 ;
b111111 %
b111111 +
b111111 8
b111100 :
1&
17
b1101 '
b1101 .
b1101 1
b1101 6
b111100 /
b111100 0
b1010110 )
1!
#12401000
b1010111 "
#12405000
0!
#12410000
b1000000 5
b1111111 3
b110 4
b111110 %
b111110 +
b111110 8
b100 -
b100 2
b100 9
b100 ;
b1010111 )
b111111 /
b111111 0
b1100 '
b1100 .
b1100 1
b1100 6
b111111 :
1!
#12411000
b1011000 "
#12415000
0!
#12420000
b100 5
b10 4
b111010 3
b111 -
b111 2
b111 9
b111 ;
b110001 %
b110001 +
b110001 8
b111110 :
b1111 '
b1111 .
b1111 1
b1111 6
b111110 /
b111110 0
b1011000 )
1!
#12421000
b1011001 "
#12425000
0!
#12430000
b1 5
b110001 3
1,
b0 4
b110000 %
b110000 +
b110000 8
b0 -
b0 2
b0 9
b0 ;
b1011001 )
b110001 /
b110001 0
b1010 '
b1010 .
b1010 1
b1010 6
b110001 :
1!
#12431000
b1011010 "
#12435000
0!
#12440000
0,
b11 -
b11 2
b11 9
b11 ;
b110001 3
b110011 %
b110011 +
b110011 8
b110000 :
0&
07
b1 '
b1 .
b1 1
b1 6
b110000 /
b110000 0
b1011010 )
1!
#12441000
b1011011 "
#12445000
0!
#12450000
b10 5
b110001 3
b1 4
b110010 %
b110010 +
b110010 8
b110 -
b110 2
b110 9
b110 ;
b1011011 )
b110011 /
b110011 0
1&
17
b110011 :
1!
#12451000
b1011100 "
#12455000
0!
#12460000
b1000 5
b11 4
b111010 3
b101 -
b101 2
b101 9
b101 ;
b110101 %
b110101 +
b110101 8
b110010 :
b110010 /
b110010 0
b1011100 )
1!
#12461000
b1011101 "
#12465000
0!
#12470000
b100 5
b110001 3
b10 4
b110100 %
b110100 +
b110100 8
b111 -
b111 2
b111 9
b111 ;
b1011101 )
b110101 /
b110101 0
b1010 '
b1010 .
b1010 1
b1010 6
b110101 :
1!
#12471000
b1011110 "
#12475000
0!
#12480000
b1000000 5
b110 4
b1110100 3
b100 -
b100 2
b100 9
b100 ;
b110111 %
b110111 +
b110111 8
b110100 :
b1 '
b1 .
b1 1
b1 6
b110100 /
b110100 0
b1011110 )
1!
#12481000
b1011111 "
#12485000
0!
#12490000
b10000 5
b100111 3
b100 4
b110110 %
b110110 +
b110110 8
b1 -
b1 2
b1 9
b1 ;
b1011111 )
b110111 /
b110111 0
b100 '
b100 .
b100 1
b100 6
b110111 :
1!
#12491000
b1100000 "
#12495000
0!
#12500000
b100000 5
b101 4
b10110 3
b10 -
b10 2
b10 9
b10 ;
b1001 %
b1001 +
b1001 8
b110110 :
b111 '
b111 .
b111 1
b111 6
b110110 /
b110110 0
b1100000 )
1!
#12501000
b1100001 "
#12505000
0!
#12510000
b10 5
b1011 3
b1 4
b1000 %
b1000 +
b1000 8
b110 -
b110 2
b110 9
b110 ;
b1100001 )
b1001 /
b1001 0
b110 '
b110 .
b110 1
b110 6
b1001 :
1!
#12511000
b1100010 "
#12515000
0!
#12520000
b1000 5
b11 4
b0 3
b101 -
b101 2
b101 9
b101 ;
b1011 %
b1011 +
b1011 8
b1000 :
b1011 '
b1011 .
b1011 1
b1011 6
b1000 /
b1000 0
b1100010 )
1!
#12521000
b1100011 "
#12525000
0!
#12530000
b1 5
b1011 3
1,
b0 4
b1010 %
b1010 +
b1010 8
b0 -
b0 2
b0 9
b0 ;
b1100011 )
b1011 /
b1011 0
b0 '
b0 .
b0 1
b0 6
b1011 :
1!
#12531000
b1100100 "
#12535000
0!
#12540000
0,
b11 -
b11 2
b11 9
b11 ;
b1011 3
b1101 %
b1101 +
b1101 8
b1010 :
0&
07
b1011 '
b1011 .
b1011 1
b1011 6
b1010 /
b1010 0
b1100100 )
1!
#12541000
b1100101 "
#12545000
0!
#12550000
b10000 5
b11101 3
b100 4
b1100 %
b1100 +
b1100 8
b1 -
b1 2
b1 9
b1 ;
b1100101 )
b1101 /
b1101 0
1&
17
b1101 :
1!
#12551000
b1100110 "
#12555000
0!
#12560000
b100000 5
b101 4
b101100 3
b10 -
b10 2
b10 9
b10 ;
b1111 %
b1111 +
b1111 8
b1100 :
b1101 '
b1101 .
b1101 1
b1101 6
b1100 /
b1100 0
b1100110 )
1!
#12561000
b1100111 "
#12565000
0!
#12570000
b100 5
b1011 3
b10 4
b1110 %
b1110 +
b1110 8
b111 -
b111 2
b111 9
b111 ;
b1100111 )
b1111 /
b1111 0
b1100 '
b1100 .
b1100 1
b1100 6
b1111 :
1!
#12571000
b1101000 "
#12575000
0!
#12580000
b1000000 5
b110 4
b1001110 3
b100 -
b100 2
b100 9
b100 ;
b1 %
b1 +
b1 8
b1110 :
b1011 '
b1011 .
b1011 1
b1011 6
b1110 /
b1110 0
b1101000 )
1!
#12581000
b1101001 "
#12585000
0!
#12590000
b1 5
b0 3
b0 4
b0 %
b0 +
b0 8
b11 -
b11 2
b11 9
b11 ;
b1101001 )
b1 /
b1 0
b1110 '
b1110 .
b1110 1
b1110 6
b1 :
1!
#12591000
b1101010 "
#12595000
0!
#12600000
1,
b0 3
b0 -
b0 2
b0 9
b0 ;
b11 %
b11 +
b11 8
b0 :
b0 '
b0 .
b0 1
b0 6
b0 /
b0 0
b1101010 )
1!
#12601000
b1101011 "
#12605000
0!
#12610000
b1000 5
0,
b11 4
b10 %
b10 +
b10 8
b1011 3
b101 -
b101 2
b101 9
b101 ;
b1101011 )
b11 /
b11 0
0&
07
b11 :
1!
#12611000
b1101100 "
#12615000
0!
#12620000
b10 5
b1 4
b0 3
b110 -
b110 2
b110 9
b110 ;
b101 %
b101 +
b101 8
b10 :
1&
17
b1011 '
b1011 .
b1011 1
b1011 6
b10 /
b10 0
b1101100 )
1!
#12621000
b1101101 "
#12625000
0!
#12630000
b1000000 5
b1000101 3
b110 4
b100 %
b100 +
b100 8
b100 -
b100 2
b100 9
b100 ;
b1101101 )
b101 /
b101 0
b0 '
b0 .
b0 1
b0 6
b101 :
1!
#12631000
b1101110 "
#12635000
0!
#12640000
b100 5
b10 4
b0 3
b111 -
b111 2
b111 9
b111 ;
b111 %
b111 +
b111 8
b100 :
b101 '
b101 .
b101 1
b101 6
b100 /
b100 0
b1101110 )
1!
#12641000
b1101111 "
#12645000
0!
#12650000
b100000 5
b100111 3
b101 4
b110 %
b110 +
b110 8
b10 -
b10 2
b10 9
b10 ;
b1101111 )
b111 /
b111 0
b0 '
b0 .
b0 1
b0 6
b111 :
1!
#12651000
b1110000 "
#12655000
0!
#12660000
b10000 5
b100 4
b10110 3
b1 -
b1 2
b1 9
b1 ;
b11001 %
b11001 +
b11001 8
b110 :
b111 '
b111 .
b111 1
b111 6
b110 /
b110 0
b1110000 )
1!
#12661000
b1110001 "
#12665000
0!
#12670000
b100 5
b11101 3
b10 4
b11000 %
b11000 +
b11000 8
b111 -
b111 2
b111 9
b111 ;
b1110001 )
b11001 /
b11001 0
b110 '
b110 .
b110 1
b110 6
b11001 :
1!
#12671000
b1110010 "
#12675000
0!
#12680000
b1000000 5
b110 4
b1011000 3
b100 -
b100 2
b100 9
b100 ;
b11011 %
b11011 +
b11011 8
b11000 :
b1101 '
b1101 .
b1101 1
b1101 6
b11000 /
b11000 0
b1110010 )
1!
#12681000
b1110011 "
#12685000
0!
#12690000
b10000 5
b1011 3
b100 4
b11010 %
b11010 +
b11010 8
b1 -
b1 2
b1 9
b1 ;
b1110011 )
b11011 /
b11011 0
b1000 '
b1000 .
b1000 1
b1000 6
b11011 :
1!
#12691000
b1110100 "
#12695000
0!
#12700000
b100000 5
b101 4
b111010 3
b10 -
b10 2
b10 9
b10 ;
b11101 %
b11101 +
b11101 8
b11010 :
b1011 '
b1011 .
b1011 1
b1011 6
b11010 /
b11010 0
b1110100 )
1!
#12701000
b1110101 "
#12705000
0!
#12710000
b1 5
b11101 3
1,
b0 4
b11100 %
b11100 +
b11100 8
b0 -
b0 2
b0 9
b0 ;
b1110101 )
b11101 /
b11101 0
b1010 '
b1010 .
b1010 1
b1010 6
b11101 :
1!
#12711000
b1110110 "
#12715000
0!
#12720000
0,
b11 -
b11 2
b11 9
b11 ;
b11101 3
b11111 %
b11111 +
b11111 8
b11100 :
0&
07
b1101 '
b1101 .
b1101 1
b1101 6
b11100 /
b11100 0
b1110110 )
1!
#12721000
b1110111 "
#12725000
0!
#12730000
b10 5
b11101 3
b1 4
b11110 %
b11110 +
b11110 8
b110 -
b110 2
b110 9
b110 ;
b1110111 )
b11111 /
b11111 0
1&
17
b11111 :
1!
#12731000
b1111000 "
#12735000
0!
#12740000
b1000 5
b11 4
b10110 3
b101 -
b101 2
b101 9
b101 ;
b10001 %
b10001 +
b10001 8
b11110 :
b11110 /
b11110 0
b1111000 )
1!
#12741000
b1111001 "
#12745000
0!
#12750000
b100000 5
b110001 3
b101 4
b10000 %
b10000 +
b10000 8
b10 -
b10 2
b10 9
b10 ;
b1111001 )
b10001 /
b10001 0
b110 '
b110 .
b110 1
b110 6
b10001 :
1!
#12751000
b1111010 "
#12755000
0!
#12760000
b10000 5
b100 4
b0 3
b1 -
b1 2
b1 9
b1 ;
b10011 %
b10011 +
b10011 8
b10000 :
b1 '
b1 .
b1 1
b1 6
b10000 /
b10000 0
b1111010 )
1!
#12761000
b1111011 "
#12765000
0!
#12770000
b1000000 5
b1010011 3
b110 4
b10010 %
b10010 +
b10010 8
b100 -
b100 2
b100 9
b100 ;
b1111011 )
b10011 /
b10011 0
b0 '
b0 .
b0 1
b0 6
b10011 :
1!
#12771000
b1111100 "
#12775000
0!
#12780000
b100 5
b10 4
b10110 3
b111 -
b111 2
b111 9
b111 ;
b10101 %
b10101 +
b10101 8
b10010 :
b11 '
b11 .
b11 1
b11 6
b10010 /
b10010 0
b1111100 )
1!
#12781000
b1111101 "
#12785000
0!
#12790000
b1000 5
b11101 3
b11 4
b10100 %
b10100 +
b10100 8
b101 -
b101 2
b101 9
b101 ;
b1111101 )
b10101 /
b10101 0
b110 '
b110 .
b110 1
b110 6
b10101 :
1!
#12791000
b1111110 "
#12795000
0!
#12800000
b10 5
b1 4
b10110 3
b110 -
b110 2
b110 9
b110 ;
b10111 %
b10111 +
b10111 8
b10100 :
b1101 '
b1101 .
b1101 1
b1101 6
b10100 /
b10100 0
b1111110 )
1!
#12801000
b1111111 "
#12805000
0!
#12810000
b1 5
b10110 3
b0 4
b10110 %
b10110 +
b10110 8
b11 -
b11 2
b11 9
b11 ;
b1111111 )
b10111 /
b10111 0
b110 '
b110 .
b110 1
b110 6
b10111 :
1!
#12811000
b0 "
b1010 #
#12815000
0!
#12820000
b11 >
1,
b10110 3
b0 -
b0 2
b0 9
b0 ;
b111010 %
b111010 +
b111010 8
b111010 (
b111010 =
b111010 ?
b10110 :
b10110 /
b10110 0
b0 )
b1010 *
b1010 <
1!
#12821000
b1 "
#12825000
0!
#12830000
b111011 %
b111011 +
b111011 8
b111010 3
b1 )
b111010 /
b111010 0
0&
07
b111010 :
1!
#12831000
b10 "
#12835000
0!
#12840000
0,
b11 -
b11 2
b11 9
b11 ;
b111010 3
b111000 %
b111000 +
b111000 8
b111011 :
b1010 '
b1010 .
b1010 1
b1010 6
b111011 /
b111011 0
b10 )
1!
#12841000
b11 "
#12845000
0!
#12850000
b10 5
b111010 3
b1 4
b111001 %
b111001 +
b111001 8
b110 -
b110 2
b110 9
b110 ;
b11 )
b111000 /
b111000 0
1&
17
b111000 :
1!
#12851000
b100 "
#12855000
0!
#12860000
b1000 5
b11 4
b110001 3
b101 -
b101 2
b101 9
b101 ;
b111110 %
b111110 +
b111110 8
b111001 :
b111001 /
b111001 0
b100 )
1!
#12861000
b101 "
#12865000
0!
#12870000
b100 5
b111010 3
b10 4
b111111 %
b111111 +
b111111 8
b111 -
b111 2
b111 9
b111 ;
b101 )
b111110 /
b111110 0
b1 '
b1 .
b1 1
b1 6
b111110 :
1!
#12871000
b110 "
#12875000
0!
#12880000
b1000000 5
b110 4
b1111111 3
b100 -
b100 2
b100 9
b100 ;
b111100 %
b111100 +
b111100 8
b111111 :
b1010 '
b1010 .
b1010 1
b1010 6
b111111 /
b111111 0
b110 )
1!
#12881000
b111 "
#12885000
0!
#12890000
b10000 5
b101100 3
b100 4
b111101 %
b111101 +
b111101 8
b1 -
b1 2
b1 9
b1 ;
b111 )
b111100 /
b111100 0
b1111 '
b1111 .
b1111 1
b1111 6
b111100 :
1!
#12891000
b1000 "
#12895000
0!
#12900000
b100000 5
b101 4
b11101 3
b10 -
b10 2
b10 9
b10 ;
b110010 %
b110010 +
b110010 8
b111101 :
b1100 '
b1100 .
b1100 1
b1100 6
b111101 /
b111101 0
b1000 )
1!
#12901000
b1001 "
#12905000
0!
#12910000
b1000 5
b111010 3
b11 4
b110011 %
b110011 +
b110011 8
b101 -
b101 2
b101 9
b101 ;
b1001 )
b110010 /
b110010 0
b1101 '
b1101 .
b1101 1
b1101 6
b110010 :
1!
#12911000
b1010 "
#12915000
0!
#12920000
b10 5
b1 4
b110001 3
b110 -
b110 2
b110 9
b110 ;
b110000 %
b110000 +
b110000 8
b110011 :
b1010 '
b1010 .
b1010 1
b1010 6
b110011 /
b110011 0
b1010 )
1!
#12921000
b1011 "
#12925000
0!
#12930000
b1 5
b110001 3
b0 4
b110001 %
b110001 +
b110001 8
b11 -
b11 2
b11 9
b11 ;
b1011 )
b110000 /
b110000 0
b1 '
b1 .
b1 1
b1 6
b110000 :
1!
#12931000
b1100 "
#12935000
0!
#12940000
1,
b110001 3
b0 -
b0 2
b0 9
b0 ;
b110110 %
b110110 +
b110110 8
b110001 :
b110001 /
b110001 0
b1100 )
1!
#12941000
b1101 "
#12945000
0!
#12950000
b100000 5
0,
b101 4
b110111 %
b110111 +
b110111 8
b10110 3
b10 -
b10 2
b10 9
b10 ;
b1101 )
b110110 /
b110110 0
0&
07
b110110 :
1!
#12951000
b1110 "
#12955000
0!
#12960000
b10000 5
b100 4
b100111 3
b1 -
b1 2
b1 9
b1 ;
b110100 %
b110100 +
b110100 8
b110111 :
1&
17
b110 '
b110 .
b110 1
b110 6
b110111 /
b110111 0
b1110 )
1!
#12961000
b1111 "
#12965000
0!
#12970000
b1000000 5
b1110100 3
b110 4
b110101 %
b110101 +
b110101 8
b100 -
b100 2
b100 9
b100 ;
b1111 )
b110100 /
b110100 0
b111 '
b111 .
b111 1
b111 6
b110100 :
1!
#12971000
b10000 "
#12975000
0!
#12980000
b100 5
b10 4
b110001 3
b111 -
b111 2
b111 9
b111 ;
b101010 %
b101010 +
b101010 8
b110101 :
b100 '
b100 .
b100 1
b100 6
b110101 /
b110101 0
b10000 )
1!
#12981000
b10001 "
#12985000
0!
#12990000
b10000 5
b111010 3
b100 4
b101011 %
b101011 +
b101011 8
b1 -
b1 2
b1 9
b1 ;
b10001 )
b101010 /
b101010 0
b1 '
b1 .
b1 1
b1 6
b101010 :
1!
#12991000
b10010 "
#12995000
0!
#13000000
b100000 5
b101 4
b1011 3
b10 -
b10 2
b10 9
b10 ;
b101000 %
b101000 +
b101000 8
b101011 :
b1010 '
b1010 .
b1010 1
b1010 6
b101011 /
b101011 0
b10010 )
1!
#13001000
b10011 "
#13005000
0!
#13010000
b100 5
b101100 3
b10 4
b101001 %
b101001 +
b101001 8
b111 -
b111 2
b111 9
b111 ;
b10011 )
b101000 /
b101000 0
b1011 '
b1011 .
b1011 1
b1011 6
b101000 :
1!
#13011000
b10100 "
#13015000
0!
#13020000
b1000000 5
b110 4
b1101001 3
b100 -
b100 2
b100 9
b100 ;
b101110 %
b101110 +
b101110 8
b101001 :
b1100 '
b1100 .
b1100 1
b1100 6
b101001 /
b101001 0
b10100 )
1!
#13021000
b10101 "
#13025000
0!
#13030000
b10 5
b101100 3
b1 4
b101111 %
b101111 +
b101111 8
b110 -
b110 2
b110 9
b110 ;
b10101 )
b101110 /
b101110 0
b1001 '
b1001 .
b1001 1
b1001 6
b101110 :
1!
#13031000
b10110 "
#13035000
0!
#13040000
b1000 5
b11 4
b100111 3
b101 -
b101 2
b101 9
b101 ;
b101100 %
b101100 +
b101100 8
b101111 :
b1100 '
b1100 .
b1100 1
b1100 6
b101111 /
b101111 0
b10110 )
1!
#13041000
b10111 "
#13045000
0!
#13050000
b1 5
b101100 3
1,
b0 4
b101101 %
b101101 +
b101101 8
b0 -
b0 2
b0 9
b0 ;
b10111 )
b101100 /
b101100 0
b111 '
b111 .
b111 1
b111 6
b101100 :
1!
#13051000
b11000 "
#13055000
0!
#13060000
0,
b11 -
b11 2
b11 9
b11 ;
b101100 3
b100010 %
b100010 +
b100010 8
b101101 :
0&
07
b1100 '
b1100 .
b1100 1
b1100 6
b101101 /
b101101 0
b11000 )
1!
#13061000
b11001 "
#13065000
0!
#13070000
b1000000 5
b1100010 3
b110 4
b100011 %
b100011 +
b100011 8
b100 -
b100 2
b100 9
b100 ;
b11001 )
b100010 /
b100010 0
1&
17
b100010 :
1!
#13071000
b11010 "
#13075000
0!
#13080000
b100 5
b10 4
b100111 3
b111 -
b111 2
b111 9
b111 ;
b100000 %
b100000 +
b100000 8
b100011 :
b10 '
b10 .
b10 1
b10 6
b100011 /
b100011 0
b11010 )
1!
#13081000
b11011 "
#13085000
0!
#13090000
b100000 5
b0 3
b101 4
b100001 %
b100001 +
b100001 8
b10 -
b10 2
b10 9
b10 ;
b11011 )
b100000 /
b100000 0
b111 '
b111 .
b111 1
b111 6
b100000 :
1!
#13091000
b11100 "
#13095000
0!
#13100000
b10000 5
b100 4
b110001 3
b1 -
b1 2
b1 9
b1 ;
b100110 %
b100110 +
b100110 8
b100001 :
b0 '
b0 .
b0 1
b0 6
b100001 /
b100001 0
b11100 )
1!
#13101000
b11101 "
#13105000
0!
#13110000
b1 5
b100111 3
b0 4
b100111 %
b100111 +
b100111 8
b11 -
b11 2
b11 9
b11 ;
b11101 )
b100110 /
b100110 0
b1 '
b1 .
b1 1
b1 6
b100110 :
1!
#13111000
b11110 "
#13115000
0!
#13120000
1,
b100111 3
b0 -
b0 2
b0 9
b0 ;
b100100 %
b100100 +
b100100 8
b100111 :
b111 '
b111 .
b111 1
b111 6
b100111 /
b100111 0
b11110 )
1!
#13121000
b11111 "
#13125000
0!
#13130000
b1000 5
0,
b11 4
b100101 %
b100101 +
b100101 8
b101100 3
b101 -
b101 2
b101 9
b101 ;
b11111 )
b100100 /
b100100 0
0&
07
b100100 :
1!
#13131000
b100000 "
#13135000
0!
#13140000
b10 5
b1 4
b100111 3
b110 -
b110 2
b110 9
b110 ;
b11010 %
b11010 +
b11010 8
b100101 :
1&
17
b1100 '
b1100 .
b1100 1
b1100 6
b100101 /
b100101 0
b100000 )
1!
#13141000
b100001 "
#13145000
0!
#13150000
b100000 5
b111010 3
b101 4
b11011 %
b11011 +
b11011 8
b10 -
b10 2
b10 9
b10 ;
b100001 )
b11010 /
b11010 0
b111 '
b111 .
b111 1
b111 6
b11010 :
1!
#13151000
b100010 "
#13155000
0!
#13160000
b10000 5
b100 4
b1011 3
b1 -
b1 2
b1 9
b1 ;
b11000 %
b11000 +
b11000 8
b11011 :
b1010 '
b1010 .
b1010 1
b1010 6
b11011 /
b11011 0
b100010 )
1!
#13161000
b100011 "
#13165000
0!
#13170000
b1000000 5
b1011000 3
b110 4
b11001 %
b11001 +
b11001 8
b100 -
b100 2
b100 9
b100 ;
b100011 )
b11000 /
b11000 0
b1011 '
b1011 .
b1011 1
b1011 6
b11000 :
1!
#13171000
b100100 "
#13175000
0!
#13180000
b100 5
b10 4
b11101 3
b111 -
b111 2
b111 9
b111 ;
b11110 %
b11110 +
b11110 8
b11001 :
b1000 '
b1000 .
b1000 1
b1000 6
b11001 /
b11001 0
b100100 )
1!
#13181000
b100101 "
#13185000
0!
#13190000
b1000 5
b10110 3
b11 4
b11111 %
b11111 +
b11111 8
b101 -
b101 2
b101 9
b101 ;
b100101 )
b11110 /
b11110 0
b1101 '
b1101 .
b1101 1
b1101 6
b11110 :
1!
#13191000
b100110 "
#13195000
0!
#13200000
b10 5
b1 4
b11101 3
b110 -
b110 2
b110 9
b110 ;
b11100 %
b11100 +
b11100 8
b11111 :
b110 '
b110 .
b110 1
b110 6
b11111 /
b11111 0
b100110 )
1!
#13201000
b100111 "
#13205000
0!
#13210000
b1 5
b11101 3
b0 4
b11101 %
b11101 +
b11101 8
b11 -
b11 2
b11 9
b11 ;
b100111 )
b11100 /
b11100 0
b1101 '
b1101 .
b1101 1
b1101 6
b11100 :
1!
#13211000
b101000 "
#13215000
0!
#13220000
1,
b11101 3
b0 -
b0 2
b0 9
b0 ;
b10010 %
b10010 +
b10010 8
b11101 :
b11101 /
b11101 0
b101000 )
1!
#13221000
b101001 "
#13225000
0!
#13230000
b100 5
0,
b10 4
b10011 %
b10011 +
b10011 8
b10110 3
b111 -
b111 2
b111 9
b111 ;
b101001 )
b10010 /
b10010 0
0&
07
b10010 :
1!
#13231000
b101010 "
#13235000
0!
#13240000
b1000000 5
b110 4
b1010011 3
b100 -
b100 2
b100 9
b100 ;
b10000 %
b10000 +
b10000 8
b10011 :
1&
17
b110 '
b110 .
b110 1
b110 6
b10011 /
b10011 0
b101010 )
1!
#13241000
b101011 "
#13245000
0!
#13250000
b10000 5
b0 3
b100 4
b10001 %
b10001 +
b10001 8
b1 -
b1 2
b1 9
b1 ;
b101011 )
b10000 /
b10000 0
b11 '
b11 .
b11 1
b11 6
b10000 :
1!
#13251000
b101100 "
#13255000
0!
#13260000
b100000 5
b101 4
b110001 3
b10 -
b10 2
b10 9
b10 ;
b10110 %
b10110 +
b10110 8
b10001 :
b0 '
b0 .
b0 1
b0 6
b10001 /
b10001 0
b101100 )
1!
#13261000
b101101 "
#13265000
0!
#13270000
b1 5
b10110 3
1,
b0 4
b10111 %
b10111 +
b10111 8
b0 -
b0 2
b0 9
b0 ;
b101101 )
b10110 /
b10110 0
b1 '
b1 .
b1 1
b1 6
b10110 :
1!
#13271000
b101110 "
#13275000
0!
#13280000
0,
b11 -
b11 2
b11 9
b11 ;
b10110 3
b10100 %
b10100 +
b10100 8
b10111 :
0&
07
b110 '
b110 .
b110 1
b110 6
b10111 /
b10111 0
b101110 )
1!
#13281000
b101111 "
#13285000
0!
#13290000
b10 5
b10110 3
b1 4
b10101 %
b10101 +
b10101 8
b110 -
b110 2
b110 9
b110 ;
b101111 )
b10100 /
b10100 0
1&
17
b10100 :
1!
#13291000
b110000 "
#13295000
0!
#13300000
b1000 5
b11 4
b11101 3
b101 -
b101 2
b101 9
b101 ;
b1010 %
b1010 +
b1010 8
b10101 :
b10101 /
b10101 0
b110000 )
1!
#13301000
b110001 "
#13305000
0!
#13310000
b1 5
b1011 3
b0 4
b1011 %
b1011 +
b1011 8
b11 -
b11 2
b11 9
b11 ;
b110001 )
b1010 /
b1010 0
b1101 '
b1101 .
b1101 1
b1101 6
b1010 :
1!
#13311000
b110010 "
#13315000
0!
#13320000
1,
b1011 3
b0 -
b0 2
b0 9
b0 ;
b1000 %
b1000 +
b1000 8
b1011 :
b1011 '
b1011 .
b1011 1
b1011 6
b1011 /
b1011 0
b110010 )
1!
#13321000
b110011 "
#13325000
0!
#13330000
b1000 5
0,
b11 4
b1001 %
b1001 +
b1001 8
b0 3
b101 -
b101 2
b101 9
b101 ;
b110011 )
b1000 /
b1000 0
0&
07
b1000 :
1!
#13331000
b110100 "
#13335000
0!
#13340000
b10 5
b1 4
b1011 3
b110 -
b110 2
b110 9
b110 ;
b1110 %
b1110 +
b1110 8
b1001 :
1&
17
b0 '
b0 .
b0 1
b0 6
b1001 /
b1001 0
b110100 )
1!
#13341000
b110101 "
#13345000
0!
#13350000
b1000000 5
b1001110 3
b110 4
b1111 %
b1111 +
b1111 8
b100 -
b100 2
b100 9
b100 ;
b110101 )
b1110 /
b1110 0
b1011 '
b1011 .
b1011 1
b1011 6
b1110 :
1!
#13351000
b110110 "
#13355000
0!
#13360000
b100 5
b10 4
b1011 3
b111 -
b111 2
b111 9
b111 ;
b1100 %
b1100 +
b1100 8
b1111 :
b1110 '
b1110 .
b1110 1
b1110 6
b1111 /
b1111 0
b110110 )
1!
#13361000
b110111 "
#13365000
0!
#13370000
b100000 5
b101100 3
b101 4
b1101 %
b1101 +
b1101 8
b10 -
b10 2
b10 9
b10 ;
b110111 )
b1100 /
b1100 0
b1011 '
b1011 .
b1011 1
b1011 6
b1100 :
1!
#13371000
b111000 "
#13375000
0!
#13380000
b10000 5
b100 4
b11101 3
b1 -
b1 2
b1 9
b1 ;
b10 %
b10 +
b10 8
b1101 :
b1100 '
b1100 .
b1100 1
b1100 6
b1101 /
b1101 0
b111000 )
1!
#13381000
b111001 "
#13385000
0!
#13390000
b10 5
b0 3
b1 4
b11 %
b11 +
b11 8
b110 -
b110 2
b110 9
b110 ;
b111001 )
b10 /
b10 0
b1101 '
b1101 .
b1101 1
b1101 6
b10 :
1!
#13391000
b111010 "
#13395000
0!
#13400000
b1000 5
b11 4
b1011 3
b101 -
b101 2
b101 9
b101 ;
b0 %
b0 +
b0 8
b11 :
b0 '
b0 .
b0 1
b0 6
b11 /
b11 0
b111010 )
1!
#13401000
b111011 "
#13405000
0!
#13410000
b1 5
b0 3
1,
b0 4
b1 %
b1 +
b1 8
b0 -
b0 2
b0 9
b0 ;
b111011 )
b0 /
b0 0
b1011 '
b1011 .
b1011 1
b1011 6
b0 :
1!
#13411000
b111100 "
#13415000
0!
#13420000
0,
b11 -
b11 2
b11 9
b11 ;
b0 3
b110 %
b110 +
b110 8
b1 :
0&
07
b0 '
b0 .
b0 1
b0 6
b1 /
b1 0
b111100 )
1!
#13421000
b111101 "
#13425000
0!
#13430000
b10000 5
b10110 3
b100 4
b111 %
b111 +
b111 8
b1 -
b1 2
b1 9
b1 ;
b111101 )
b110 /
b110 0
1&
17
b110 :
1!
#13431000
b111110 "
#13435000
0!
#13440000
b100000 5
b101 4
b100111 3
b10 -
b10 2
b10 9
b10 ;
b100 %
b100 +
b100 8
b111 :
b110 '
b110 .
b110 1
b110 6
b111 /
b111 0
b111110 )
1!
#13441000
b111111 "
#13445000
0!
#13450000
b100 5
b0 3
b10 4
b101 %
b101 +
b101 8
b111 -
b111 2
b111 9
b111 ;
b111111 )
b100 /
b100 0
b111 '
b111 .
b111 1
b111 6
b100 :
1!
#13451000
b1000000 "
#13455000
0!
#13460000
b1000000 5
b110 4
b1000101 3
b100 -
b100 2
b100 9
b100 ;
b1111010 %
b1111010 +
b1111010 8
b101 :
b0 '
b0 .
b0 1
b0 6
b101 /
b101 0
b1000000 )
1!
#13461000
b1000001 "
#13465000
0!
#13470000
b111010 3
b1111011 %
b1111011 +
b1111011 8
b1000001 )
b1111010 /
b1111010 0
b101 '
b101 .
b101 1
b101 6
b1111010 :
1!
#13471000
b1000010 "
#13475000
0!
#13480000
b100 5
b10 4
b1111111 3
b111 -
b111 2
b111 9
b111 ;
b1111000 %
b1111000 +
b1111000 8
b1111011 :
b1010 '
b1010 .
b1010 1
b1010 6
b1111011 /
b1111011 0
b1000010 )
1!
#13481000
b1000011 "
#13485000
0!
#13490000
b100000 5
b1011000 3
b101 4
b1111001 %
b1111001 +
b1111001 8
b10 -
b10 2
b10 9
b10 ;
b1000011 )
b1111000 /
b1111000 0
b1111 '
b1111 .
b1111 1
b1111 6
b1111000 :
1!
#13491000
b1000100 "
#13495000
0!
#13500000
b10000 5
b100 4
b1101001 3
b1 -
b1 2
b1 9
b1 ;
b1111110 %
b1111110 +
b1111110 8
b1111001 :
b1000 '
b1000 .
b1000 1
b1000 6
b1111001 /
b1111001 0
b1000100 )
1!
#13501000
b1000101 "
#13505000
0!
#13510000
b1 5
b1111111 3
b0 4
b1111111 %
b1111111 +
b1111111 8
b11 -
b11 2
b11 9
b11 ;
b1000101 )
b1111110 /
b1111110 0
b1001 '
b1001 .
b1001 1
b1001 6
b1111110 :
1!
#13511000
b1000110 "
#13515000
0!
#13520000
1,
b1111111 3
b0 -
b0 2
b0 9
b0 ;
b1111100 %
b1111100 +
b1111100 8
b1111111 :
b1111 '
b1111 .
b1111 1
b1111 6
b1111111 /
b1111111 0
b1000110 )
1!
#13521000
b1000111 "
#13525000
0!
#13530000
b1000 5
0,
b11 4
b1111101 %
b1111101 +
b1111101 8
b1110100 3
b101 -
b101 2
b101 9
b101 ;
b1000111 )
b1111100 /
b1111100 0
0&
07
b1111100 :
1!
#13531000
b1001000 "
#13535000
0!
#13540000
b10 5
b1 4
b1111111 3
b110 -
b110 2
b110 9
b110 ;
b1110010 %
b1110010 +
b1110010 8
b1111101 :
1&
17
b100 '
b100 .
b100 1
b100 6
b1111101 /
b1111101 0
b1001000 )
1!
#13541000
b1001001 "
#13545000
0!
#13550000
b10000 5
b1100010 3
b100 4
b1110011 %
b1110011 +
b1110011 8
b1 -
b1 2
b1 9
b1 ;
b1001001 )
b1110010 /
b1110010 0
b1111 '
b1111 .
b1111 1
b1111 6
b1110010 :
1!
#13551000
b1001010 "
#13555000
0!
#13560000
b100000 5
b101 4
b1010011 3
b10 -
b10 2
b10 9
b10 ;
b1110000 %
b1110000 +
b1110000 8
b1110011 :
b10 '
b10 .
b10 1
b10 6
b1110011 /
b1110011 0
b1001010 )
1!
#13561000
b1001011 "
#13565000
0!
#13570000
b100 5
b1110100 3
b10 4
b1110001 %
b1110001 +
b1110001 8
b111 -
b111 2
b111 9
b111 ;
b1001011 )
b1110000 /
b1110000 0
b11 '
b11 .
b11 1
b11 6
b1110000 :
1!
#13571000
b1001100 "
#13575000
0!
#13580000
b1000000 5
b110 4
b110001 3
b100 -
b100 2
b100 9
b100 ;
b1110110 %
b1110110 +
b1110110 8
b1110001 :
b100 '
b100 .
b100 1
b100 6
b1110001 /
b1110001 0
b1001100 )
1!
#13581000
b1001101 "
#13585000
0!
#13590000
b10 5
b1110100 3
b1 4
b1110111 %
b1110111 +
b1110111 8
b110 -
b110 2
b110 9
b110 ;
b1001101 )
b1110110 /
b1110110 0
b1 '
b1 .
b1 1
b1 6
b1110110 :
1!
#13591000
b1001110 "
#13595000
0!
#13600000
b1000 5
b11 4
b1111111 3
b101 -
b101 2
b101 9
b101 ;
b1110100 %
b1110100 +
b1110100 8
b1110111 :
b100 '
b100 .
b100 1
b100 6
b1110111 /
b1110111 0
b1001110 )
1!
#13601000
b1001111 "
#13605000
0!
#13610000
b1 5
b1110100 3
1,
b0 4
b1110101 %
b1110101 +
b1110101 8
b0 -
b0 2
b0 9
b0 ;
b1001111 )
b1110100 /
b1110100 0
b1111 '
b1111 .
b1111 1
b1111 6
b1110100 :
1!
#13611000
b1010000 "
#13615000
0!
#13620000
0,
b11 -
b11 2
b11 9
b11 ;
b1110100 3
b1101010 %
b1101010 +
b1101010 8
b1110101 :
0&
07
b100 '
b100 .
b100 1
b100 6
b1110101 /
b1110101 0
b1010000 )
1!
#13621000
b1010001 "
#13625000
0!
#13630000
b1000 5
b1100010 3
b11 4
b1101011 %
b1101011 +
b1101011 8
b101 -
b101 2
b101 9
b101 ;
b1010001 )
b1101010 /
b1101010 0
1&
17
b1101010 :
1!
#13631000
b1010010 "
#13635000
0!
#13640000
b10 5
b1 4
b1101001 3
b110 -
b110 2
b110 9
b110 ;
b1101000 %
b1101000 +
b1101000 8
b1101011 :
b10 '
b10 .
b10 1
b10 6
b1101011 /
b1101011 0
b1010010 )
1!
#13641000
b1010011 "
#13645000
0!
#13650000
b1 5
b1101001 3
b0 4
b1101001 %
b1101001 +
b1101001 8
b11 -
b11 2
b11 9
b11 ;
b1010011 )
b1101000 /
b1101000 0
b1001 '
b1001 .
b1001 1
b1001 6
b1101000 :
1!
#13651000
b1010100 "
#13655000
0!
#13660000
1,
b1101001 3
b0 -
b0 2
b0 9
b0 ;
b1101110 %
b1101110 +
b1101110 8
b1101001 :
b1101001 /
b1101001 0
b1010100 )
1!
#13661000
b1010101 "
#13665000
0!
#13670000
b100000 5
0,
b101 4
b1101111 %
b1101111 +
b1101111 8
b1001110 3
b10 -
b10 2
b10 9
b10 ;
b1010101 )
b1101110 /
b1101110 0
0&
07
b1101110 :
1!
#13671000
b1010110 "
#13675000
0!
#13680000
b10000 5
b100 4
b1111111 3
b1 -
b1 2
b1 9
b1 ;
b1101100 %
b1101100 +
b1101100 8
b1101111 :
1&
17
b1110 '
b1110 .
b1110 1
b1110 6
b1101111 /
b1101111 0
b1010110 )
1!
#13681000
b1010111 "
#13685000
0!
#13690000
b1000000 5
b101100 3
b110 4
b1101101 %
b1101101 +
b1101101 8
b100 -
b100 2
b100 9
b100 ;
b1010111 )
b1101100 /
b1101100 0
b1111 '
b1111 .
b1111 1
b1111 6
b1101100 :
1!
#13691000
b1011000 "
#13695000
0!
#13700000
b100 5
b10 4
b1101001 3
b111 -
b111 2
b111 9
b111 ;
b1100010 %
b1100010 +
b1100010 8
b1101101 :
b1100 '
b1100 .
b1100 1
b1100 6
b1101101 /
b1101101 0
b1011000 )
1!
#13701000
b1011001 "
#13705000
0!
#13710000
b1 5
b1100010 3
1,
b0 4
b1100011 %
b1100011 +
b1100011 8
b0 -
b0 2
b0 9
b0 ;
b1011001 )
b1100010 /
b1100010 0
b1001 '
b1001 .
b1001 1
b1001 6
b1100010 :
1!
#13711000
b1011010 "
#13715000
0!
#13720000
0,
b11 -
b11 2
b11 9
b11 ;
b1100010 3
b1100000 %
b1100000 +
b1100000 8
b1100011 :
0&
07
b10 '
b10 .
b10 1
b10 6
b1100011 /
b1100011 0
b1011010 )
1!
#13721000
b1011011 "
#13725000
0!
#13730000
b10 5
b1100010 3
b1 4
b1100001 %
b1100001 +
b1100001 8
b110 -
b110 2
b110 9
b110 ;
b1011011 )
b1100000 /
b1100000 0
1&
17
b1100000 :
1!
#13731000
b1011100 "
#13735000
0!
#13740000
b1000 5
b11 4
b1101001 3
b101 -
b101 2
b101 9
b101 ;
b1100110 %
b1100110 +
b1100110 8
b1100001 :
b1100001 /
b1100001 0
b1011100 )
1!
#13741000
b1011101 "
#13745000
0!
#13750000
b100 5
b1100010 3
b10 4
b1100111 %
b1100111 +
b1100111 8
b111 -
b111 2
b111 9
b111 ;
b1011101 )
b1100110 /
b1100110 0
b1001 '
b1001 .
b1001 1
b1001 6
b1100110 :
1!
#13751000
b1011110 "
#13755000
0!
#13760000
b1000000 5
b110 4
b100111 3
b100 -
b100 2
b100 9
b100 ;
b1100100 %
b1100100 +
b1100100 8
b1100111 :
b10 '
b10 .
b10 1
b10 6
b1100111 /
b1100111 0
b1011110 )
1!
#13761000
b1011111 "
#13765000
0!
#13770000
b10000 5
b1110100 3
b100 4
b1100101 %
b1100101 +
b1100101 8
b1 -
b1 2
b1 9
b1 ;
b1011111 )
b1100100 /
b1100100 0
b111 '
b111 .
b111 1
b111 6
b1100100 :
1!
#13771000
b1100000 "
#13775000
0!
#13780000
b100000 5
b101 4
b1000101 3
b10 -
b10 2
b10 9
b10 ;
b1011010 %
b1011010 +
b1011010 8
b1100101 :
b100 '
b100 .
b100 1
b100 6
b1100101 /
b1100101 0
b1100000 )
1!
#13781000
b1100001 "
#13785000
0!
#13790000
b10 5
b1011000 3
b1 4
b1011011 %
b1011011 +
b1011011 8
b110 -
b110 2
b110 9
b110 ;
b1100001 )
b1011010 /
b1011010 0
b101 '
b101 .
b101 1
b101 6
b1011010 :
1!
#13791000
b1100010 "
#13795000
0!
#13800000
b1000 5
b11 4
b1010011 3
b101 -
b101 2
b101 9
b101 ;
b1011000 %
b1011000 +
b1011000 8
b1011011 :
b1000 '
b1000 .
b1000 1
b1000 6
b1011011 /
b1011011 0
b1100010 )
1!
#13801000
b1100011 "
#13805000
0!
#13810000
b1 5
b1011000 3
1,
b0 4
b1011001 %
b1011001 +
b1011001 8
b0 -
b0 2
b0 9
b0 ;
b1100011 )
b1011000 /
b1011000 0
b11 '
b11 .
b11 1
b11 6
b1011000 :
1!
#13811000
b1100100 "
#13815000
0!
#13820000
0,
b11 -
b11 2
b11 9
b11 ;
b1011000 3
b1011110 %
b1011110 +
b1011110 8
b1011001 :
0&
07
b1000 '
b1000 .
b1000 1
b1000 6
b1011001 /
b1011001 0
b1100100 )
1!
#13821000
b1100101 "
#13825000
0!
#13830000
b10000 5
b1001110 3
b100 4
b1011111 %
b1011111 +
b1011111 8
b1 -
b1 2
b1 9
b1 ;
b1100101 )
b1011110 /
b1011110 0
1&
17
b1011110 :
1!
#13831000
b1100110 "
#13835000
0!
#13840000
b100000 5
b101 4
b1111111 3
b10 -
b10 2
b10 9
b10 ;
b1011100 %
b1011100 +
b1011100 8
b1011111 :
b1110 '
b1110 .
b1110 1
b1110 6
b1011111 /
b1011111 0
b1100110 )
1!
#13841000
b1100111 "
#13845000
0!
#13850000
b100 5
b1011000 3
b10 4
b1011101 %
b1011101 +
b1011101 8
b111 -
b111 2
b111 9
b111 ;
b1100111 )
b1011100 /
b1011100 0
b1111 '
b1111 .
b1111 1
b1111 6
b1011100 :
1!
#13851000
b1101000 "
#13855000
0!
#13860000
b1000000 5
b110 4
b11101 3
b100 -
b100 2
b100 9
b100 ;
b1010010 %
b1010010 +
b1010010 8
b1011101 :
b1000 '
b1000 .
b1000 1
b1000 6
b1011101 /
b1011101 0
b1101000 )
1!
#13861000
b1101001 "
#13865000
0!
#13870000
b1 5
b1010011 3
b0 4
b1010011 %
b1010011 +
b1010011 8
b11 -
b11 2
b11 9
b11 ;
b1101001 )
b1010010 /
b1010010 0
b1101 '
b1101 .
b1101 1
b1101 6
b1010010 :
1!
#13871000
b1101010 "
#13875000
0!
#13880000
1,
b1010011 3
b0 -
b0 2
b0 9
b0 ;
b1010000 %
b1010000 +
b1010000 8
b1010011 :
b11 '
b11 .
b11 1
b11 6
b1010011 /
b1010011 0
b1101010 )
1!
#13881000
b1101011 "
#13885000
0!
#13890000
b1000 5
0,
b11 4
b1010001 %
b1010001 +
b1010001 8
b1011000 3
b101 -
b101 2
b101 9
b101 ;
b1101011 )
b1010000 /
b1010000 0
0&
07
b1010000 :
1!
#13891000
b1101100 "
#13895000
0!
#13900000
b10 5
b1 4
b1010011 3
b110 -
b110 2
b110 9
b110 ;
b1010110 %
b1010110 +
b1010110 8
b1010001 :
1&
17
b1000 '
b1000 .
b1000 1
b1000 6
b1010001 /
b1010001 0
b1101100 )
1!
#13901000
b1101101 "
#13905000
0!
#13910000
b1000000 5
b10110 3
b110 4
b1010111 %
b1010111 +
b1010111 8
b100 -
b100 2
b100 9
b100 ;
b1101101 )
b1010110 /
b1010110 0
b11 '
b11 .
b11 1
b11 6
b1010110 :
1!
#13911000
b1101110 "
#13915000
0!
#13920000
b100 5
b10 4
b1010011 3
b111 -
b111 2
b111 9
b111 ;
b1010100 %
b1010100 +
b1010100 8
b1010111 :
b110 '
b110 .
b110 1
b110 6
b1010111 /
b1010111 0
b1101110 )
1!
#13921000
b1101111 "
#13925000
0!
#13930000
b100000 5
b1110100 3
b101 4
b1010101 %
b1010101 +
b1010101 8
b10 -
b10 2
b10 9
b10 ;
b1101111 )
b1010100 /
b1010100 0
b11 '
b11 .
b11 1
b11 6
b1010100 :
1!
#13931000
b1110000 "
#13935000
0!
#13940000
b10000 5
b100 4
b1000101 3
b1 -
b1 2
b1 9
b1 ;
b1001010 %
b1001010 +
b1001010 8
b1010101 :
b100 '
b100 .
b100 1
b100 6
b1010101 /
b1010101 0
b1110000 )
1!
#13941000
b1110001 "
#13945000
0!
#13950000
b100 5
b1001110 3
b10 4
b1001011 %
b1001011 +
b1001011 8
b111 -
b111 2
b111 9
b111 ;
b1110001 )
b1001010 /
b1001010 0
b101 '
b101 .
b101 1
b101 6
b1001010 :
1!
#13951000
b1110010 "
#13955000
0!
#13960000
b1000000 5
b110 4
b1011 3
b100 -
b100 2
b100 9
b100 ;
b1001000 %
b1001000 +
b1001000 8
b1001011 :
b1110 '
b1110 .
b1110 1
b1110 6
b1001011 /
b1001011 0
b1110010 )
1!
#13961000
b1110011 "
#13965000
0!
#13970000
b10000 5
b1011000 3
b100 4
b1001001 %
b1001001 +
b1001001 8
b1 -
b1 2
b1 9
b1 ;
b1110011 )
b1001000 /
b1001000 0
b1011 '
b1011 .
b1011 1
b1011 6
b1001000 :
1!
#13971000
b1110100 "
#13975000
0!
#13980000
b100000 5
b101 4
b1101001 3
b10 -
b10 2
b10 9
b10 ;
b1001110 %
b1001110 +
b1001110 8
b1001001 :
b1000 '
b1000 .
b1000 1
b1000 6
b1001001 /
b1001001 0
b1110100 )
1!
#13981000
b1110101 "
#13985000
0!
#13990000
b1 5
b1001110 3
1,
b0 4
b1001111 %
b1001111 +
b1001111 8
b0 -
b0 2
b0 9
b0 ;
b1110101 )
b1001110 /
b1001110 0
b1001 '
b1001 .
b1001 1
b1001 6
b1001110 :
1!
#13991000
b1110110 "
#13995000
0!
#14000000
0,
b11 -
b11 2
b11 9
b11 ;
b1001110 3
b1001100 %
b1001100 +
b1001100 8
b1001111 :
0&
07
b1110 '
b1110 .
b1110 1
b1110 6
b1001111 /
b1001111 0
b1110110 )
1!
#14001000
b1110111 "
#14005000
0!
#14010000
b10 5
b1001110 3
b1 4
b1001101 %
b1001101 +
b1001101 8
b110 -
b110 2
b110 9
b110 ;
b1110111 )
b1001100 /
b1001100 0
1&
17
b1001100 :
1!
#14011000
b1111000 "
#14015000
0!
#14020000
b1000 5
b11 4
b1000101 3
b101 -
b101 2
b101 9
b101 ;
b1000010 %
b1000010 +
b1000010 8
b1001101 :
b1001101 /
b1001101 0
b1111000 )
1!
#14021000
b1111001 "
#14025000
0!
#14030000
b100000 5
b1100010 3
b101 4
b1000011 %
b1000011 +
b1000011 8
b10 -
b10 2
b10 9
b10 ;
b1111001 )
b1000010 /
b1000010 0
b101 '
b101 .
b101 1
b101 6
b1000010 :
1!
#14031000
b1111010 "
#14035000
0!
#14040000
b10000 5
b100 4
b1010011 3
b1 -
b1 2
b1 9
b1 ;
b1000000 %
b1000000 +
b1000000 8
b1000011 :
b10 '
b10 .
b10 1
b10 6
b1000011 /
b1000011 0
b1111010 )
1!
#14041000
b1111011 "
#14045000
0!
#14050000
b1000000 5
b0 3
b110 4
b1000001 %
b1000001 +
b1000001 8
b100 -
b100 2
b100 9
b100 ;
b1111011 )
b1000000 /
b1000000 0
b11 '
b11 .
b11 1
b11 6
b1000000 :
1!
#14051000
b1111100 "
#14055000
0!
#14060000
b100 5
b10 4
b1000101 3
b111 -
b111 2
b111 9
b111 ;
b1000110 %
b1000110 +
b1000110 8
b1000001 :
b0 '
b0 .
b0 1
b0 6
b1000001 /
b1000001 0
b1111100 )
1!
#14061000
b1111101 "
#14065000
0!
#14070000
b1000 5
b1001110 3
b11 4
b1000111 %
b1000111 +
b1000111 8
b101 -
b101 2
b101 9
b101 ;
b1111101 )
b1000110 /
b1000110 0
b101 '
b101 .
b101 1
b101 6
b1000110 :
1!
#14071000
b1111110 "
#14075000
0!
#14080000
b10 5
b1 4
b1000101 3
b110 -
b110 2
b110 9
b110 ;
b1000100 %
b1000100 +
b1000100 8
b1000111 :
b1110 '
b1110 .
b1110 1
b1110 6
b1000111 /
b1000111 0
b1111110 )
1!
#14081000
b1111111 "
#14085000
0!
#14090000
b1 5
b1000101 3
b0 4
b1000101 %
b1000101 +
b1000101 8
b11 -
b11 2
b11 9
b11 ;
b1111111 )
b1000100 /
b1000100 0
b101 '
b101 .
b101 1
b101 6
b1000100 :
1!
#14091000
b0 "
b1011 #
#14095000
0!
#14100000
b0 >
1,
b1000101 3
b0 -
b0 2
b0 9
b0 ;
b1011 %
b1011 +
b1011 8
b1011 (
b1011 =
b1011 ?
b1000101 :
b1000101 /
b1000101 0
b0 )
b1011 *
b1011 <
1!
#14101000
b1 "
#14105000
0!
#14110000
b1010 %
b1010 +
b1010 8
b1011 3
b1 )
b1011 /
b1011 0
0&
07
b1011 :
1!
#14111000
b10 "
#14115000
0!
#14120000
0,
b11 -
b11 2
b11 9
b11 ;
b1011 3
b1001 %
b1001 +
b1001 8
b1010 :
b1011 '
b1011 .
b1011 1
b1011 6
b1010 /
b1010 0
b10 )
1!
#14121000
b11 "
#14125000
0!
#14130000
b10 5
b1011 3
b1 4
b1000 %
b1000 +
b1000 8
b110 -
b110 2
b110 9
b110 ;
b11 )
b1001 /
b1001 0
1&
17
b1001 :
1!
#14131000
b100 "
#14135000
0!
#14140000
b1000 5
b11 4
b0 3
b101 -
b101 2
b101 9
b101 ;
b1111 %
b1111 +
b1111 8
b1000 :
b1000 /
b1000 0
b100 )
1!
#14141000
b101 "
#14145000
0!
#14150000
b100 5
b1011 3
b10 4
b1110 %
b1110 +
b1110 8
b111 -
b111 2
b111 9
b111 ;
b101 )
b1111 /
b1111 0
b0 '
b0 .
b0 1
b0 6
b1111 :
1!
#14151000
b110 "
#14155000
0!
#14160000
b1000000 5
b110 4
b1001110 3
b100 -
b100 2
b100 9
b100 ;
b1101 %
b1101 +
b1101 8
b1110 :
b1011 '
b1011 .
b1011 1
b1011 6
b1110 /
b1110 0
b110 )
1!
#14161000
b111 "
#14165000
0!
#14170000
b10000 5
b11101 3
b100 4
b1100 %
b1100 +
b1100 8
b1 -
b1 2
b1 9
b1 ;
b111 )
b1101 /
b1101 0
b1110 '
b1110 .
b1110 1
b1110 6
b1101 :
1!
#14171000
b1000 "
#14175000
0!
#14180000
b100000 5
b101 4
b101100 3
b10 -
b10 2
b10 9
b10 ;
b11 %
b11 +
b11 8
b1100 :
b1101 '
b1101 .
b1101 1
b1101 6
b1100 /
b1100 0
b1000 )
1!
#14181000
b1001 "
#14185000
0!
#14190000
b1000 5
b1011 3
b11 4
b10 %
b10 +
b10 8
b101 -
b101 2
b101 9
b101 ;
b1001 )
b11 /
b11 0
b1100 '
b1100 .
b1100 1
b1100 6
b11 :
1!
#14191000
b1010 "
#14195000
0!
#14200000
b10 5
b1 4
b0 3
b110 -
b110 2
b110 9
b110 ;
b1 %
b1 +
b1 8
b10 :
b1011 '
b1011 .
b1011 1
b1011 6
b10 /
b10 0
b1010 )
1!
#14201000
b1011 "
#14205000
0!
#14210000
b1 5
b0 3
b0 4
b0 %
b0 +
b0 8
b11 -
b11 2
b11 9
b11 ;
b1011 )
b1 /
b1 0
b0 '
b0 .
b0 1
b0 6
b1 :
1!
#14211000
b1100 "
#14215000
0!
#14220000
1,
b0 3
b0 -
b0 2
b0 9
b0 ;
b111 %
b111 +
b111 8
b0 :
b0 /
b0 0
b1100 )
1!
#14221000
b1101 "
#14225000
0!
#14230000
b100000 5
0,
b101 4
b110 %
b110 +
b110 8
b100111 3
b10 -
b10 2
b10 9
b10 ;
b1101 )
b111 /
b111 0
0&
07
b111 :
1!
#14231000
b1110 "
#14235000
0!
#14240000
b10000 5
b100 4
b10110 3
b1 -
b1 2
b1 9
b1 ;
b101 %
b101 +
b101 8
b110 :
1&
17
b111 '
b111 .
b111 1
b111 6
b110 /
b110 0
b1110 )
1!
#14241000
b1111 "
#14245000
0!
#14250000
b1000000 5
b1000101 3
b110 4
b100 %
b100 +
b100 8
b100 -
b100 2
b100 9
b100 ;
b1111 )
b101 /
b101 0
b110 '
b110 .
b110 1
b110 6
b101 :
1!
#14251000
b10000 "
#14255000
0!
#14260000
b100 5
b10 4
b0 3
b111 -
b111 2
b111 9
b111 ;
b11011 %
b11011 +
b11011 8
b100 :
b101 '
b101 .
b101 1
b101 6
b100 /
b100 0
b10000 )
1!
#14261000
b10001 "
#14265000
0!
#14270000
b10000 5
b1011 3
b100 4
b11010 %
b11010 +
b11010 8
b1 -
b1 2
b1 9
b1 ;
b10001 )
b11011 /
b11011 0
b0 '
b0 .
b0 1
b0 6
b11011 :
1!
#14271000
b10010 "
#14275000
0!
#14280000
b100000 5
b101 4
b111010 3
b10 -
b10 2
b10 9
b10 ;
b11001 %
b11001 +
b11001 8
b11010 :
b1011 '
b1011 .
b1011 1
b1011 6
b11010 /
b11010 0
b10010 )
1!
#14281000
b10011 "
#14285000
0!
#14290000
b100 5
b11101 3
b10 4
b11000 %
b11000 +
b11000 8
b111 -
b111 2
b111 9
b111 ;
b10011 )
b11001 /
b11001 0
b1010 '
b1010 .
b1010 1
b1010 6
b11001 :
1!
#14291000
b10100 "
#14295000
0!
#14300000
b1000000 5
b110 4
b1011000 3
b100 -
b100 2
b100 9
b100 ;
b11111 %
b11111 +
b11111 8
b11000 :
b1101 '
b1101 .
b1101 1
b1101 6
b11000 /
b11000 0
b10100 )
1!
#14301000
b10101 "
#14305000
0!
#14310000
b10 5
b11101 3
b1 4
b11110 %
b11110 +
b11110 8
b110 -
b110 2
b110 9
b110 ;
b10101 )
b11111 /
b11111 0
b1000 '
b1000 .
b1000 1
b1000 6
b11111 :
1!
#14311000
b10110 "
#14315000
0!
#14320000
b1000 5
b11 4
b10110 3
b101 -
b101 2
b101 9
b101 ;
b11101 %
b11101 +
b11101 8
b11110 :
b1101 '
b1101 .
b1101 1
b1101 6
b11110 /
b11110 0
b10110 )
1!
#14321000
b10111 "
#14325000
0!
#14330000
b1 5
b11101 3
1,
b0 4
b11100 %
b11100 +
b11100 8
b0 -
b0 2
b0 9
b0 ;
b10111 )
b11101 /
b11101 0
b110 '
b110 .
b110 1
b110 6
b11101 :
1!
#14331000
b11000 "
#14335000
0!
#14340000
0,
b11 -
b11 2
b11 9
b11 ;
b11101 3
b10011 %
b10011 +
b10011 8
b11100 :
0&
07
b1101 '
b1101 .
b1101 1
b1101 6
b11100 /
b11100 0
b11000 )
1!
#14341000
b11001 "
#14345000
0!
#14350000
b1000000 5
b1010011 3
b110 4
b10010 %
b10010 +
b10010 8
b100 -
b100 2
b100 9
b100 ;
b11001 )
b10011 /
b10011 0
1&
17
b10011 :
1!
#14351000
b11010 "
#14355000
0!
#14360000
b100 5
b10 4
b10110 3
b111 -
b111 2
b111 9
b111 ;
b10001 %
b10001 +
b10001 8
b10010 :
b11 '
b11 .
b11 1
b11 6
b10010 /
b10010 0
b11010 )
1!
#14361000
b11011 "
#14365000
0!
#14370000
b100000 5
b110001 3
b101 4
b10000 %
b10000 +
b10000 8
b10 -
b10 2
b10 9
b10 ;
b11011 )
b10001 /
b10001 0
b110 '
b110 .
b110 1
b110 6
b10001 :
1!
#14371000
b11100 "
#14375000
0!
#14380000
b10000 5
b100 4
b0 3
b1 -
b1 2
b1 9
b1 ;
b10111 %
b10111 +
b10111 8
b10000 :
b1 '
b1 .
b1 1
b1 6
b10000 /
b10000 0
b11100 )
1!
#14381000
b11101 "
#14385000
0!
#14390000
b1 5
b10110 3
b0 4
b10110 %
b10110 +
b10110 8
b11 -
b11 2
b11 9
b11 ;
b11101 )
b10111 /
b10111 0
b0 '
b0 .
b0 1
b0 6
b10111 :
1!
#14391000
b11110 "
#14395000
0!
#14400000
1,
b10110 3
b0 -
b0 2
b0 9
b0 ;
b10101 %
b10101 +
b10101 8
b10110 :
b110 '
b110 .
b110 1
b110 6
b10110 /
b10110 0
b11110 )
1!
#14401000
b11111 "
#14405000
0!
#14410000
b1000 5
0,
b11 4
b10100 %
b10100 +
b10100 8
b11101 3
b101 -
b101 2
b101 9
b101 ;
b11111 )
b10101 /
b10101 0
0&
07
b10101 :
1!
#14411000
b100000 "
#14415000
0!
#14420000
b10 5
b1 4
b10110 3
b110 -
b110 2
b110 9
b110 ;
b101011 %
b101011 +
b101011 8
b10100 :
1&
17
b1101 '
b1101 .
b1101 1
b1101 6
b10100 /
b10100 0
b100000 )
1!
#14421000
b100001 "
#14425000
0!
#14430000
b100000 5
b1011 3
b101 4
b101010 %
b101010 +
b101010 8
b10 -
b10 2
b10 9
b10 ;
b100001 )
b101011 /
b101011 0
b110 '
b110 .
b110 1
b110 6
b101011 :
1!
#14431000
b100010 "
#14435000
0!
#14440000
b10000 5
b100 4
b111010 3
b1 -
b1 2
b1 9
b1 ;
b101001 %
b101001 +
b101001 8
b101010 :
b1011 '
b1011 .
b1011 1
b1011 6
b101010 /
b101010 0
b100010 )
1!
#14441000
b100011 "
#14445000
0!
#14450000
b1000000 5
b1101001 3
b110 4
b101000 %
b101000 +
b101000 8
b100 -
b100 2
b100 9
b100 ;
b100011 )
b101001 /
b101001 0
b1010 '
b1010 .
b1010 1
b1010 6
b101001 :
1!
#14451000
b100100 "
#14455000
0!
#14460000
b100 5
b10 4
b101100 3
b111 -
b111 2
b111 9
b111 ;
b101111 %
b101111 +
b101111 8
b101000 :
b1001 '
b1001 .
b1001 1
b1001 6
b101000 /
b101000 0
b100100 )
1!
#14461000
b100101 "
#14465000
0!
#14470000
b1000 5
b100111 3
b11 4
b101110 %
b101110 +
b101110 8
b101 -
b101 2
b101 9
b101 ;
b100101 )
b101111 /
b101111 0
b1100 '
b1100 .
b1100 1
b1100 6
b101111 :
1!
#14471000
b100110 "
#14475000
0!
#14480000
b10 5
b1 4
b101100 3
b110 -
b110 2
b110 9
b110 ;
b101101 %
b101101 +
b101101 8
b101110 :
b111 '
b111 .
b111 1
b111 6
b101110 /
b101110 0
b100110 )
1!
#14481000
b100111 "
#14485000
0!
#14490000
b1 5
b101100 3
b0 4
b101100 %
b101100 +
b101100 8
b11 -
b11 2
b11 9
b11 ;
b100111 )
b101101 /
b101101 0
b1100 '
b1100 .
b1100 1
b1100 6
b101101 :
1!
#14491000
b101000 "
#14495000
0!
#14500000
1,
b101100 3
b0 -
b0 2
b0 9
b0 ;
b100011 %
b100011 +
b100011 8
b101100 :
b101100 /
b101100 0
b101000 )
1!
#14501000
b101001 "
#14505000
0!
#14510000
b100 5
0,
b10 4
b100010 %
b100010 +
b100010 8
b100111 3
b111 -
b111 2
b111 9
b111 ;
b101001 )
b100011 /
b100011 0
0&
07
b100011 :
1!
#14511000
b101010 "
#14515000
0!
#14520000
b1000000 5
b110 4
b1100010 3
b100 -
b100 2
b100 9
b100 ;
b100001 %
b100001 +
b100001 8
b100010 :
1&
17
b111 '
b111 .
b111 1
b111 6
b100010 /
b100010 0
b101010 )
1!
#14521000
b101011 "
#14525000
0!
#14530000
b10000 5
b110001 3
b100 4
b100000 %
b100000 +
b100000 8
b1 -
b1 2
b1 9
b1 ;
b101011 )
b100001 /
b100001 0
b10 '
b10 .
b10 1
b10 6
b100001 :
1!
#14531000
b101100 "
#14535000
0!
#14540000
b100000 5
b101 4
b0 3
b10 -
b10 2
b10 9
b10 ;
b100111 %
b100111 +
b100111 8
b100000 :
b1 '
b1 .
b1 1
b1 6
b100000 /
b100000 0
b101100 )
1!
#14541000
b101101 "
#14545000
0!
#14550000
b1 5
b100111 3
1,
b0 4
b100110 %
b100110 +
b100110 8
b0 -
b0 2
b0 9
b0 ;
b101101 )
b100111 /
b100111 0
b0 '
b0 .
b0 1
b0 6
b100111 :
1!
#14551000
b101110 "
#14555000
0!
#14560000
0,
b11 -
b11 2
b11 9
b11 ;
b100111 3
b100101 %
b100101 +
b100101 8
b100110 :
0&
07
b111 '
b111 .
b111 1
b111 6
b100110 /
b100110 0
b101110 )
1!
#14561000
b101111 "
#14565000
0!
#14570000
b10 5
b100111 3
b1 4
b100100 %
b100100 +
b100100 8
b110 -
b110 2
b110 9
b110 ;
b101111 )
b100101 /
b100101 0
1&
17
b100101 :
1!
#14571000
b110000 "
#14575000
0!
#14580000
b1000 5
b11 4
b101100 3
b101 -
b101 2
b101 9
b101 ;
b111011 %
b111011 +
b111011 8
b100100 :
b100100 /
b100100 0
b110000 )
1!
#14581000
b110001 "
#14585000
0!
#14590000
b1 5
b111010 3
b0 4
b111010 %
b111010 +
b111010 8
b11 -
b11 2
b11 9
b11 ;
b110001 )
b111011 /
b111011 0
b1100 '
b1100 .
b1100 1
b1100 6
b111011 :
1!
#14591000
b110010 "
#14595000
0!
#14600000
1,
b111010 3
b0 -
b0 2
b0 9
b0 ;
b111001 %
b111001 +
b111001 8
b111010 :
b1010 '
b1010 .
b1010 1
b1010 6
b111010 /
b111010 0
b110010 )
1!
#14601000
b110011 "
#14605000
0!
#14610000
b1000 5
0,
b11 4
b111000 %
b111000 +
b111000 8
b110001 3
b101 -
b101 2
b101 9
b101 ;
b110011 )
b111001 /
b111001 0
0&
07
b111001 :
1!
#14611000
b110100 "
#14615000
0!
#14620000
b10 5
b1 4
b111010 3
b110 -
b110 2
b110 9
b110 ;
b111111 %
b111111 +
b111111 8
b111000 :
1&
17
b1 '
b1 .
b1 1
b1 6
b111000 /
b111000 0
b110100 )
1!
#14621000
b110101 "
#14625000
0!
#14630000
b1000000 5
b1111111 3
b110 4
b111110 %
b111110 +
b111110 8
b100 -
b100 2
b100 9
b100 ;
b110101 )
b111111 /
b111111 0
b1010 '
b1010 .
b1010 1
b1010 6
b111111 :
1!
#14631000
b110110 "
#14635000
0!
#14640000
b100 5
b10 4
b111010 3
b111 -
b111 2
b111 9
b111 ;
b111101 %
b111101 +
b111101 8
b111110 :
b1111 '
b1111 .
b1111 1
b1111 6
b111110 /
b111110 0
b110110 )
1!
#14641000
b110111 "
#14645000
0!
#14650000
b100000 5
b11101 3
b101 4
b111100 %
b111100 +
b111100 8
b10 -
b10 2
b10 9
b10 ;
b110111 )
b111101 /
b111101 0
b1010 '
b1010 .
b1010 1
b1010 6
b111101 :
1!
#14651000
b111000 "
#14655000
0!
#14660000
b10000 5
b100 4
b101100 3
b1 -
b1 2
b1 9
b1 ;
b110011 %
b110011 +
b110011 8
b111100 :
b1101 '
b1101 .
b1101 1
b1101 6
b111100 /
b111100 0
b111000 )
1!
#14661000
b111001 "
#14665000
0!
#14670000
b10 5
b110001 3
b1 4
b110010 %
b110010 +
b110010 8
b110 -
b110 2
b110 9
b110 ;
b111001 )
b110011 /
b110011 0
b1100 '
b1100 .
b1100 1
b1100 6
b110011 :
1!
#14671000
b111010 "
#14675000
0!
#14680000
b1000 5
b11 4
b111010 3
b101 -
b101 2
b101 9
b101 ;
b110001 %
b110001 +
b110001 8
b110010 :
b1 '
b1 .
b1 1
b1 6
b110010 /
b110010 0
b111010 )
1!
#14681000
b111011 "
#14685000
0!
#14690000
b1 5
b110001 3
1,
b0 4
b110000 %
b110000 +
b110000 8
b0 -
b0 2
b0 9
b0 ;
b111011 )
b110001 /
b110001 0
b1010 '
b1010 .
b1010 1
b1010 6
b110001 :
1!
#14691000
b111100 "
#14695000
0!
#14700000
0,
b11 -
b11 2
b11 9
b11 ;
b110001 3
b110111 %
b110111 +
b110111 8
b110000 :
0&
07
b1 '
b1 .
b1 1
b1 6
b110000 /
b110000 0
b111100 )
1!
#14701000
b111101 "
#14705000
0!
#14710000
b10000 5
b100111 3
b100 4
b110110 %
b110110 +
b110110 8
b1 -
b1 2
b1 9
b1 ;
b111101 )
b110111 /
b110111 0
1&
17
b110111 :
1!
#14711000
b111110 "
#14715000
0!
#14720000
b100000 5
b101 4
b10110 3
b10 -
b10 2
b10 9
b10 ;
b110101 %
b110101 +
b110101 8
b110110 :
b111 '
b111 .
b111 1
b111 6
b110110 /
b110110 0
b111110 )
1!
#14721000
b111111 "
#14725000
0!
#14730000
b100 5
b110001 3
b10 4
b110100 %
b110100 +
b110100 8
b111 -
b111 2
b111 9
b111 ;
b111111 )
b110101 /
b110101 0
b110 '
b110 .
b110 1
b110 6
b110101 :
1!
#14731000
b1000000 "
#14735000
0!
#14740000
b1000000 5
b110 4
b1110100 3
b100 -
b100 2
b100 9
b100 ;
b1001011 %
b1001011 +
b1001011 8
b110100 :
b1 '
b1 .
b1 1
b1 6
b110100 /
b110100 0
b1000000 )
1!
#14741000
b1000001 "
#14745000
0!
#14750000
b1011 3
b1001010 %
b1001010 +
b1001010 8
b1000001 )
b1001011 /
b1001011 0
b100 '
b100 .
b100 1
b100 6
b1001011 :
1!
#14751000
b1000010 "
#14755000
0!
#14760000
b100 5
b10 4
b1001110 3
b111 -
b111 2
b111 9
b111 ;
b1001001 %
b1001001 +
b1001001 8
b1001010 :
b1011 '
b1011 .
b1011 1
b1011 6
b1001010 /
b1001010 0
b1000010 )
1!
#14761000
b1000011 "
#14765000
0!
#14770000
b100000 5
b1101001 3
b101 4
b1001000 %
b1001000 +
b1001000 8
b10 -
b10 2
b10 9
b10 ;
b1000011 )
b1001001 /
b1001001 0
b1110 '
b1110 .
b1110 1
b1110 6
b1001001 :
1!
#14771000
b1000100 "
#14775000
0!
#14780000
b10000 5
b100 4
b1011000 3
b1 -
b1 2
b1 9
b1 ;
b1001111 %
b1001111 +
b1001111 8
b1001000 :
b1001 '
b1001 .
b1001 1
b1001 6
b1001000 /
b1001000 0
b1000100 )
1!
#14781000
b1000101 "
#14785000
0!
#14790000
b1 5
b1001110 3
b0 4
b1001110 %
b1001110 +
b1001110 8
b11 -
b11 2
b11 9
b11 ;
b1000101 )
b1001111 /
b1001111 0
b1000 '
b1000 .
b1000 1
b1000 6
b1001111 :
1!
#14791000
b1000110 "
#14795000
0!
#14800000
1,
b1001110 3
b0 -
b0 2
b0 9
b0 ;
b1001101 %
b1001101 +
b1001101 8
b1001110 :
b1110 '
b1110 .
b1110 1
b1110 6
b1001110 /
b1001110 0
b1000110 )
1!
#14801000
b1000111 "
#14805000
0!
#14810000
b1000 5
0,
b11 4
b1001100 %
b1001100 +
b1001100 8
b1000101 3
b101 -
b101 2
b101 9
b101 ;
b1000111 )
b1001101 /
b1001101 0
0&
07
b1001101 :
1!
#14811000
b1001000 "
#14815000
0!
#14820000
b10 5
b1 4
b1001110 3
b110 -
b110 2
b110 9
b110 ;
b1000011 %
b1000011 +
b1000011 8
b1001100 :
1&
17
b101 '
b101 .
b101 1
b101 6
b1001100 /
b1001100 0
b1001000 )
1!
#14821000
b1001001 "
#14825000
0!
#14830000
b10000 5
b1010011 3
b100 4
b1000010 %
b1000010 +
b1000010 8
b1 -
b1 2
b1 9
b1 ;
b1001001 )
b1000011 /
b1000011 0
b1110 '
b1110 .
b1110 1
b1110 6
b1000011 :
1!
#14831000
b1001010 "
#14835000
0!
#14840000
b100000 5
b101 4
b1100010 3
b10 -
b10 2
b10 9
b10 ;
b1000001 %
b1000001 +
b1000001 8
b1000010 :
b11 '
b11 .
b11 1
b11 6
b1000010 /
b1000010 0
b1001010 )
1!
#14841000
b1001011 "
#14845000
0!
#14850000
b100 5
b1000101 3
b10 4
b1000000 %
b1000000 +
b1000000 8
b111 -
b111 2
b111 9
b111 ;
b1001011 )
b1000001 /
b1000001 0
b10 '
b10 .
b10 1
b10 6
b1000001 :
1!
#14851000
b1001100 "
#14855000
0!
#14860000
b1000000 5
b110 4
b0 3
b100 -
b100 2
b100 9
b100 ;
b1000111 %
b1000111 +
b1000111 8
b1000000 :
b101 '
b101 .
b101 1
b101 6
b1000000 /
b1000000 0
b1001100 )
1!
#14861000
b1001101 "
#14865000
0!
#14870000
b10 5
b1000101 3
b1 4
b1000110 %
b1000110 +
b1000110 8
b110 -
b110 2
b110 9
b110 ;
b1001101 )
b1000111 /
b1000111 0
b0 '
b0 .
b0 1
b0 6
b1000111 :
1!
#14871000
b1001110 "
#14875000
0!
#14880000
b1000 5
b11 4
b1001110 3
b101 -
b101 2
b101 9
b101 ;
b1000101 %
b1000101 +
b1000101 8
b1000110 :
b101 '
b101 .
b101 1
b101 6
b1000110 /
b1000110 0
b1001110 )
1!
#14881000
b1001111 "
#14885000
0!
#14890000
b1 5
b1000101 3
1,
b0 4
b1000100 %
b1000100 +
b1000100 8
b0 -
b0 2
b0 9
b0 ;
b1001111 )
b1000101 /
b1000101 0
b1110 '
b1110 .
b1110 1
b1110 6
b1000101 :
1!
#14891000
b1010000 "
#14895000
0!
#14900000
0,
b11 -
b11 2
b11 9
b11 ;
b1000101 3
b1011011 %
b1011011 +
b1011011 8
b1000100 :
0&
07
b101 '
b101 .
b101 1
b101 6
b1000100 /
b1000100 0
b1010000 )
1!
#14901000
b1010001 "
#14905000
0!
#14910000
b1000 5
b1010011 3
b11 4
b1011010 %
b1011010 +
b1011010 8
b101 -
b101 2
b101 9
b101 ;
b1010001 )
b1011011 /
b1011011 0
1&
17
b1011011 :
1!
#14911000
b1010010 "
#14915000
0!
#14920000
b10 5
b1 4
b1011000 3
b110 -
b110 2
b110 9
b110 ;
b1011001 %
b1011001 +
b1011001 8
b1011010 :
b11 '
b11 .
b11 1
b11 6
b1011010 /
b1011010 0
b1010010 )
1!
#14921000
b1010011 "
#14925000
0!
#14930000
b1 5
b1011000 3
b0 4
b1011000 %
b1011000 +
b1011000 8
b11 -
b11 2
b11 9
b11 ;
b1010011 )
b1011001 /
b1011001 0
b1000 '
b1000 .
b1000 1
b1000 6
b1011001 :
1!
#14931000
b1010100 "
#14935000
0!
#14940000
1,
b1011000 3
b0 -
b0 2
b0 9
b0 ;
b1011111 %
b1011111 +
b1011111 8
b1011000 :
b1011000 /
b1011000 0
b1010100 )
1!
#14941000
b1010101 "
#14945000
0!
#14950000
b100000 5
0,
b101 4
b1011110 %
b1011110 +
b1011110 8
b1111111 3
b10 -
b10 2
b10 9
b10 ;
b1010101 )
b1011111 /
b1011111 0
0&
07
b1011111 :
1!
#14951000
b1010110 "
#14955000
0!
#14960000
b10000 5
b100 4
b1001110 3
b1 -
b1 2
b1 9
b1 ;
b1011101 %
b1011101 +
b1011101 8
b1011110 :
1&
17
b1111 '
b1111 .
b1111 1
b1111 6
b1011110 /
b1011110 0
b1010110 )
1!
#14961000
b1010111 "
#14965000
0!
#14970000
b1000000 5
b11101 3
b110 4
b1011100 %
b1011100 +
b1011100 8
b100 -
b100 2
b100 9
b100 ;
b1010111 )
b1011101 /
b1011101 0
b1110 '
b1110 .
b1110 1
b1110 6
b1011101 :
1!
#14971000
b1011000 "
#14975000
0!
#14980000
b100 5
b10 4
b1011000 3
b111 -
b111 2
b111 9
b111 ;
b1010011 %
b1010011 +
b1010011 8
b1011100 :
b1101 '
b1101 .
b1101 1
b1101 6
b1011100 /
b1011100 0
b1011000 )
1!
#14981000
b1011001 "
#14985000
0!
#14990000
b1 5
b1010011 3
1,
b0 4
b1010010 %
b1010010 +
b1010010 8
b0 -
b0 2
b0 9
b0 ;
b1011001 )
b1010011 /
b1010011 0
b1000 '
b1000 .
b1000 1
b1000 6
b1010011 :
1!
#14991000
b1011010 "
#14995000
0!
#15000000
0,
b11 -
b11 2
b11 9
b11 ;
b1010011 3
b1010001 %
b1010001 +
b1010001 8
b1010010 :
0&
07
b11 '
b11 .
b11 1
b11 6
b1010010 /
b1010010 0
b1011010 )
1!
#15001000
b1011011 "
#15005000
0!
#15010000
b10 5
b1010011 3
b1 4
b1010000 %
b1010000 +
b1010000 8
b110 -
b110 2
b110 9
b110 ;
b1011011 )
b1010001 /
b1010001 0
1&
17
b1010001 :
1!
#15011000
b1011100 "
#15015000
0!
#15020000
b1000 5
b11 4
b1011000 3
b101 -
b101 2
b101 9
b101 ;
b1010111 %
b1010111 +
b1010111 8
b1010000 :
b1010000 /
b1010000 0
b1011100 )
1!
#15021000
b1011101 "
#15025000
0!
#15030000
b100 5
b1010011 3
b10 4
b1010110 %
b1010110 +
b1010110 8
b111 -
b111 2
b111 9
b111 ;
b1011101 )
b1010111 /
b1010111 0
b1000 '
b1000 .
b1000 1
b1000 6
b1010111 :
1!
#15031000
b1011110 "
#15035000
0!
#15040000
b1000000 5
b110 4
b10110 3
b100 -
b100 2
b100 9
b100 ;
b1010101 %
b1010101 +
b1010101 8
b1010110 :
b11 '
b11 .
b11 1
b11 6
b1010110 /
b1010110 0
b1011110 )
1!
#15041000
b1011111 "
#15045000
0!
#15050000
b10000 5
b1000101 3
b100 4
b1010100 %
b1010100 +
b1010100 8
b1 -
b1 2
b1 9
b1 ;
b1011111 )
b1010101 /
b1010101 0
b110 '
b110 .
b110 1
b110 6
b1010101 :
1!
#15051000
b1100000 "
#15055000
0!
#15060000
b100000 5
b101 4
b1110100 3
b10 -
b10 2
b10 9
b10 ;
b1101011 %
b1101011 +
b1101011 8
b1010100 :
b101 '
b101 .
b101 1
b101 6
b1010100 /
b1010100 0
b1100000 )
1!
#15061000
b1100001 "
#15065000
0!
#15070000
b10 5
b1101001 3
b1 4
b1101010 %
b1101010 +
b1101010 8
b110 -
b110 2
b110 9
b110 ;
b1100001 )
b1101011 /
b1101011 0
b100 '
b100 .
b100 1
b100 6
b1101011 :
1!
#15071000
b1100010 "
#15075000
0!
#15080000
b1000 5
b11 4
b1100010 3
b101 -
b101 2
b101 9
b101 ;
b1101001 %
b1101001 +
b1101001 8
b1101010 :
b1001 '
b1001 .
b1001 1
b1001 6
b1101010 /
b1101010 0
b1100010 )
1!
#15081000
b1100011 "
#15085000
0!
#15090000
b1 5
b1101001 3
1,
b0 4
b1101000 %
b1101000 +
b1101000 8
b0 -
b0 2
b0 9
b0 ;
b1100011 )
b1101001 /
b1101001 0
b10 '
b10 .
b10 1
b10 6
b1101001 :
1!
#15091000
b1100100 "
#15095000
0!
#15100000
0,
b11 -
b11 2
b11 9
b11 ;
b1101001 3
b1101111 %
b1101111 +
b1101111 8
b1101000 :
0&
07
b1001 '
b1001 .
b1001 1
b1001 6
b1101000 /
b1101000 0
b1100100 )
1!
#15101000
b1100101 "
#15105000
0!
#15110000
b10000 5
b1111111 3
b100 4
b1101110 %
b1101110 +
b1101110 8
b1 -
b1 2
b1 9
b1 ;
b1100101 )
b1101111 /
b1101111 0
1&
17
b1101111 :
1!
#15111000
b1100110 "
#15115000
0!
#15120000
b100000 5
b101 4
b1001110 3
b10 -
b10 2
b10 9
b10 ;
b1101101 %
b1101101 +
b1101101 8
b1101110 :
b1111 '
b1111 .
b1111 1
b1111 6
b1101110 /
b1101110 0
b1100110 )
1!
#15121000
b1100111 "
#15125000
0!
#15130000
b100 5
b1101001 3
b10 4
b1101100 %
b1101100 +
b1101100 8
b111 -
b111 2
b111 9
b111 ;
b1100111 )
b1101101 /
b1101101 0
b1110 '
b1110 .
b1110 1
b1110 6
b1101101 :
1!
#15131000
b1101000 "
#15135000
0!
#15140000
b1000000 5
b110 4
b101100 3
b100 -
b100 2
b100 9
b100 ;
b1100011 %
b1100011 +
b1100011 8
b1101100 :
b1001 '
b1001 .
b1001 1
b1001 6
b1101100 /
b1101100 0
b1101000 )
1!
#15141000
b1101001 "
#15145000
0!
#15150000
b1 5
b1100010 3
b0 4
b1100010 %
b1100010 +
b1100010 8
b11 -
b11 2
b11 9
b11 ;
b1101001 )
b1100011 /
b1100011 0
b1100 '
b1100 .
b1100 1
b1100 6
b1100011 :
1!
#15151000
b1101010 "
#15155000
0!
#15160000
1,
b1100010 3
b0 -
b0 2
b0 9
b0 ;
b1100001 %
b1100001 +
b1100001 8
b1100010 :
b10 '
b10 .
b10 1
b10 6
b1100010 /
b1100010 0
b1101010 )
1!
#15161000
b1101011 "
#15165000
0!
#15170000
b1000 5
0,
b11 4
b1100000 %
b1100000 +
b1100000 8
b1101001 3
b101 -
b101 2
b101 9
b101 ;
b1101011 )
b1100001 /
b1100001 0
0&
07
b1100001 :
1!
#15171000
b1101100 "
#15175000
0!
#15180000
b10 5
b1 4
b1100010 3
b110 -
b110 2
b110 9
b110 ;
b1100111 %
b1100111 +
b1100111 8
b1100000 :
1&
17
b1001 '
b1001 .
b1001 1
b1001 6
b1100000 /
b1100000 0
b1101100 )
1!
#15181000
b1101101 "
#15185000
0!
#15190000
b1000000 5
b100111 3
b110 4
b1100110 %
b1100110 +
b1100110 8
b100 -
b100 2
b100 9
b100 ;
b1101101 )
b1100111 /
b1100111 0
b10 '
b10 .
b10 1
b10 6
b1100111 :
1!
#15191000
b1101110 "
#15195000
0!
#15200000
b100 5
b10 4
b1100010 3
b111 -
b111 2
b111 9
b111 ;
b1100101 %
b1100101 +
b1100101 8
b1100110 :
b111 '
b111 .
b111 1
b111 6
b1100110 /
b1100110 0
b1101110 )
1!
#15201000
b1101111 "
#15205000
0!
#15210000
b100000 5
b1000101 3
b101 4
b1100100 %
b1100100 +
b1100100 8
b10 -
b10 2
b10 9
b10 ;
b1101111 )
b1100101 /
b1100101 0
b10 '
b10 .
b10 1
b10 6
b1100101 :
1!
#15211000
b1110000 "
#15215000
0!
#15220000
b10000 5
b100 4
b1110100 3
b1 -
b1 2
b1 9
b1 ;
b1111011 %
b1111011 +
b1111011 8
b1100100 :
b101 '
b101 .
b101 1
b101 6
b1100100 /
b1100100 0
b1110000 )
1!
#15221000
b1110001 "
#15225000
0!
#15230000
b100 5
b1111111 3
b10 4
b1111010 %
b1111010 +
b1111010 8
b111 -
b111 2
b111 9
b111 ;
b1110001 )
b1111011 /
b1111011 0
b100 '
b100 .
b100 1
b100 6
b1111011 :
1!
#15231000
b1110010 "
#15235000
0!
#15240000
b1000000 5
b110 4
b111010 3
b100 -
b100 2
b100 9
b100 ;
b1111001 %
b1111001 +
b1111001 8
b1111010 :
b1111 '
b1111 .
b1111 1
b1111 6
b1111010 /
b1111010 0
b1110010 )
1!
#15241000
b1110011 "
#15245000
0!
#15250000
b10000 5
b1101001 3
b100 4
b1111000 %
b1111000 +
b1111000 8
b1 -
b1 2
b1 9
b1 ;
b1110011 )
b1111001 /
b1111001 0
b1010 '
b1010 .
b1010 1
b1010 6
b1111001 :
1!
#15251000
b1110100 "
#15255000
0!
#15260000
b100000 5
b101 4
b1011000 3
b10 -
b10 2
b10 9
b10 ;
b1111111 %
b1111111 +
b1111111 8
b1111000 :
b1001 '
b1001 .
b1001 1
b1001 6
b1111000 /
b1111000 0
b1110100 )
1!
#15261000
b1110101 "
#15265000
0!
#15270000
b1 5
b1111111 3
1,
b0 4
b1111110 %
b1111110 +
b1111110 8
b0 -
b0 2
b0 9
b0 ;
b1110101 )
b1111111 /
b1111111 0
b1000 '
b1000 .
b1000 1
b1000 6
b1111111 :
1!
#15271000
b1110110 "
#15275000
0!
#15280000
0,
b11 -
b11 2
b11 9
b11 ;
b1111111 3
b1111101 %
b1111101 +
b1111101 8
b1111110 :
0&
07
b1111 '
b1111 .
b1111 1
b1111 6
b1111110 /
b1111110 0
b1110110 )
1!
#15281000
b1110111 "
#15285000
0!
#15290000
b10 5
b1111111 3
b1 4
b1111100 %
b1111100 +
b1111100 8
b110 -
b110 2
b110 9
b110 ;
b1110111 )
b1111101 /
b1111101 0
1&
17
b1111101 :
1!
#15291000
b1111000 "
#15295000
0!
#15300000
b1000 5
b11 4
b1110100 3
b101 -
b101 2
b101 9
b101 ;
b1110011 %
b1110011 +
b1110011 8
b1111100 :
b1111100 /
b1111100 0
b1111000 )
1!
#15301000
b1111001 "
#15305000
0!
#15310000
b100000 5
b1010011 3
b101 4
b1110010 %
b1110010 +
b1110010 8
b10 -
b10 2
b10 9
b10 ;
b1111001 )
b1110011 /
b1110011 0
b100 '
b100 .
b100 1
b100 6
b1110011 :
1!
#15311000
b1111010 "
#15315000
0!
#15320000
b10000 5
b100 4
b1100010 3
b1 -
b1 2
b1 9
b1 ;
b1110001 %
b1110001 +
b1110001 8
b1110010 :
b11 '
b11 .
b11 1
b11 6
b1110010 /
b1110010 0
b1111010 )
1!
#15321000
b1111011 "
#15325000
0!
#15330000
b1000000 5
b110001 3
b110 4
b1110000 %
b1110000 +
b1110000 8
b100 -
b100 2
b100 9
b100 ;
b1111011 )
b1110001 /
b1110001 0
b10 '
b10 .
b10 1
b10 6
b1110001 :
1!
#15331000
b1111100 "
#15335000
0!
#15340000
b100 5
b10 4
b1110100 3
b111 -
b111 2
b111 9
b111 ;
b1110111 %
b1110111 +
b1110111 8
b1110000 :
b1 '
b1 .
b1 1
b1 6
b1110000 /
b1110000 0
b1111100 )
1!
#15341000
b1111101 "
#15345000
0!
#15350000
b1000 5
b1111111 3
b11 4
b1110110 %
b1110110 +
b1110110 8
b101 -
b101 2
b101 9
b101 ;
b1111101 )
b1110111 /
b1110111 0
b100 '
b100 .
b100 1
b100 6
b1110111 :
1!
#15351000
b1111110 "
#15355000
0!
#15360000
b10 5
b1 4
b1110100 3
b110 -
b110 2
b110 9
b110 ;
b1110101 %
b1110101 +
b1110101 8
b1110110 :
b1111 '
b1111 .
b1111 1
b1111 6
b1110110 /
b1110110 0
b1111110 )
1!
#15361000
b1111111 "
#15365000
0!
#15370000
b1 5
b1110100 3
b0 4
b1110100 %
b1110100 +
b1110100 8
b11 -
b11 2
b11 9
b11 ;
b1111111 )
b1110101 /
b1110101 0
b100 '
b100 .
b100 1
b100 6
b1110101 :
1!
#15371000
b0 "
b1100 #
#15375000
0!
#15380000
1,
b1110100 3
b10 >
b0 -
b0 2
b0 9
b0 ;
b101100 %
b101100 +
b101100 8
b101100 (
b101100 =
b101100 ?
b1110100 :
b1110100 /
b1110100 0
b0 )
b1100 *
b1100 <
1!
#15381000
b1 "
#15385000
0!
#15390000
b101101 %
b101101 +
b101101 8
b101100 3
b1 )
b101100 /
b101100 0
0&
07
b101100 :
1!
#15391000
b10 "
#15395000
0!
#15400000
0,
b11 -
b11 2
b11 9
b11 ;
b101100 3
b101110 %
b101110 +
b101110 8
b101101 :
b1100 '
b1100 .
b1100 1
b1100 6
b101101 /
b101101 0
b10 )
1!
#15401000
b11 "
#15405000
0!
#15410000
b10 5
b101100 3
b1 4
b101111 %
b101111 +
b101111 8
b110 -
b110 2
b110 9
b110 ;
b11 )
b101110 /
b101110 0
1&
17
b101110 :
1!
#15411000
b100 "
#15415000
0!
#15420000
b1000 5
b11 4
b100111 3
b101 -
b101 2
b101 9
b101 ;
b101000 %
b101000 +
b101000 8
b101111 :
b101111 /
b101111 0
b100 )
1!
#15421000
b101 "
#15425000
0!
#15430000
b100 5
b101100 3
b10 4
b101001 %
b101001 +
b101001 8
b111 -
b111 2
b111 9
b111 ;
b101 )
b101000 /
b101000 0
b111 '
b111 .
b111 1
b111 6
b101000 :
1!
#15431000
b110 "
#15435000
0!
#15440000
b1000000 5
b110 4
b1101001 3
b100 -
b100 2
b100 9
b100 ;
b101010 %
b101010 +
b101010 8
b101001 :
b1100 '
b1100 .
b1100 1
b1100 6
b101001 /
b101001 0
b110 )
1!
#15441000
b111 "
#15445000
0!
#15450000
b10000 5
b111010 3
b100 4
b101011 %
b101011 +
b101011 8
b1 -
b1 2
b1 9
b1 ;
b111 )
b101010 /
b101010 0
b1001 '
b1001 .
b1001 1
b1001 6
b101010 :
1!
#15451000
b1000 "
#15455000
0!
#15460000
b100000 5
b101 4
b1011 3
b10 -
b10 2
b10 9
b10 ;
b100100 %
b100100 +
b100100 8
b101011 :
b1010 '
b1010 .
b1010 1
b1010 6
b101011 /
b101011 0
b1000 )
1!
#15461000
b1001 "
#15465000
0!
#15470000
b1000 5
b101100 3
b11 4
b100101 %
b100101 +
b100101 8
b101 -
b101 2
b101 9
b101 ;
b1001 )
b100100 /
b100100 0
b1011 '
b1011 .
b1011 1
b1011 6
b100100 :
1!
#15471000
b1010 "
#15475000
0!
#15480000
b10 5
b1 4
b100111 3
b110 -
b110 2
b110 9
b110 ;
b100110 %
b100110 +
b100110 8
b100101 :
b1100 '
b1100 .
b1100 1
b1100 6
b100101 /
b100101 0
b1010 )
1!
#15481000
b1011 "
#15485000
0!
#15490000
b1 5
b100111 3
b0 4
b100111 %
b100111 +
b100111 8
b11 -
b11 2
b11 9
b11 ;
b1011 )
b100110 /
b100110 0
b111 '
b111 .
b111 1
b111 6
b100110 :
1!
#15491000
b1100 "
#15495000
0!
#15500000
1,
b100111 3
b0 -
b0 2
b0 9
b0 ;
b100000 %
b100000 +
b100000 8
b100111 :
b100111 /
b100111 0
b1100 )
1!
#15501000
b1101 "
#15505000
0!
#15510000
b100000 5
0,
b101 4
b100001 %
b100001 +
b100001 8
b0 3
b10 -
b10 2
b10 9
b10 ;
b1101 )
b100000 /
b100000 0
0&
07
b100000 :
1!
#15511000
b1110 "
#15515000
0!
#15520000
b10000 5
b100 4
b110001 3
b1 -
b1 2
b1 9
b1 ;
b100010 %
b100010 +
b100010 8
b100001 :
1&
17
b0 '
b0 .
b0 1
b0 6
b100001 /
b100001 0
b1110 )
1!
#15521000
b1111 "
#15525000
0!
#15530000
b1000000 5
b1100010 3
b110 4
b100011 %
b100011 +
b100011 8
b100 -
b100 2
b100 9
b100 ;
b1111 )
b100010 /
b100010 0
b1 '
b1 .
b1 1
b1 6
b100010 :
1!
#15531000
b10000 "
#15535000
0!
#15540000
b100 5
b10 4
b100111 3
b111 -
b111 2
b111 9
b111 ;
b111100 %
b111100 +
b111100 8
b100011 :
b10 '
b10 .
b10 1
b10 6
b100011 /
b100011 0
b10000 )
1!
#15541000
b10001 "
#15545000
0!
#15550000
b10000 5
b101100 3
b100 4
b111101 %
b111101 +
b111101 8
b1 -
b1 2
b1 9
b1 ;
b10001 )
b111100 /
b111100 0
b111 '
b111 .
b111 1
b111 6
b111100 :
1!
#15551000
b10010 "
#15555000
0!
#15560000
b100000 5
b101 4
b11101 3
b10 -
b10 2
b10 9
b10 ;
b111110 %
b111110 +
b111110 8
b111101 :
b1100 '
b1100 .
b1100 1
b1100 6
b111101 /
b111101 0
b10010 )
1!
#15561000
b10011 "
#15565000
0!
#15570000
b100 5
b111010 3
b10 4
b111111 %
b111111 +
b111111 8
b111 -
b111 2
b111 9
b111 ;
b10011 )
b111110 /
b111110 0
b1101 '
b1101 .
b1101 1
b1101 6
b111110 :
1!
#15571000
b10100 "
#15575000
0!
#15580000
b1000000 5
b110 4
b1111111 3
b100 -
b100 2
b100 9
b100 ;
b111000 %
b111000 +
b111000 8
b111111 :
b1010 '
b1010 .
b1010 1
b1010 6
b111111 /
b111111 0
b10100 )
1!
#15581000
b10101 "
#15585000
0!
#15590000
b10 5
b111010 3
b1 4
b111001 %
b111001 +
b111001 8
b110 -
b110 2
b110 9
b110 ;
b10101 )
b111000 /
b111000 0
b1111 '
b1111 .
b1111 1
b1111 6
b111000 :
1!
#15591000
b10110 "
#15595000
0!
#15600000
b1000 5
b11 4
b110001 3
b101 -
b101 2
b101 9
b101 ;
b111010 %
b111010 +
b111010 8
b111001 :
b1010 '
b1010 .
b1010 1
b1010 6
b111001 /
b111001 0
b10110 )
1!
#15601000
b10111 "
#15605000
0!
#15610000
b1 5
b111010 3
1,
b0 4
b111011 %
b111011 +
b111011 8
b0 -
b0 2
b0 9
b0 ;
b10111 )
b111010 /
b111010 0
b1 '
b1 .
b1 1
b1 6
b111010 :
1!
#15611000
b11000 "
#15615000
0!
#15620000
0,
b11 -
b11 2
b11 9
b11 ;
b111010 3
b110100 %
b110100 +
b110100 8
b111011 :
0&
07
b1010 '
b1010 .
b1010 1
b1010 6
b111011 /
b111011 0
b11000 )
1!
#15621000
b11001 "
#15625000
0!
#15630000
b1000000 5
b1110100 3
b110 4
b110101 %
b110101 +
b110101 8
b100 -
b100 2
b100 9
b100 ;
b11001 )
b110100 /
b110100 0
1&
17
b110100 :
1!
#15631000
b11010 "
#15635000
0!
#15640000
b100 5
b10 4
b110001 3
b111 -
b111 2
b111 9
b111 ;
b110110 %
b110110 +
b110110 8
b110101 :
b100 '
b100 .
b100 1
b100 6
b110101 /
b110101 0
b11010 )
1!
#15641000
b11011 "
#15645000
0!
#15650000
b100000 5
b10110 3
b101 4
b110111 %
b110111 +
b110111 8
b10 -
b10 2
b10 9
b10 ;
b11011 )
b110110 /
b110110 0
b1 '
b1 .
b1 1
b1 6
b110110 :
1!
#15651000
b11100 "
#15655000
0!
#15660000
b10000 5
b100 4
b100111 3
b1 -
b1 2
b1 9
b1 ;
b110000 %
b110000 +
b110000 8
b110111 :
b110 '
b110 .
b110 1
b110 6
b110111 /
b110111 0
b11100 )
1!
#15661000
b11101 "
#15665000
0!
#15670000
b1 5
b110001 3
b0 4
b110001 %
b110001 +
b110001 8
b11 -
b11 2
b11 9
b11 ;
b11101 )
b110000 /
b110000 0
b111 '
b111 .
b111 1
b111 6
b110000 :
1!
#15671000
b11110 "
#15675000
0!
#15680000
1,
b110001 3
b0 -
b0 2
b0 9
b0 ;
b110010 %
b110010 +
b110010 8
b110001 :
b1 '
b1 .
b1 1
b1 6
b110001 /
b110001 0
b11110 )
1!
#15681000
b11111 "
#15685000
0!
#15690000
b1000 5
0,
b11 4
b110011 %
b110011 +
b110011 8
b111010 3
b101 -
b101 2
b101 9
b101 ;
b11111 )
b110010 /
b110010 0
0&
07
b110010 :
1!
#15691000
b100000 "
#15695000
0!
#15700000
b10 5
b1 4
b110001 3
b110 -
b110 2
b110 9
b110 ;
b1100 %
b1100 +
b1100 8
b110011 :
1&
17
b1010 '
b1010 .
b1010 1
b1010 6
b110011 /
b110011 0
b100000 )
1!
#15701000
b100001 "
#15705000
0!
#15710000
b100000 5
b101100 3
b101 4
b1101 %
b1101 +
b1101 8
b10 -
b10 2
b10 9
b10 ;
b100001 )
b1100 /
b1100 0
b1 '
b1 .
b1 1
b1 6
b1100 :
1!
#15711000
b100010 "
#15715000
0!
#15720000
b10000 5
b100 4
b11101 3
b1 -
b1 2
b1 9
b1 ;
b1110 %
b1110 +
b1110 8
b1101 :
b1100 '
b1100 .
b1100 1
b1100 6
b1101 /
b1101 0
b100010 )
1!
#15721000
b100011 "
#15725000
0!
#15730000
b1000000 5
b1001110 3
b110 4
b1111 %
b1111 +
b1111 8
b100 -
b100 2
b100 9
b100 ;
b100011 )
b1110 /
b1110 0
b1101 '
b1101 .
b1101 1
b1101 6
b1110 :
1!
#15731000
b100100 "
#15735000
0!
#15740000
b100 5
b10 4
b1011 3
b111 -
b111 2
b111 9
b111 ;
b1000 %
b1000 +
b1000 8
b1111 :
b1110 '
b1110 .
b1110 1
b1110 6
b1111 /
b1111 0
b100100 )
1!
#15741000
b100101 "
#15745000
0!
#15750000
b1000 5
b0 3
b11 4
b1001 %
b1001 +
b1001 8
b101 -
b101 2
b101 9
b101 ;
b100101 )
b1000 /
b1000 0
b1011 '
b1011 .
b1011 1
b1011 6
b1000 :
1!
#15751000
b100110 "
#15755000
0!
#15760000
b10 5
b1 4
b1011 3
b110 -
b110 2
b110 9
b110 ;
b1010 %
b1010 +
b1010 8
b1001 :
b0 '
b0 .
b0 1
b0 6
b1001 /
b1001 0
b100110 )
1!
#15761000
b100111 "
#15765000
0!
#15770000
b1 5
b1011 3
b0 4
b1011 %
b1011 +
b1011 8
b11 -
b11 2
b11 9
b11 ;
b100111 )
b1010 /
b1010 0
b1011 '
b1011 .
b1011 1
b1011 6
b1010 :
1!
#15771000
b101000 "
#15775000
0!
#15780000
1,
b1011 3
b0 -
b0 2
b0 9
b0 ;
b100 %
b100 +
b100 8
b1011 :
b1011 /
b1011 0
b101000 )
1!
#15781000
b101001 "
#15785000
0!
#15790000
b100 5
0,
b10 4
b101 %
b101 +
b101 8
b0 3
b111 -
b111 2
b111 9
b111 ;
b101001 )
b100 /
b100 0
0&
07
b100 :
1!
#15791000
b101010 "
#15795000
0!
#15800000
b1000000 5
b110 4
b1000101 3
b100 -
b100 2
b100 9
b100 ;
b110 %
b110 +
b110 8
b101 :
1&
17
b0 '
b0 .
b0 1
b0 6
b101 /
b101 0
b101010 )
1!
#15801000
b101011 "
#15805000
0!
#15810000
b10000 5
b10110 3
b100 4
b111 %
b111 +
b111 8
b1 -
b1 2
b1 9
b1 ;
b101011 )
b110 /
b110 0
b101 '
b101 .
b101 1
b101 6
b110 :
1!
#15811000
b101100 "
#15815000
0!
#15820000
b100000 5
b101 4
b100111 3
b10 -
b10 2
b10 9
b10 ;
b0 %
b0 +
b0 8
b111 :
b110 '
b110 .
b110 1
b110 6
b111 /
b111 0
b101100 )
1!
#15821000
b101101 "
#15825000
0!
#15830000
b1 5
b0 3
1,
b0 4
b1 %
b1 +
b1 8
b0 -
b0 2
b0 9
b0 ;
b101101 )
b0 /
b0 0
b111 '
b111 .
b111 1
b111 6
b0 :
1!
#15831000
b101110 "
#15835000
0!
#15840000
0,
b11 -
b11 2
b11 9
b11 ;
b0 3
b10 %
b10 +
b10 8
b1 :
0&
07
b0 '
b0 .
b0 1
b0 6
b1 /
b1 0
b101110 )
1!
#15841000
b101111 "
#15845000
0!
#15850000
b10 5
b0 3
b1 4
b11 %
b11 +
b11 8
b110 -
b110 2
b110 9
b110 ;
b101111 )
b10 /
b10 0
1&
17
b10 :
1!
#15851000
b110000 "
#15855000
0!
#15860000
b1000 5
b11 4
b1011 3
b101 -
b101 2
b101 9
b101 ;
b11100 %
b11100 +
b11100 8
b11 :
b11 /
b11 0
b110000 )
1!
#15861000
b110001 "
#15865000
0!
#15870000
b1 5
b11101 3
b0 4
b11101 %
b11101 +
b11101 8
b11 -
b11 2
b11 9
b11 ;
b110001 )
b11100 /
b11100 0
b1011 '
b1011 .
b1011 1
b1011 6
b11100 :
1!
#15871000
b110010 "
#15875000
0!
#15880000
1,
b11101 3
b0 -
b0 2
b0 9
b0 ;
b11110 %
b11110 +
b11110 8
b11101 :
b1101 '
b1101 .
b1101 1
b1101 6
b11101 /
b11101 0
b110010 )
1!
#15881000
b110011 "
#15885000
0!
#15890000
b1000 5
0,
b11 4
b11111 %
b11111 +
b11111 8
b10110 3
b101 -
b101 2
b101 9
b101 ;
b110011 )
b11110 /
b11110 0
0&
07
b11110 :
1!
#15891000
b110100 "
#15895000
0!
#15900000
b10 5
b1 4
b11101 3
b110 -
b110 2
b110 9
b110 ;
b11000 %
b11000 +
b11000 8
b11111 :
1&
17
b110 '
b110 .
b110 1
b110 6
b11111 /
b11111 0
b110100 )
1!
#15901000
b110101 "
#15905000
0!
#15910000
b1000000 5
b1011000 3
b110 4
b11001 %
b11001 +
b11001 8
b100 -
b100 2
b100 9
b100 ;
b110101 )
b11000 /
b11000 0
b1101 '
b1101 .
b1101 1
b1101 6
b11000 :
1!
#15911000
b110110 "
#15915000
0!
#15920000
b100 5
b10 4
b11101 3
b111 -
b111 2
b111 9
b111 ;
b11010 %
b11010 +
b11010 8
b11001 :
b1000 '
b1000 .
b1000 1
b1000 6
b11001 /
b11001 0
b110110 )
1!
#15921000
b110111 "
#15925000
0!
#15930000
b100000 5
b111010 3
b101 4
b11011 %
b11011 +
b11011 8
b10 -
b10 2
b10 9
b10 ;
b110111 )
b11010 /
b11010 0
b1101 '
b1101 .
b1101 1
b1101 6
b11010 :
1!
#15931000
b111000 "
#15935000
0!
#15940000
b10000 5
b100 4
b1011 3
b1 -
b1 2
b1 9
b1 ;
b10100 %
b10100 +
b10100 8
b11011 :
b1010 '
b1010 .
b1010 1
b1010 6
b11011 /
b11011 0
b111000 )
1!
#15941000
b111001 "
#15945000
0!
#15950000
b10 5
b10110 3
b1 4
b10101 %
b10101 +
b10101 8
b110 -
b110 2
b110 9
b110 ;
b111001 )
b10100 /
b10100 0
b1011 '
b1011 .
b1011 1
b1011 6
b10100 :
1!
#15951000
b111010 "
#15955000
0!
#15960000
b1000 5
b11 4
b11101 3
b101 -
b101 2
b101 9
b101 ;
b10110 %
b10110 +
b10110 8
b10101 :
b110 '
b110 .
b110 1
b110 6
b10101 /
b10101 0
b111010 )
1!
#15961000
b111011 "
#15965000
0!
#15970000
b1 5
b10110 3
1,
b0 4
b10111 %
b10111 +
b10111 8
b0 -
b0 2
b0 9
b0 ;
b111011 )
b10110 /
b10110 0
b1101 '
b1101 .
b1101 1
b1101 6
b10110 :
1!
#15971000
b111100 "
#15975000
0!
#15980000
0,
b11 -
b11 2
b11 9
b11 ;
b10110 3
b10000 %
b10000 +
b10000 8
b10111 :
0&
07
b110 '
b110 .
b110 1
b110 6
b10111 /
b10111 0
b111100 )
1!
#15981000
b111101 "
#15985000
0!
#15990000
b10000 5
b0 3
b100 4
b10001 %
b10001 +
b10001 8
b1 -
b1 2
b1 9
b1 ;
b111101 )
b10000 /
b10000 0
1&
17
b10000 :
1!
#15991000
b111110 "
#15995000
0!
#16000000
b100000 5
b101 4
b110001 3
b10 -
b10 2
b10 9
b10 ;
b10010 %
b10010 +
b10010 8
b10001 :
b0 '
b0 .
b0 1
b0 6
b10001 /
b10001 0
b111110 )
1!
#16001000
b111111 "
#16005000
0!
#16010000
b100 5
b10110 3
b10 4
b10011 %
b10011 +
b10011 8
b111 -
b111 2
b111 9
b111 ;
b111111 )
b10010 /
b10010 0
b1 '
b1 .
b1 1
b1 6
b10010 :
1!
#16011000
b1000000 "
#16015000
0!
#16020000
b1000000 5
b110 4
b1010011 3
b100 -
b100 2
b100 9
b100 ;
b1101100 %
b1101100 +
b1101100 8
b10011 :
b110 '
b110 .
b110 1
b110 6
b10011 /
b10011 0
b1000000 )
1!
#16021000
b1000001 "
#16025000
0!
#16030000
b101100 3
b1101101 %
b1101101 +
b1101101 8
b1000001 )
b1101100 /
b1101100 0
b11 '
b11 .
b11 1
b11 6
b1101100 :
1!
#16031000
b1000010 "
#16035000
0!
#16040000
b100 5
b10 4
b1101001 3
b111 -
b111 2
b111 9
b111 ;
b1101110 %
b1101110 +
b1101110 8
b1101101 :
b1100 '
b1100 .
b1100 1
b1100 6
b1101101 /
b1101101 0
b1000010 )
1!
#16041000
b1000011 "
#16045000
0!
#16050000
b100000 5
b1001110 3
b101 4
b1101111 %
b1101111 +
b1101111 8
b10 -
b10 2
b10 9
b10 ;
b1000011 )
b1101110 /
b1101110 0
b1001 '
b1001 .
b1001 1
b1001 6
b1101110 :
1!
#16051000
b1000100 "
#16055000
0!
#16060000
b10000 5
b100 4
b1111111 3
b1 -
b1 2
b1 9
b1 ;
b1101000 %
b1101000 +
b1101000 8
b1101111 :
b1110 '
b1110 .
b1110 1
b1110 6
b1101111 /
b1101111 0
b1000100 )
1!
#16061000
b1000101 "
#16065000
0!
#16070000
b1 5
b1101001 3
b0 4
b1101001 %
b1101001 +
b1101001 8
b11 -
b11 2
b11 9
b11 ;
b1000101 )
b1101000 /
b1101000 0
b1111 '
b1111 .
b1111 1
b1111 6
b1101000 :
1!
#16071000
b1000110 "
#16075000
0!
#16080000
1,
b1101001 3
b0 -
b0 2
b0 9
b0 ;
b1101010 %
b1101010 +
b1101010 8
b1101001 :
b1001 '
b1001 .
b1001 1
b1001 6
b1101001 /
b1101001 0
b1000110 )
1!
#16081000
b1000111 "
#16085000
0!
#16090000
b1000 5
0,
b11 4
b1101011 %
b1101011 +
b1101011 8
b1100010 3
b101 -
b101 2
b101 9
b101 ;
b1000111 )
b1101010 /
b1101010 0
0&
07
b1101010 :
1!
#16091000
b1001000 "
#16095000
0!
#16100000
b10 5
b1 4
b1101001 3
b110 -
b110 2
b110 9
b110 ;
b1100100 %
b1100100 +
b1100100 8
b1101011 :
1&
17
b10 '
b10 .
b10 1
b10 6
b1101011 /
b1101011 0
b1001000 )
1!
#16101000
b1001001 "
#16105000
0!
#16110000
b10000 5
b1110100 3
b100 4
b1100101 %
b1100101 +
b1100101 8
b1 -
b1 2
b1 9
b1 ;
b1001001 )
b1100100 /
b1100100 0
b1001 '
b1001 .
b1001 1
b1001 6
b1100100 :
1!
#16111000
b1001010 "
#16115000
0!
#16120000
b100000 5
b101 4
b1000101 3
b10 -
b10 2
b10 9
b10 ;
b1100110 %
b1100110 +
b1100110 8
b1100101 :
b100 '
b100 .
b100 1
b100 6
b1100101 /
b1100101 0
b1001010 )
1!
#16121000
b1001011 "
#16125000
0!
#16130000
b100 5
b1100010 3
b10 4
b1100111 %
b1100111 +
b1100111 8
b111 -
b111 2
b111 9
b111 ;
b1001011 )
b1100110 /
b1100110 0
b101 '
b101 .
b101 1
b101 6
b1100110 :
1!
#16131000
b1001100 "
#16135000
0!
#16140000
b1000000 5
b110 4
b100111 3
b100 -
b100 2
b100 9
b100 ;
b1100000 %
b1100000 +
b1100000 8
b1100111 :
b10 '
b10 .
b10 1
b10 6
b1100111 /
b1100111 0
b1001100 )
1!
#16141000
b1001101 "
#16145000
0!
#16150000
b10 5
b1100010 3
b1 4
b1100001 %
b1100001 +
b1100001 8
b110 -
b110 2
b110 9
b110 ;
b1001101 )
b1100000 /
b1100000 0
b111 '
b111 .
b111 1
b111 6
b1100000 :
1!
#16151000
b1001110 "
#16155000
0!
#16160000
b1000 5
b11 4
b1101001 3
b101 -
b101 2
b101 9
b101 ;
b1100010 %
b1100010 +
b1100010 8
b1100001 :
b10 '
b10 .
b10 1
b10 6
b1100001 /
b1100001 0
b1001110 )
1!
#16161000
b1001111 "
#16165000
0!
#16170000
b1 5
b1100010 3
1,
b0 4
b1100011 %
b1100011 +
b1100011 8
b0 -
b0 2
b0 9
b0 ;
b1001111 )
b1100010 /
b1100010 0
b1001 '
b1001 .
b1001 1
b1001 6
b1100010 :
1!
#16171000
b1010000 "
#16175000
0!
#16180000
0,
b11 -
b11 2
b11 9
b11 ;
b1100010 3
b1111100 %
b1111100 +
b1111100 8
b1100011 :
0&
07
b10 '
b10 .
b10 1
b10 6
b1100011 /
b1100011 0
b1010000 )
1!
#16181000
b1010001 "
#16185000
0!
#16190000
b1000 5
b1110100 3
b11 4
b1111101 %
b1111101 +
b1111101 8
b101 -
b101 2
b101 9
b101 ;
b1010001 )
b1111100 /
b1111100 0
1&
17
b1111100 :
1!
#16191000
b1010010 "
#16195000
0!
#16200000
b10 5
b1 4
b1111111 3
b110 -
b110 2
b110 9
b110 ;
b1111110 %
b1111110 +
b1111110 8
b1111101 :
b100 '
b100 .
b100 1
b100 6
b1111101 /
b1111101 0
b1010010 )
1!
#16201000
b1010011 "
#16205000
0!
#16210000
b1 5
b1111111 3
b0 4
b1111111 %
b1111111 +
b1111111 8
b11 -
b11 2
b11 9
b11 ;
b1010011 )
b1111110 /
b1111110 0
b1111 '
b1111 .
b1111 1
b1111 6
b1111110 :
1!
#16211000
b1010100 "
#16215000
0!
#16220000
1,
b1111111 3
b0 -
b0 2
b0 9
b0 ;
b1111000 %
b1111000 +
b1111000 8
b1111111 :
b1111111 /
b1111111 0
b1010100 )
1!
#16221000
b1010101 "
#16225000
0!
#16230000
b100000 5
0,
b101 4
b1111001 %
b1111001 +
b1111001 8
b1011000 3
b10 -
b10 2
b10 9
b10 ;
b1010101 )
b1111000 /
b1111000 0
0&
07
b1111000 :
1!
#16231000
b1010110 "
#16235000
0!
#16240000
b10000 5
b100 4
b1101001 3
b1 -
b1 2
b1 9
b1 ;
b1111010 %
b1111010 +
b1111010 8
b1111001 :
1&
17
b1000 '
b1000 .
b1000 1
b1000 6
b1111001 /
b1111001 0
b1010110 )
1!
#16241000
b1010111 "
#16245000
0!
#16250000
b1000000 5
b111010 3
b110 4
b1111011 %
b1111011 +
b1111011 8
b100 -
b100 2
b100 9
b100 ;
b1010111 )
b1111010 /
b1111010 0
b1001 '
b1001 .
b1001 1
b1001 6
b1111010 :
1!
#16251000
b1011000 "
#16255000
0!
#16260000
b100 5
b10 4
b1111111 3
b111 -
b111 2
b111 9
b111 ;
b1110100 %
b1110100 +
b1110100 8
b1111011 :
b1010 '
b1010 .
b1010 1
b1010 6
b1111011 /
b1111011 0
b1011000 )
1!
#16261000
b1011001 "
#16265000
0!
#16270000
b1 5
b1110100 3
1,
b0 4
b1110101 %
b1110101 +
b1110101 8
b0 -
b0 2
b0 9
b0 ;
b1011001 )
b1110100 /
b1110100 0
b1111 '
b1111 .
b1111 1
b1111 6
b1110100 :
1!
#16271000
b1011010 "
#16275000
0!
#16280000
0,
b11 -
b11 2
b11 9
b11 ;
b1110100 3
b1110110 %
b1110110 +
b1110110 8
b1110101 :
0&
07
b100 '
b100 .
b100 1
b100 6
b1110101 /
b1110101 0
b1011010 )
1!
#16281000
b1011011 "
#16285000
0!
#16290000
b10 5
b1110100 3
b1 4
b1110111 %
b1110111 +
b1110111 8
b110 -
b110 2
b110 9
b110 ;
b1011011 )
b1110110 /
b1110110 0
1&
17
b1110110 :
1!
#16291000
b1011100 "
#16295000
0!
#16300000
b1000 5
b11 4
b1111111 3
b101 -
b101 2
b101 9
b101 ;
b1110000 %
b1110000 +
b1110000 8
b1110111 :
b1110111 /
b1110111 0
b1011100 )
1!
#16301000
b1011101 "
#16305000
0!
#16310000
b100 5
b1110100 3
b10 4
b1110001 %
b1110001 +
b1110001 8
b111 -
b111 2
b111 9
b111 ;
b1011101 )
b1110000 /
b1110000 0
b1111 '
b1111 .
b1111 1
b1111 6
b1110000 :
1!
#16311000
b1011110 "
#16315000
0!
#16320000
b1000000 5
b110 4
b110001 3
b100 -
b100 2
b100 9
b100 ;
b1110010 %
b1110010 +
b1110010 8
b1110001 :
b100 '
b100 .
b100 1
b100 6
b1110001 /
b1110001 0
b1011110 )
1!
#16321000
b1011111 "
#16325000
0!
#16330000
b10000 5
b1100010 3
b100 4
b1110011 %
b1110011 +
b1110011 8
b1 -
b1 2
b1 9
b1 ;
b1011111 )
b1110010 /
b1110010 0
b1 '
b1 .
b1 1
b1 6
b1110010 :
1!
#16331000
b1100000 "
#16335000
0!
#16340000
b100000 5
b101 4
b1010011 3
b10 -
b10 2
b10 9
b10 ;
b1001100 %
b1001100 +
b1001100 8
b1110011 :
b10 '
b10 .
b10 1
b10 6
b1110011 /
b1110011 0
b1100000 )
1!
#16341000
b1100001 "
#16345000
0!
#16350000
b10 5
b1001110 3
b1 4
b1001101 %
b1001101 +
b1001101 8
b110 -
b110 2
b110 9
b110 ;
b1100001 )
b1001100 /
b1001100 0
b11 '
b11 .
b11 1
b11 6
b1001100 :
1!
#16351000
b1100010 "
#16355000
0!
#16360000
b1000 5
b11 4
b1000101 3
b101 -
b101 2
b101 9
b101 ;
b1001110 %
b1001110 +
b1001110 8
b1001101 :
b1110 '
b1110 .
b1110 1
b1110 6
b1001101 /
b1001101 0
b1100010 )
1!
#16361000
b1100011 "
#16365000
0!
#16370000
b1 5
b1001110 3
1,
b0 4
b1001111 %
b1001111 +
b1001111 8
b0 -
b0 2
b0 9
b0 ;
b1100011 )
b1001110 /
b1001110 0
b101 '
b101 .
b101 1
b101 6
b1001110 :
1!
#16371000
b1100100 "
#16375000
0!
#16380000
0,
b11 -
b11 2
b11 9
b11 ;
b1001110 3
b1001000 %
b1001000 +
b1001000 8
b1001111 :
0&
07
b1110 '
b1110 .
b1110 1
b1110 6
b1001111 /
b1001111 0
b1100100 )
1!
#16381000
b1100101 "
#16385000
0!
#16390000
b10000 5
b1011000 3
b100 4
b1001001 %
b1001001 +
b1001001 8
b1 -
b1 2
b1 9
b1 ;
b1100101 )
b1001000 /
b1001000 0
1&
17
b1001000 :
1!
#16391000
b1100110 "
#16395000
0!
#16400000
b100000 5
b101 4
b1101001 3
b10 -
b10 2
b10 9
b10 ;
b1001010 %
b1001010 +
b1001010 8
b1001001 :
b1000 '
b1000 .
b1000 1
b1000 6
b1001001 /
b1001001 0
b1100110 )
1!
#16401000
b1100111 "
#16405000
0!
#16410000
b100 5
b1001110 3
b10 4
b1001011 %
b1001011 +
b1001011 8
b111 -
b111 2
b111 9
b111 ;
b1100111 )
b1001010 /
b1001010 0
b1001 '
b1001 .
b1001 1
b1001 6
b1001010 :
1!
#16411000
b1101000 "
#16415000
0!
#16420000
b1000000 5
b110 4
b1011 3
b100 -
b100 2
b100 9
b100 ;
b1000100 %
b1000100 +
b1000100 8
b1001011 :
b1110 '
b1110 .
b1110 1
b1110 6
b1001011 /
b1001011 0
b1101000 )
1!
#16421000
b1101001 "
#16425000
0!
#16430000
b1 5
b1000101 3
b0 4
b1000101 %
b1000101 +
b1000101 8
b11 -
b11 2
b11 9
b11 ;
b1101001 )
b1000100 /
b1000100 0
b1011 '
b1011 .
b1011 1
b1011 6
b1000100 :
1!
#16431000
b1101010 "
#16435000
0!
#16440000
1,
b1000101 3
b0 -
b0 2
b0 9
b0 ;
b1000110 %
b1000110 +
b1000110 8
b1000101 :
b101 '
b101 .
b101 1
b101 6
b1000101 /
b1000101 0
b1101010 )
1!
#16441000
b1101011 "
#16445000
0!
#16450000
b1000 5
0,
b11 4
b1000111 %
b1000111 +
b1000111 8
b1001110 3
b101 -
b101 2
b101 9
b101 ;
b1101011 )
b1000110 /
b1000110 0
0&
07
b1000110 :
1!
#16451000
b1101100 "
#16455000
0!
#16460000
b10 5
b1 4
b1000101 3
b110 -
b110 2
b110 9
b110 ;
b1000000 %
b1000000 +
b1000000 8
b1000111 :
1&
17
b1110 '
b1110 .
b1110 1
b1110 6
b1000111 /
b1000111 0
b1101100 )
1!
#16461000
b1101101 "
#16465000
0!
#16470000
b1000000 5
b0 3
b110 4
b1000001 %
b1000001 +
b1000001 8
b100 -
b100 2
b100 9
b100 ;
b1101101 )
b1000000 /
b1000000 0
b101 '
b101 .
b101 1
b101 6
b1000000 :
1!
#16471000
b1101110 "
#16475000
0!
#16480000
b100 5
b10 4
b1000101 3
b111 -
b111 2
b111 9
b111 ;
b1000010 %
b1000010 +
b1000010 8
b1000001 :
b0 '
b0 .
b0 1
b0 6
b1000001 /
b1000001 0
b1101110 )
1!
#16481000
b1101111 "
#16485000
0!
#16490000
b100000 5
b1100010 3
b101 4
b1000011 %
b1000011 +
b1000011 8
b10 -
b10 2
b10 9
b10 ;
b1101111 )
b1000010 /
b1000010 0
b101 '
b101 .
b101 1
b101 6
b1000010 :
1!
#16491000
b1110000 "
#16495000
0!
#16500000
b10000 5
b100 4
b1010011 3
b1 -
b1 2
b1 9
b1 ;
b1011100 %
b1011100 +
b1011100 8
b1000011 :
b10 '
b10 .
b10 1
b10 6
b1000011 /
b1000011 0
b1110000 )
1!
#16501000
b1110001 "
#16505000
0!
#16510000
b100 5
b1011000 3
b10 4
b1011101 %
b1011101 +
b1011101 8
b111 -
b111 2
b111 9
b111 ;
b1110001 )
b1011100 /
b1011100 0
b11 '
b11 .
b11 1
b11 6
b1011100 :
1!
#16511000
b1110010 "
#16515000
0!
#16520000
b1000000 5
b110 4
b11101 3
b100 -
b100 2
b100 9
b100 ;
b1011110 %
b1011110 +
b1011110 8
b1011101 :
b1000 '
b1000 .
b1000 1
b1000 6
b1011101 /
b1011101 0
b1110010 )
1!
#16521000
b1110011 "
#16525000
0!
#16530000
b10000 5
b1001110 3
b100 4
b1011111 %
b1011111 +
b1011111 8
b1 -
b1 2
b1 9
b1 ;
b1110011 )
b1011110 /
b1011110 0
b1101 '
b1101 .
b1101 1
b1101 6
b1011110 :
1!
#16531000
b1110100 "
#16535000
0!
#16540000
b100000 5
b101 4
b1111111 3
b10 -
b10 2
b10 9
b10 ;
b1011000 %
b1011000 +
b1011000 8
b1011111 :
b1110 '
b1110 .
b1110 1
b1110 6
b1011111 /
b1011111 0
b1110100 )
1!
#16541000
b1110101 "
#16545000
0!
#16550000
b1 5
b1011000 3
1,
b0 4
b1011001 %
b1011001 +
b1011001 8
b0 -
b0 2
b0 9
b0 ;
b1110101 )
b1011000 /
b1011000 0
b1111 '
b1111 .
b1111 1
b1111 6
b1011000 :
1!
#16551000
b1110110 "
#16555000
0!
#16560000
0,
b11 -
b11 2
b11 9
b11 ;
b1011000 3
b1011010 %
b1011010 +
b1011010 8
b1011001 :
0&
07
b1000 '
b1000 .
b1000 1
b1000 6
b1011001 /
b1011001 0
b1110110 )
1!
#16561000
b1110111 "
#16565000
0!
#16570000
b10 5
b1011000 3
b1 4
b1011011 %
b1011011 +
b1011011 8
b110 -
b110 2
b110 9
b110 ;
b1110111 )
b1011010 /
b1011010 0
1&
17
b1011010 :
1!
#16571000
b1111000 "
#16575000
0!
#16580000
b1000 5
b11 4
b1010011 3
b101 -
b101 2
b101 9
b101 ;
b1010100 %
b1010100 +
b1010100 8
b1011011 :
b1011011 /
b1011011 0
b1111000 )
1!
#16581000
b1111001 "
#16585000
0!
#16590000
b100000 5
b1110100 3
b101 4
b1010101 %
b1010101 +
b1010101 8
b10 -
b10 2
b10 9
b10 ;
b1111001 )
b1010100 /
b1010100 0
b11 '
b11 .
b11 1
b11 6
b1010100 :
1!
#16591000
b1111010 "
#16595000
0!
#16600000
b10000 5
b100 4
b1000101 3
b1 -
b1 2
b1 9
b1 ;
b1010110 %
b1010110 +
b1010110 8
b1010101 :
b100 '
b100 .
b100 1
b100 6
b1010101 /
b1010101 0
b1111010 )
1!
#16601000
b1111011 "
#16605000
0!
#16610000
b1000000 5
b10110 3
b110 4
b1010111 %
b1010111 +
b1010111 8
b100 -
b100 2
b100 9
b100 ;
b1111011 )
b1010110 /
b1010110 0
b101 '
b101 .
b101 1
b101 6
b1010110 :
1!
#16611000
b1111100 "
#16615000
0!
#16620000
b100 5
b10 4
b1010011 3
b111 -
b111 2
b111 9
b111 ;
b1010000 %
b1010000 +
b1010000 8
b1010111 :
b110 '
b110 .
b110 1
b110 6
b1010111 /
b1010111 0
b1111100 )
1!
#16621000
b1111101 "
#16625000
0!
#16630000
b1000 5
b1011000 3
b11 4
b1010001 %
b1010001 +
b1010001 8
b101 -
b101 2
b101 9
b101 ;
b1111101 )
b1010000 /
b1010000 0
b11 '
b11 .
b11 1
b11 6
b1010000 :
1!
#16631000
b1111110 "
#16635000
0!
#16640000
b10 5
b1 4
b1010011 3
b110 -
b110 2
b110 9
b110 ;
b1010010 %
b1010010 +
b1010010 8
b1010001 :
b1000 '
b1000 .
b1000 1
b1000 6
b1010001 /
b1010001 0
b1111110 )
1!
#16641000
b1111111 "
#16645000
0!
#16650000
b1 5
b1010011 3
b0 4
b1010011 %
b1010011 +
b1010011 8
b11 -
b11 2
b11 9
b11 ;
b1111111 )
b1010010 /
b1010010 0
b11 '
b11 .
b11 1
b11 6
b1010010 :
1!
#16651000
b0 "
b1101 #
#16655000
0!
#16660000
b1 >
1,
b1010011 3
b0 -
b0 2
b0 9
b0 ;
b11101 %
b11101 +
b11101 8
b11101 (
b11101 =
b11101 ?
b1010011 :
b1010011 /
b1010011 0
b0 )
b1101 *
b1101 <
1!
#16661000
b1 "
#16665000
0!
#16670000
b11100 %
b11100 +
b11100 8
b11101 3
b1 )
b11101 /
b11101 0
0&
07
b11101 :
1!
#16671000
b10 "
#16675000
0!
#16680000
0,
b11 -
b11 2
b11 9
b11 ;
b11101 3
b11111 %
b11111 +
b11111 8
b11100 :
b1101 '
b1101 .
b1101 1
b1101 6
b11100 /
b11100 0
b10 )
1!
#16681000
b11 "
#16685000
0!
#16690000
b10 5
b11101 3
b1 4
b11110 %
b11110 +
b11110 8
b110 -
b110 2
b110 9
b110 ;
b11 )
b11111 /
b11111 0
1&
17
b11111 :
1!
#16691000
b100 "
#16695000
0!
#16700000
b1000 5
b11 4
b10110 3
b101 -
b101 2
b101 9
b101 ;
b11001 %
b11001 +
b11001 8
b11110 :
b11110 /
b11110 0
b100 )
1!
#16701000
b101 "
#16705000
0!
#16710000
b100 5
b11101 3
b10 4
b11000 %
b11000 +
b11000 8
b111 -
b111 2
b111 9
b111 ;
b101 )
b11001 /
b11001 0
b110 '
b110 .
b110 1
b110 6
b11001 :
1!
#16711000
b110 "
#16715000
0!
#16720000
b1000000 5
b110 4
b1011000 3
b100 -
b100 2
b100 9
b100 ;
b11011 %
b11011 +
b11011 8
b11000 :
b1101 '
b1101 .
b1101 1
b1101 6
b11000 /
b11000 0
b110 )
1!
#16721000
b111 "
#16725000
0!
#16730000
b10000 5
b1011 3
b100 4
b11010 %
b11010 +
b11010 8
b1 -
b1 2
b1 9
b1 ;
b111 )
b11011 /
b11011 0
b1000 '
b1000 .
b1000 1
b1000 6
b11011 :
1!
#16731000
b1000 "
#16735000
0!
#16740000
b100000 5
b101 4
b111010 3
b10 -
b10 2
b10 9
b10 ;
b10101 %
b10101 +
b10101 8
b11010 :
b1011 '
b1011 .
b1011 1
b1011 6
b11010 /
b11010 0
b1000 )
1!
#16741000
b1001 "
#16745000
0!
#16750000
b1000 5
b11101 3
b11 4
b10100 %
b10100 +
b10100 8
b101 -
b101 2
b101 9
b101 ;
b1001 )
b10101 /
b10101 0
b1010 '
b1010 .
b1010 1
b1010 6
b10101 :
1!
#16751000
b1010 "
#16755000
0!
#16760000
b10 5
b1 4
b10110 3
b110 -
b110 2
b110 9
b110 ;
b10111 %
b10111 +
b10111 8
b10100 :
b1101 '
b1101 .
b1101 1
b1101 6
b10100 /
b10100 0
b1010 )
1!
#16761000
b1011 "
#16765000
0!
#16770000
b1 5
b10110 3
b0 4
b10110 %
b10110 +
b10110 8
b11 -
b11 2
b11 9
b11 ;
b1011 )
b10111 /
b10111 0
b110 '
b110 .
b110 1
b110 6
b10111 :
1!
#16771000
b1100 "
#16775000
0!
#16780000
1,
b10110 3
b0 -
b0 2
b0 9
b0 ;
b10001 %
b10001 +
b10001 8
b10110 :
b10110 /
b10110 0
b1100 )
1!
#16781000
b1101 "
#16785000
0!
#16790000
b100000 5
0,
b101 4
b10000 %
b10000 +
b10000 8
b110001 3
b10 -
b10 2
b10 9
b10 ;
b1101 )
b10001 /
b10001 0
0&
07
b10001 :
1!
#16791000
b1110 "
#16795000
0!
#16800000
b10000 5
b100 4
b0 3
b1 -
b1 2
b1 9
b1 ;
b10011 %
b10011 +
b10011 8
b10000 :
1&
17
b1 '
b1 .
b1 1
b1 6
b10000 /
b10000 0
b1110 )
1!
#16801000
b1111 "
#16805000
0!
#16810000
b1000000 5
b1010011 3
b110 4
b10010 %
b10010 +
b10010 8
b100 -
b100 2
b100 9
b100 ;
b1111 )
b10011 /
b10011 0
b0 '
b0 .
b0 1
b0 6
b10011 :
1!
#16811000
b10000 "
#16815000
0!
#16820000
b100 5
b10 4
b10110 3
b111 -
b111 2
b111 9
b111 ;
b1101 %
b1101 +
b1101 8
b10010 :
b11 '
b11 .
b11 1
b11 6
b10010 /
b10010 0
b10000 )
1!
#16821000
b10001 "
#16825000
0!
#16830000
b10000 5
b11101 3
b100 4
b1100 %
b1100 +
b1100 8
b1 -
b1 2
b1 9
b1 ;
b10001 )
b1101 /
b1101 0
b110 '
b110 .
b110 1
b110 6
b1101 :
1!
#16831000
b10010 "
#16835000
0!
#16840000
b100000 5
b101 4
b101100 3
b10 -
b10 2
b10 9
b10 ;
b1111 %
b1111 +
b1111 8
b1100 :
b1101 '
b1101 .
b1101 1
b1101 6
b1100 /
b1100 0
b10010 )
1!
#16841000
b10011 "
#16845000
0!
#16850000
b100 5
b1011 3
b10 4
b1110 %
b1110 +
b1110 8
b111 -
b111 2
b111 9
b111 ;
b10011 )
b1111 /
b1111 0
b1100 '
b1100 .
b1100 1
b1100 6
b1111 :
1!
#16851000
b10100 "
#16855000
0!
#16860000
b1000000 5
b110 4
b1001110 3
b100 -
b100 2
b100 9
b100 ;
b1001 %
b1001 +
b1001 8
b1110 :
b1011 '
b1011 .
b1011 1
b1011 6
b1110 /
b1110 0
b10100 )
1!
#16861000
b10101 "
#16865000
0!
#16870000
b10 5
b1011 3
b1 4
b1000 %
b1000 +
b1000 8
b110 -
b110 2
b110 9
b110 ;
b10101 )
b1001 /
b1001 0
b1110 '
b1110 .
b1110 1
b1110 6
b1001 :
1!
#16871000
b10110 "
#16875000
0!
#16880000
b1000 5
b11 4
b0 3
b101 -
b101 2
b101 9
b101 ;
b1011 %
b1011 +
b1011 8
b1000 :
b1011 '
b1011 .
b1011 1
b1011 6
b1000 /
b1000 0
b10110 )
1!
#16881000
b10111 "
#16885000
0!
#16890000
b1 5
b1011 3
1,
b0 4
b1010 %
b1010 +
b1010 8
b0 -
b0 2
b0 9
b0 ;
b10111 )
b1011 /
b1011 0
b0 '
b0 .
b0 1
b0 6
b1011 :
1!
#16891000
b11000 "
#16895000
0!
#16900000
0,
b11 -
b11 2
b11 9
b11 ;
b1011 3
b101 %
b101 +
b101 8
b1010 :
0&
07
b1011 '
b1011 .
b1011 1
b1011 6
b1010 /
b1010 0
b11000 )
1!
#16901000
b11001 "
#16905000
0!
#16910000
b1000000 5
b1000101 3
b110 4
b100 %
b100 +
b100 8
b100 -
b100 2
b100 9
b100 ;
b11001 )
b101 /
b101 0
1&
17
b101 :
1!
#16911000
b11010 "
#16915000
0!
#16920000
b100 5
b10 4
b0 3
b111 -
b111 2
b111 9
b111 ;
b111 %
b111 +
b111 8
b100 :
b101 '
b101 .
b101 1
b101 6
b100 /
b100 0
b11010 )
1!
#16921000
b11011 "
#16925000
0!
#16930000
b100000 5
b100111 3
b101 4
b110 %
b110 +
b110 8
b10 -
b10 2
b10 9
b10 ;
b11011 )
b111 /
b111 0
b0 '
b0 .
b0 1
b0 6
b111 :
1!
#16931000
b11100 "
#16935000
0!
#16940000
b10000 5
b100 4
b10110 3
b1 -
b1 2
b1 9
b1 ;
b1 %
b1 +
b1 8
b110 :
b111 '
b111 .
b111 1
b111 6
b110 /
b110 0
b11100 )
1!
#16941000
b11101 "
#16945000
0!
#16950000
b1 5
b0 3
b0 4
b0 %
b0 +
b0 8
b11 -
b11 2
b11 9
b11 ;
b11101 )
b1 /
b1 0
b110 '
b110 .
b110 1
b110 6
b1 :
1!
#16951000
b11110 "
#16955000
0!
#16960000
1,
b0 3
b0 -
b0 2
b0 9
b0 ;
b11 %
b11 +
b11 8
b0 :
b0 '
b0 .
b0 1
b0 6
b0 /
b0 0
b11110 )
1!
#16961000
b11111 "
#16965000
0!
#16970000
b1000 5
0,
b11 4
b10 %
b10 +
b10 8
b1011 3
b101 -
b101 2
b101 9
b101 ;
b11111 )
b11 /
b11 0
0&
07
b11 :
1!
#16971000
b100000 "
#16975000
0!
#16980000
b10 5
b1 4
b0 3
b110 -
b110 2
b110 9
b110 ;
b111101 %
b111101 +
b111101 8
b10 :
1&
17
b1011 '
b1011 .
b1011 1
b1011 6
b10 /
b10 0
b100000 )
1!
#16981000
b100001 "
#16985000
0!
#16990000
b100000 5
b11101 3
b101 4
b111100 %
b111100 +
b111100 8
b10 -
b10 2
b10 9
b10 ;
b100001 )
b111101 /
b111101 0
b0 '
b0 .
b0 1
b0 6
b111101 :
1!
#16991000
b100010 "
#16995000
0!
#17000000
b10000 5
b100 4
b101100 3
b1 -
b1 2
b1 9
b1 ;
b111111 %
b111111 +
b111111 8
b111100 :
b1101 '
b1101 .
b1101 1
b1101 6
b111100 /
b111100 0
b100010 )
1!
#17001000
b100011 "
#17005000
0!
#17010000
b1000000 5
b1111111 3
b110 4
b111110 %
b111110 +
b111110 8
b100 -
b100 2
b100 9
b100 ;
b100011 )
b111111 /
b111111 0
b1100 '
b1100 .
b1100 1
b1100 6
b111111 :
1!
#17011000
b100100 "
#17015000
0!
#17020000
b100 5
b10 4
b111010 3
b111 -
b111 2
b111 9
b111 ;
b111001 %
b111001 +
b111001 8
b111110 :
b1111 '
b1111 .
b1111 1
b1111 6
b111110 /
b111110 0
b100100 )
1!
#17021000
b100101 "
#17025000
0!
#17030000
b1000 5
b110001 3
b11 4
b111000 %
b111000 +
b111000 8
b101 -
b101 2
b101 9
b101 ;
b100101 )
b111001 /
b111001 0
b1010 '
b1010 .
b1010 1
b1010 6
b111001 :
1!
#17031000
b100110 "
#17035000
0!
#17040000
b10 5
b1 4
b111010 3
b110 -
b110 2
b110 9
b110 ;
b111011 %
b111011 +
b111011 8
b111000 :
b1 '
b1 .
b1 1
b1 6
b111000 /
b111000 0
b100110 )
1!
#17041000
b100111 "
#17045000
0!
#17050000
b1 5
b111010 3
b0 4
b111010 %
b111010 +
b111010 8
b11 -
b11 2
b11 9
b11 ;
b100111 )
b111011 /
b111011 0
b1010 '
b1010 .
b1010 1
b1010 6
b111011 :
1!
#17051000
b101000 "
#17055000
0!
#17060000
1,
b111010 3
b0 -
b0 2
b0 9
b0 ;
b110101 %
b110101 +
b110101 8
b111010 :
b111010 /
b111010 0
b101000 )
1!
#17061000
b101001 "
#17065000
0!
#17070000
b100 5
0,
b10 4
b110100 %
b110100 +
b110100 8
b110001 3
b111 -
b111 2
b111 9
b111 ;
b101001 )
b110101 /
b110101 0
0&
07
b110101 :
1!
#17071000
b101010 "
#17075000
0!
#17080000
b1000000 5
b110 4
b1110100 3
b100 -
b100 2
b100 9
b100 ;
b110111 %
b110111 +
b110111 8
b110100 :
1&
17
b1 '
b1 .
b1 1
b1 6
b110100 /
b110100 0
b101010 )
1!
#17081000
b101011 "
#17085000
0!
#17090000
b10000 5
b100111 3
b100 4
b110110 %
b110110 +
b110110 8
b1 -
b1 2
b1 9
b1 ;
b101011 )
b110111 /
b110111 0
b100 '
b100 .
b100 1
b100 6
b110111 :
1!
#17091000
b101100 "
#17095000
0!
#17100000
b100000 5
b101 4
b10110 3
b10 -
b10 2
b10 9
b10 ;
b110001 %
b110001 +
b110001 8
b110110 :
b111 '
b111 .
b111 1
b111 6
b110110 /
b110110 0
b101100 )
1!
#17101000
b101101 "
#17105000
0!
#17110000
b1 5
b110001 3
1,
b0 4
b110000 %
b110000 +
b110000 8
b0 -
b0 2
b0 9
b0 ;
b101101 )
b110001 /
b110001 0
b110 '
b110 .
b110 1
b110 6
b110001 :
1!
#17111000
b101110 "
#17115000
0!
#17120000
0,
b11 -
b11 2
b11 9
b11 ;
b110001 3
b110011 %
b110011 +
b110011 8
b110000 :
0&
07
b1 '
b1 .
b1 1
b1 6
b110000 /
b110000 0
b101110 )
1!
#17121000
b101111 "
#17125000
0!
#17130000
b10 5
b110001 3
b1 4
b110010 %
b110010 +
b110010 8
b110 -
b110 2
b110 9
b110 ;
b101111 )
b110011 /
b110011 0
1&
17
b110011 :
1!
#17131000
b110000 "
#17135000
0!
#17140000
b1000 5
b11 4
b111010 3
b101 -
b101 2
b101 9
b101 ;
b101101 %
b101101 +
b101101 8
b110010 :
b110010 /
b110010 0
b110000 )
1!
#17141000
b110001 "
#17145000
0!
#17150000
b1 5
b101100 3
b0 4
b101100 %
b101100 +
b101100 8
b11 -
b11 2
b11 9
b11 ;
b110001 )
b101101 /
b101101 0
b1010 '
b1010 .
b1010 1
b1010 6
b101101 :
1!
#17151000
b110010 "
#17155000
0!
#17160000
1,
b101100 3
b0 -
b0 2
b0 9
b0 ;
b101111 %
b101111 +
b101111 8
b101100 :
b1100 '
b1100 .
b1100 1
b1100 6
b101100 /
b101100 0
b110010 )
1!
#17161000
b110011 "
#17165000
0!
#17170000
b1000 5
0,
b11 4
b101110 %
b101110 +
b101110 8
b100111 3
b101 -
b101 2
b101 9
b101 ;
b110011 )
b101111 /
b101111 0
0&
07
b101111 :
1!
#17171000
b110100 "
#17175000
0!
#17180000
b10 5
b1 4
b101100 3
b110 -
b110 2
b110 9
b110 ;
b101001 %
b101001 +
b101001 8
b101110 :
1&
17
b111 '
b111 .
b111 1
b111 6
b101110 /
b101110 0
b110100 )
1!
#17181000
b110101 "
#17185000
0!
#17190000
b1000000 5
b1101001 3
b110 4
b101000 %
b101000 +
b101000 8
b100 -
b100 2
b100 9
b100 ;
b110101 )
b101001 /
b101001 0
b1100 '
b1100 .
b1100 1
b1100 6
b101001 :
1!
#17191000
b110110 "
#17195000
0!
#17200000
b100 5
b10 4
b101100 3
b111 -
b111 2
b111 9
b111 ;
b101011 %
b101011 +
b101011 8
b101000 :
b1001 '
b1001 .
b1001 1
b1001 6
b101000 /
b101000 0
b110110 )
1!
#17201000
b110111 "
#17205000
0!
#17210000
b100000 5
b1011 3
b101 4
b101010 %
b101010 +
b101010 8
b10 -
b10 2
b10 9
b10 ;
b110111 )
b101011 /
b101011 0
b1100 '
b1100 .
b1100 1
b1100 6
b101011 :
1!
#17211000
b111000 "
#17215000
0!
#17220000
b10000 5
b100 4
b111010 3
b1 -
b1 2
b1 9
b1 ;
b100101 %
b100101 +
b100101 8
b101010 :
b1011 '
b1011 .
b1011 1
b1011 6
b101010 /
b101010 0
b111000 )
1!
#17221000
b111001 "
#17225000
0!
#17230000
b10 5
b100111 3
b1 4
b100100 %
b100100 +
b100100 8
b110 -
b110 2
b110 9
b110 ;
b111001 )
b100101 /
b100101 0
b1010 '
b1010 .
b1010 1
b1010 6
b100101 :
1!
#17231000
b111010 "
#17235000
0!
#17240000
b1000 5
b11 4
b101100 3
b101 -
b101 2
b101 9
b101 ;
b100111 %
b100111 +
b100111 8
b100100 :
b111 '
b111 .
b111 1
b111 6
b100100 /
b100100 0
b111010 )
1!
#17241000
b111011 "
#17245000
0!
#17250000
b1 5
b100111 3
1,
b0 4
b100110 %
b100110 +
b100110 8
b0 -
b0 2
b0 9
b0 ;
b111011 )
b100111 /
b100111 0
b1100 '
b1100 .
b1100 1
b1100 6
b100111 :
1!
#17251000
b111100 "
#17255000
0!
#17260000
0,
b11 -
b11 2
b11 9
b11 ;
b100111 3
b100001 %
b100001 +
b100001 8
b100110 :
0&
07
b111 '
b111 .
b111 1
b111 6
b100110 /
b100110 0
b111100 )
1!
#17261000
b111101 "
#17265000
0!
#17270000
b10000 5
b110001 3
b100 4
b100000 %
b100000 +
b100000 8
b1 -
b1 2
b1 9
b1 ;
b111101 )
b100001 /
b100001 0
1&
17
b100001 :
1!
#17271000
b111110 "
#17275000
0!
#17280000
b100000 5
b101 4
b0 3
b10 -
b10 2
b10 9
b10 ;
b100011 %
b100011 +
b100011 8
b100000 :
b1 '
b1 .
b1 1
b1 6
b100000 /
b100000 0
b111110 )
1!
#17281000
b111111 "
#17285000
0!
#17290000
b100 5
b100111 3
b10 4
b100010 %
b100010 +
b100010 8
b111 -
b111 2
b111 9
b111 ;
b111111 )
b100011 /
b100011 0
b0 '
b0 .
b0 1
b0 6
b100011 :
1!
#17291000
b1000000 "
#17295000
0!
#17300000
b1000000 5
b110 4
b1100010 3
b100 -
b100 2
b100 9
b100 ;
b1011101 %
b1011101 +
b1011101 8
b100010 :
b111 '
b111 .
b111 1
b111 6
b100010 /
b100010 0
b1000000 )
1!
#17301000
b1000001 "
#17305000
0!
#17310000
b11101 3
b1011100 %
b1011100 +
b1011100 8
b1000001 )
b1011101 /
b1011101 0
b10 '
b10 .
b10 1
b10 6
b1011101 :
1!
#17311000
b1000010 "
#17315000
0!
#17320000
b100 5
b10 4
b1011000 3
b111 -
b111 2
b111 9
b111 ;
b1011111 %
b1011111 +
b1011111 8
b1011100 :
b1101 '
b1101 .
b1101 1
b1101 6
b1011100 /
b1011100 0
b1000010 )
1!
#17321000
b1000011 "
#17325000
0!
#17330000
b100000 5
b1111111 3
b101 4
b1011110 %
b1011110 +
b1011110 8
b10 -
b10 2
b10 9
b10 ;
b1000011 )
b1011111 /
b1011111 0
b1000 '
b1000 .
b1000 1
b1000 6
b1011111 :
1!
#17331000
b1000100 "
#17335000
0!
#17340000
b10000 5
b100 4
b1001110 3
b1 -
b1 2
b1 9
b1 ;
b1011001 %
b1011001 +
b1011001 8
b1011110 :
b1111 '
b1111 .
b1111 1
b1111 6
b1011110 /
b1011110 0
b1000100 )
1!
#17341000
b1000101 "
#17345000
0!
#17350000
b1 5
b1011000 3
b0 4
b1011000 %
b1011000 +
b1011000 8
b11 -
b11 2
b11 9
b11 ;
b1000101 )
b1011001 /
b1011001 0
b1110 '
b1110 .
b1110 1
b1110 6
b1011001 :
1!
#17351000
b1000110 "
#17355000
0!
#17360000
1,
b1011000 3
b0 -
b0 2
b0 9
b0 ;
b1011011 %
b1011011 +
b1011011 8
b1011000 :
b1000 '
b1000 .
b1000 1
b1000 6
b1011000 /
b1011000 0
b1000110 )
1!
#17361000
b1000111 "
#17365000
0!
#17370000
b1000 5
0,
b11 4
b1011010 %
b1011010 +
b1011010 8
b1010011 3
b101 -
b101 2
b101 9
b101 ;
b1000111 )
b1011011 /
b1011011 0
0&
07
b1011011 :
1!
#17371000
b1001000 "
#17375000
0!
#17380000
b10 5
b1 4
b1011000 3
b110 -
b110 2
b110 9
b110 ;
b1010101 %
b1010101 +
b1010101 8
b1011010 :
1&
17
b11 '
b11 .
b11 1
b11 6
b1011010 /
b1011010 0
b1001000 )
1!
#17381000
b1001001 "
#17385000
0!
#17390000
b10000 5
b1000101 3
b100 4
b1010100 %
b1010100 +
b1010100 8
b1 -
b1 2
b1 9
b1 ;
b1001001 )
b1010101 /
b1010101 0
b1000 '
b1000 .
b1000 1
b1000 6
b1010101 :
1!
#17391000
b1001010 "
#17395000
0!
#17400000
b100000 5
b101 4
b1110100 3
b10 -
b10 2
b10 9
b10 ;
b1010111 %
b1010111 +
b1010111 8
b1010100 :
b101 '
b101 .
b101 1
b101 6
b1010100 /
b1010100 0
b1001010 )
1!
#17401000
b1001011 "
#17405000
0!
#17410000
b100 5
b1010011 3
b10 4
b1010110 %
b1010110 +
b1010110 8
b111 -
b111 2
b111 9
b111 ;
b1001011 )
b1010111 /
b1010111 0
b100 '
b100 .
b100 1
b100 6
b1010111 :
1!
#17411000
b1001100 "
#17415000
0!
#17420000
b1000000 5
b110 4
b10110 3
b100 -
b100 2
b100 9
b100 ;
b1010001 %
b1010001 +
b1010001 8
b1010110 :
b11 '
b11 .
b11 1
b11 6
b1010110 /
b1010110 0
b1001100 )
1!
#17421000
b1001101 "
#17425000
0!
#17430000
b10 5
b1010011 3
b1 4
b1010000 %
b1010000 +
b1010000 8
b110 -
b110 2
b110 9
b110 ;
b1001101 )
b1010001 /
b1010001 0
b110 '
b110 .
b110 1
b110 6
b1010001 :
1!
#17431000
b1001110 "
#17435000
0!
#17440000
b1000 5
b11 4
b1011000 3
b101 -
b101 2
b101 9
b101 ;
b1010011 %
b1010011 +
b1010011 8
b1010000 :
b11 '
b11 .
b11 1
b11 6
b1010000 /
b1010000 0
b1001110 )
1!
#17441000
b1001111 "
#17445000
0!
#17450000
b1 5
b1010011 3
1,
b0 4
b1010010 %
b1010010 +
b1010010 8
b0 -
b0 2
b0 9
b0 ;
b1001111 )
b1010011 /
b1010011 0
b1000 '
b1000 .
b1000 1
b1000 6
b1010011 :
1!
#17451000
b1010000 "
#17455000
0!
#17460000
0,
b11 -
b11 2
b11 9
b11 ;
b1010011 3
b1001101 %
b1001101 +
b1001101 8
b1010010 :
0&
07
b11 '
b11 .
b11 1
b11 6
b1010010 /
b1010010 0
b1010000 )
1!
#17461000
b1010001 "
#17465000
0!
#17470000
b1000 5
b1000101 3
b11 4
b1001100 %
b1001100 +
b1001100 8
b101 -
b101 2
b101 9
b101 ;
b1010001 )
b1001101 /
b1001101 0
1&
17
b1001101 :
1!
#17471000
b1010010 "
#17475000
0!
#17480000
b10 5
b1 4
b1001110 3
b110 -
b110 2
b110 9
b110 ;
b1001111 %
b1001111 +
b1001111 8
b1001100 :
b101 '
b101 .
b101 1
b101 6
b1001100 /
b1001100 0
b1010010 )
1!
#17481000
b1010011 "
#17485000
0!
#17490000
b1 5
b1001110 3
b0 4
b1001110 %
b1001110 +
b1001110 8
b11 -
b11 2
b11 9
b11 ;
b1010011 )
b1001111 /
b1001111 0
b1110 '
b1110 .
b1110 1
b1110 6
b1001111 :
1!
#17491000
b1010100 "
#17495000
0!
#17500000
1,
b1001110 3
b0 -
b0 2
b0 9
b0 ;
b1001001 %
b1001001 +
b1001001 8
b1001110 :
b1001110 /
b1001110 0
b1010100 )
1!
#17501000
b1010101 "
#17505000
0!
#17510000
b100000 5
0,
b101 4
b1001000 %
b1001000 +
b1001000 8
b1101001 3
b10 -
b10 2
b10 9
b10 ;
b1010101 )
b1001001 /
b1001001 0
0&
07
b1001001 :
1!
#17511000
b1010110 "
#17515000
0!
#17520000
b10000 5
b100 4
b1011000 3
b1 -
b1 2
b1 9
b1 ;
b1001011 %
b1001011 +
b1001011 8
b1001000 :
1&
17
b1001 '
b1001 .
b1001 1
b1001 6
b1001000 /
b1001000 0
b1010110 )
1!
#17521000
b1010111 "
#17525000
0!
#17530000
b1000000 5
b1011 3
b110 4
b1001010 %
b1001010 +
b1001010 8
b100 -
b100 2
b100 9
b100 ;
b1010111 )
b1001011 /
b1001011 0
b1000 '
b1000 .
b1000 1
b1000 6
b1001011 :
1!
#17531000
b1011000 "
#17535000
0!
#17540000
b100 5
b10 4
b1001110 3
b111 -
b111 2
b111 9
b111 ;
b1000101 %
b1000101 +
b1000101 8
b1001010 :
b1011 '
b1011 .
b1011 1
b1011 6
b1001010 /
b1001010 0
b1011000 )
1!
#17541000
b1011001 "
#17545000
0!
#17550000
b1 5
b1000101 3
1,
b0 4
b1000100 %
b1000100 +
b1000100 8
b0 -
b0 2
b0 9
b0 ;
b1011001 )
b1000101 /
b1000101 0
b1110 '
b1110 .
b1110 1
b1110 6
b1000101 :
1!
#17551000
b1011010 "
#17555000
0!
#17560000
0,
b11 -
b11 2
b11 9
b11 ;
b1000101 3
b1000111 %
b1000111 +
b1000111 8
b1000100 :
0&
07
b101 '
b101 .
b101 1
b101 6
b1000100 /
b1000100 0
b1011010 )
1!
#17561000
b1011011 "
#17565000
0!
#17570000
b10 5
b1000101 3
b1 4
b1000110 %
b1000110 +
b1000110 8
b110 -
b110 2
b110 9
b110 ;
b1011011 )
b1000111 /
b1000111 0
1&
17
b1000111 :
1!
#17571000
b1011100 "
#17575000
0!
#17580000
b1000 5
b11 4
b1001110 3
b101 -
b101 2
b101 9
b101 ;
b1000001 %
b1000001 +
b1000001 8
b1000110 :
b1000110 /
b1000110 0
b1011100 )
1!
#17581000
b1011101 "
#17585000
0!
#17590000
b100 5
b1000101 3
b10 4
b1000000 %
b1000000 +
b1000000 8
b111 -
b111 2
b111 9
b111 ;
b1011101 )
b1000001 /
b1000001 0
b1110 '
b1110 .
b1110 1
b1110 6
b1000001 :
1!
#17591000
b1011110 "
#17595000
0!
#17600000
b1000000 5
b110 4
b0 3
b100 -
b100 2
b100 9
b100 ;
b1000011 %
b1000011 +
b1000011 8
b1000000 :
b101 '
b101 .
b101 1
b101 6
b1000000 /
b1000000 0
b1011110 )
1!
#17601000
b1011111 "
#17605000
0!
#17610000
b10000 5
b1010011 3
b100 4
b1000010 %
b1000010 +
b1000010 8
b1 -
b1 2
b1 9
b1 ;
b1011111 )
b1000011 /
b1000011 0
b0 '
b0 .
b0 1
b0 6
b1000011 :
1!
#17611000
b1100000 "
#17615000
0!
#17620000
b100000 5
b101 4
b1100010 3
b10 -
b10 2
b10 9
b10 ;
b1111101 %
b1111101 +
b1111101 8
b1000010 :
b11 '
b11 .
b11 1
b11 6
b1000010 /
b1000010 0
b1100000 )
1!
#17621000
b1100001 "
#17625000
0!
#17630000
b10 5
b1111111 3
b1 4
b1111100 %
b1111100 +
b1111100 8
b110 -
b110 2
b110 9
b110 ;
b1100001 )
b1111101 /
b1111101 0
b10 '
b10 .
b10 1
b10 6
b1111101 :
1!
#17631000
b1100010 "
#17635000
0!
#17640000
b1000 5
b11 4
b1110100 3
b101 -
b101 2
b101 9
b101 ;
b1111111 %
b1111111 +
b1111111 8
b1111100 :
b1111 '
b1111 .
b1111 1
b1111 6
b1111100 /
b1111100 0
b1100010 )
1!
#17641000
b1100011 "
#17645000
0!
#17650000
b1 5
b1111111 3
1,
b0 4
b1111110 %
b1111110 +
b1111110 8
b0 -
b0 2
b0 9
b0 ;
b1100011 )
b1111111 /
b1111111 0
b100 '
b100 .
b100 1
b100 6
b1111111 :
1!
#17651000
b1100100 "
#17655000
0!
#17660000
0,
b11 -
b11 2
b11 9
b11 ;
b1111111 3
b1111001 %
b1111001 +
b1111001 8
b1111110 :
0&
07
b1111 '
b1111 .
b1111 1
b1111 6
b1111110 /
b1111110 0
b1100100 )
1!
#17661000
b1100101 "
#17665000
0!
#17670000
b10000 5
b1101001 3
b100 4
b1111000 %
b1111000 +
b1111000 8
b1 -
b1 2
b1 9
b1 ;
b1100101 )
b1111001 /
b1111001 0
1&
17
b1111001 :
1!
#17671000
b1100110 "
#17675000
0!
#17680000
b100000 5
b101 4
b1011000 3
b10 -
b10 2
b10 9
b10 ;
b1111011 %
b1111011 +
b1111011 8
b1111000 :
b1001 '
b1001 .
b1001 1
b1001 6
b1111000 /
b1111000 0
b1100110 )
1!
#17681000
b1100111 "
#17685000
0!
#17690000
b100 5
b1111111 3
b10 4
b1111010 %
b1111010 +
b1111010 8
b111 -
b111 2
b111 9
b111 ;
b1100111 )
b1111011 /
b1111011 0
b1000 '
b1000 .
b1000 1
b1000 6
b1111011 :
1!
#17691000
b1101000 "
#17695000
0!
#17700000
b1000000 5
b110 4
b111010 3
b100 -
b100 2
b100 9
b100 ;
b1110101 %
b1110101 +
b1110101 8
b1111010 :
b1111 '
b1111 .
b1111 1
b1111 6
b1111010 /
b1111010 0
b1101000 )
1!
#17701000
b1101001 "
#17705000
0!
#17710000
b1 5
b1110100 3
b0 4
b1110100 %
b1110100 +
b1110100 8
b11 -
b11 2
b11 9
b11 ;
b1101001 )
b1110101 /
b1110101 0
b1010 '
b1010 .
b1010 1
b1010 6
b1110101 :
1!
#17711000
b1101010 "
#17715000
0!
#17720000
1,
b1110100 3
b0 -
b0 2
b0 9
b0 ;
b1110111 %
b1110111 +
b1110111 8
b1110100 :
b100 '
b100 .
b100 1
b100 6
b1110100 /
b1110100 0
b1101010 )
1!
#17721000
b1101011 "
#17725000
0!
#17730000
b1000 5
0,
b11 4
b1110110 %
b1110110 +
b1110110 8
b1111111 3
b101 -
b101 2
b101 9
b101 ;
b1101011 )
b1110111 /
b1110111 0
0&
07
b1110111 :
1!
#17731000
b1101100 "
#17735000
0!
#17740000
b10 5
b1 4
b1110100 3
b110 -
b110 2
b110 9
b110 ;
b1110001 %
b1110001 +
b1110001 8
b1110110 :
1&
17
b1111 '
b1111 .
b1111 1
b1111 6
b1110110 /
b1110110 0
b1101100 )
1!
#17741000
b1101101 "
#17745000
0!
#17750000
b1000000 5
b110001 3
b110 4
b1110000 %
b1110000 +
b1110000 8
b100 -
b100 2
b100 9
b100 ;
b1101101 )
b1110001 /
b1110001 0
b100 '
b100 .
b100 1
b100 6
b1110001 :
1!
#17751000
b1101110 "
#17755000
0!
#17760000
b100 5
b10 4
b1110100 3
b111 -
b111 2
b111 9
b111 ;
b1110011 %
b1110011 +
b1110011 8
b1110000 :
b1 '
b1 .
b1 1
b1 6
b1110000 /
b1110000 0
b1101110 )
1!
#17761000
b1101111 "
#17765000
0!
#17770000
b100000 5
b1010011 3
b101 4
b1110010 %
b1110010 +
b1110010 8
b10 -
b10 2
b10 9
b10 ;
b1101111 )
b1110011 /
b1110011 0
b100 '
b100 .
b100 1
b100 6
b1110011 :
1!
#17771000
b1110000 "
#17775000
0!
#17780000
b10000 5
b100 4
b1100010 3
b1 -
b1 2
b1 9
b1 ;
b1101101 %
b1101101 +
b1101101 8
b1110010 :
b11 '
b11 .
b11 1
b11 6
b1110010 /
b1110010 0
b1110000 )
1!
#17781000
b1110001 "
#17785000
0!
#17790000
b100 5
b1101001 3
b10 4
b1101100 %
b1101100 +
b1101100 8
b111 -
b111 2
b111 9
b111 ;
b1110001 )
b1101101 /
b1101101 0
b10 '
b10 .
b10 1
b10 6
b1101101 :
1!
#17791000
b1110010 "
#17795000
0!
#17800000
b1000000 5
b110 4
b101100 3
b100 -
b100 2
b100 9
b100 ;
b1101111 %
b1101111 +
b1101111 8
b1101100 :
b1001 '
b1001 .
b1001 1
b1001 6
b1101100 /
b1101100 0
b1110010 )
1!
#17801000
b1110011 "
#17805000
0!
#17810000
b10000 5
b1111111 3
b100 4
b1101110 %
b1101110 +
b1101110 8
b1 -
b1 2
b1 9
b1 ;
b1110011 )
b1101111 /
b1101111 0
b1100 '
b1100 .
b1100 1
b1100 6
b1101111 :
1!
#17811000
b1110100 "
#17815000
0!
#17820000
b100000 5
b101 4
b1001110 3
b10 -
b10 2
b10 9
b10 ;
b1101001 %
b1101001 +
b1101001 8
b1101110 :
b1111 '
b1111 .
b1111 1
b1111 6
b1101110 /
b1101110 0
b1110100 )
1!
#17821000
b1110101 "
#17825000
0!
#17830000
b1 5
b1101001 3
1,
b0 4
b1101000 %
b1101000 +
b1101000 8
b0 -
b0 2
b0 9
b0 ;
b1110101 )
b1101001 /
b1101001 0
b1110 '
b1110 .
b1110 1
b1110 6
b1101001 :
1!
#17831000
b1110110 "
#17835000
0!
#17840000
0,
b11 -
b11 2
b11 9
b11 ;
b1101001 3
b1101011 %
b1101011 +
b1101011 8
b1101000 :
0&
07
b1001 '
b1001 .
b1001 1
b1001 6
b1101000 /
b1101000 0
b1110110 )
1!
#17841000
b1110111 "
#17845000
0!
#17850000
b10 5
b1101001 3
b1 4
b1101010 %
b1101010 +
b1101010 8
b110 -
b110 2
b110 9
b110 ;
b1110111 )
b1101011 /
b1101011 0
1&
17
b1101011 :
1!
#17851000
b1111000 "
#17855000
0!
#17860000
b1000 5
b11 4
b1100010 3
b101 -
b101 2
b101 9
b101 ;
b1100101 %
b1100101 +
b1100101 8
b1101010 :
b1101010 /
b1101010 0
b1111000 )
1!
#17861000
b1111001 "
#17865000
0!
#17870000
b100000 5
b1000101 3
b101 4
b1100100 %
b1100100 +
b1100100 8
b10 -
b10 2
b10 9
b10 ;
b1111001 )
b1100101 /
b1100101 0
b10 '
b10 .
b10 1
b10 6
b1100101 :
1!
#17871000
b1111010 "
#17875000
0!
#17880000
b10000 5
b100 4
b1110100 3
b1 -
b1 2
b1 9
b1 ;
b1100111 %
b1100111 +
b1100111 8
b1100100 :
b101 '
b101 .
b101 1
b101 6
b1100100 /
b1100100 0
b1111010 )
1!
#17881000
b1111011 "
#17885000
0!
#17890000
b1000000 5
b100111 3
b110 4
b1100110 %
b1100110 +
b1100110 8
b100 -
b100 2
b100 9
b100 ;
b1111011 )
b1100111 /
b1100111 0
b100 '
b100 .
b100 1
b100 6
b1100111 :
1!
#17891000
b1111100 "
#17895000
0!
#17900000
b100 5
b10 4
b1100010 3
b111 -
b111 2
b111 9
b111 ;
b1100001 %
b1100001 +
b1100001 8
b1100110 :
b111 '
b111 .
b111 1
b111 6
b1100110 /
b1100110 0
b1111100 )
1!
#17901000
b1111101 "
#17905000
0!
#17910000
b1000 5
b1101001 3
b11 4
b1100000 %
b1100000 +
b1100000 8
b101 -
b101 2
b101 9
b101 ;
b1111101 )
b1100001 /
b1100001 0
b10 '
b10 .
b10 1
b10 6
b1100001 :
1!
#17911000
b1111110 "
#17915000
0!
#17920000
b10 5
b1 4
b1100010 3
b110 -
b110 2
b110 9
b110 ;
b1100011 %
b1100011 +
b1100011 8
b1100000 :
b1001 '
b1001 .
b1001 1
b1001 6
b1100000 /
b1100000 0
b1111110 )
1!
#17921000
b1111111 "
#17925000
0!
#17930000
b1 5
b1100010 3
b0 4
b1100010 %
b1100010 +
b1100010 8
b11 -
b11 2
b11 9
b11 ;
b1111111 )
b1100011 /
b1100011 0
b10 '
b10 .
b10 1
b10 6
b1100011 :
1!
#17931000
b0 "
b1110 #
#17935000
0!
#17940000
b100 >
1,
b1100010 3
b0 -
b0 2
b0 9
b0 ;
b1001110 %
b1001110 +
b1001110 8
b1001110 (
b1001110 =
b1001110 ?
b1100010 :
b1100010 /
b1100010 0
b0 )
b1110 *
b1110 <
1!
#17941000
b1 "
#17945000
0!
#17950000
b1001111 %
b1001111 +
b1001111 8
b1001110 3
b1 )
b1001110 /
b1001110 0
0&
07
b1001110 :
1!
#17951000
b10 "
#17955000
0!
#17960000
0,
b11 -
b11 2
b11 9
b11 ;
b1001110 3
b1001100 %
b1001100 +
b1001100 8
b1001111 :
b1110 '
b1110 .
b1110 1
b1110 6
b1001111 /
b1001111 0
b10 )
1!
#17961000
b11 "
#17965000
0!
#17970000
b10 5
b1001110 3
b1 4
b1001101 %
b1001101 +
b1001101 8
b110 -
b110 2
b110 9
b110 ;
b11 )
b1001100 /
b1001100 0
1&
17
b1001100 :
1!
#17971000
b100 "
#17975000
0!
#17980000
b1000 5
b11 4
b1000101 3
b101 -
b101 2
b101 9
b101 ;
b1001010 %
b1001010 +
b1001010 8
b1001101 :
b1001101 /
b1001101 0
b100 )
1!
#17981000
b101 "
#17985000
0!
#17990000
b100 5
b1001110 3
b10 4
b1001011 %
b1001011 +
b1001011 8
b111 -
b111 2
b111 9
b111 ;
b101 )
b1001010 /
b1001010 0
b101 '
b101 .
b101 1
b101 6
b1001010 :
1!
#17991000
b110 "
#17995000
0!
#18000000
b1000000 5
b110 4
b1011 3
b100 -
b100 2
b100 9
b100 ;
b1001000 %
b1001000 +
b1001000 8
b1001011 :
b1110 '
b1110 .
b1110 1
b1110 6
b1001011 /
b1001011 0
b110 )
1!
#18001000
b111 "
#18005000
0!
#18010000
b10000 5
b1011000 3
b100 4
b1001001 %
b1001001 +
b1001001 8
b1 -
b1 2
b1 9
b1 ;
b111 )
b1001000 /
b1001000 0
b1011 '
b1011 .
b1011 1
b1011 6
b1001000 :
1!
#18011000
b1000 "
#18015000
0!
#18020000
b100000 5
b101 4
b1101001 3
b10 -
b10 2
b10 9
b10 ;
b1000110 %
b1000110 +
b1000110 8
b1001001 :
b1000 '
b1000 .
b1000 1
b1000 6
b1001001 /
b1001001 0
b1000 )
1!
#18021000
b1001 "
#18025000
0!
#18030000
b1000 5
b1001110 3
b11 4
b1000111 %
b1000111 +
b1000111 8
b101 -
b101 2
b101 9
b101 ;
b1001 )
b1000110 /
b1000110 0
b1001 '
b1001 .
b1001 1
b1001 6
b1000110 :
1!
#18031000
b1010 "
#18035000
0!
#18040000
b10 5
b1 4
b1000101 3
b110 -
b110 2
b110 9
b110 ;
b1000100 %
b1000100 +
b1000100 8
b1000111 :
b1110 '
b1110 .
b1110 1
b1110 6
b1000111 /
b1000111 0
b1010 )
1!
#18041000
b1011 "
#18045000
0!
#18050000
b1 5
b1000101 3
b0 4
b1000101 %
b1000101 +
b1000101 8
b11 -
b11 2
b11 9
b11 ;
b1011 )
b1000100 /
b1000100 0
b101 '
b101 .
b101 1
b101 6
b1000100 :
1!
#18051000
b1100 "
#18055000
0!
#18060000
1,
b1000101 3
b0 -
b0 2
b0 9
b0 ;
b1000010 %
b1000010 +
b1000010 8
b1000101 :
b1000101 /
b1000101 0
b1100 )
1!
#18061000
b1101 "
#18065000
0!
#18070000
b100000 5
0,
b101 4
b1000011 %
b1000011 +
b1000011 8
b1100010 3
b10 -
b10 2
b10 9
b10 ;
b1101 )
b1000010 /
b1000010 0
0&
07
b1000010 :
1!
#18071000
b1110 "
#18075000
0!
#18080000
b10000 5
b100 4
b1010011 3
b1 -
b1 2
b1 9
b1 ;
b1000000 %
b1000000 +
b1000000 8
b1000011 :
1&
17
b10 '
b10 .
b10 1
b10 6
b1000011 /
b1000011 0
b1110 )
1!
#18081000
b1111 "
#18085000
0!
#18090000
b1000000 5
b0 3
b110 4
b1000001 %
b1000001 +
b1000001 8
b100 -
b100 2
b100 9
b100 ;
b1111 )
b1000000 /
b1000000 0
b11 '
b11 .
b11 1
b11 6
b1000000 :
1!
#18091000
b10000 "
#18095000
0!
#18100000
b100 5
b10 4
b1000101 3
b111 -
b111 2
b111 9
b111 ;
b1011110 %
b1011110 +
b1011110 8
b1000001 :
b0 '
b0 .
b0 1
b0 6
b1000001 /
b1000001 0
b10000 )
1!
#18101000
b10001 "
#18105000
0!
#18110000
b10000 5
b1001110 3
b100 4
b1011111 %
b1011111 +
b1011111 8
b1 -
b1 2
b1 9
b1 ;
b10001 )
b1011110 /
b1011110 0
b101 '
b101 .
b101 1
b101 6
b1011110 :
1!
#18111000
b10010 "
#18115000
0!
#18120000
b100000 5
b101 4
b1111111 3
b10 -
b10 2
b10 9
b10 ;
b1011100 %
b1011100 +
b1011100 8
b1011111 :
b1110 '
b1110 .
b1110 1
b1110 6
b1011111 /
b1011111 0
b10010 )
1!
#18121000
b10011 "
#18125000
0!
#18130000
b100 5
b1011000 3
b10 4
b1011101 %
b1011101 +
b1011101 8
b111 -
b111 2
b111 9
b111 ;
b10011 )
b1011100 /
b1011100 0
b1111 '
b1111 .
b1111 1
b1111 6
b1011100 :
1!
#18131000
b10100 "
#18135000
0!
#18140000
b1000000 5
b110 4
b11101 3
b100 -
b100 2
b100 9
b100 ;
b1011010 %
b1011010 +
b1011010 8
b1011101 :
b1000 '
b1000 .
b1000 1
b1000 6
b1011101 /
b1011101 0
b10100 )
1!
#18141000
b10101 "
#18145000
0!
#18150000
b10 5
b1011000 3
b1 4
b1011011 %
b1011011 +
b1011011 8
b110 -
b110 2
b110 9
b110 ;
b10101 )
b1011010 /
b1011010 0
b1101 '
b1101 .
b1101 1
b1101 6
b1011010 :
1!
#18151000
b10110 "
#18155000
0!
#18160000
b1000 5
b11 4
b1010011 3
b101 -
b101 2
b101 9
b101 ;
b1011000 %
b1011000 +
b1011000 8
b1011011 :
b1000 '
b1000 .
b1000 1
b1000 6
b1011011 /
b1011011 0
b10110 )
1!
#18161000
b10111 "
#18165000
0!
#18170000
b1 5
b1011000 3
1,
b0 4
b1011001 %
b1011001 +
b1011001 8
b0 -
b0 2
b0 9
b0 ;
b10111 )
b1011000 /
b1011000 0
b11 '
b11 .
b11 1
b11 6
b1011000 :
1!
#18171000
b11000 "
#18175000
0!
#18180000
0,
b11 -
b11 2
b11 9
b11 ;
b1011000 3
b1010110 %
b1010110 +
b1010110 8
b1011001 :
0&
07
b1000 '
b1000 .
b1000 1
b1000 6
b1011001 /
b1011001 0
b11000 )
1!
#18181000
b11001 "
#18185000
0!
#18190000
b1000000 5
b10110 3
b110 4
b1010111 %
b1010111 +
b1010111 8
b100 -
b100 2
b100 9
b100 ;
b11001 )
b1010110 /
b1010110 0
1&
17
b1010110 :
1!
#18191000
b11010 "
#18195000
0!
#18200000
b100 5
b10 4
b1010011 3
b111 -
b111 2
b111 9
b111 ;
b1010100 %
b1010100 +
b1010100 8
b1010111 :
b110 '
b110 .
b110 1
b110 6
b1010111 /
b1010111 0
b11010 )
1!
#18201000
b11011 "
#18205000
0!
#18210000
b100000 5
b1110100 3
b101 4
b1010101 %
b1010101 +
b1010101 8
b10 -
b10 2
b10 9
b10 ;
b11011 )
b1010100 /
b1010100 0
b11 '
b11 .
b11 1
b11 6
b1010100 :
1!
#18211000
b11100 "
#18215000
0!
#18220000
b10000 5
b100 4
b1000101 3
b1 -
b1 2
b1 9
b1 ;
b1010010 %
b1010010 +
b1010010 8
b1010101 :
b100 '
b100 .
b100 1
b100 6
b1010101 /
b1010101 0
b11100 )
1!
#18221000
b11101 "
#18225000
0!
#18230000
b1 5
b1010011 3
b0 4
b1010011 %
b1010011 +
b1010011 8
b11 -
b11 2
b11 9
b11 ;
b11101 )
b1010010 /
b1010010 0
b101 '
b101 .
b101 1
b101 6
b1010010 :
1!
#18231000
b11110 "
#18235000
0!
#18240000
1,
b1010011 3
b0 -
b0 2
b0 9
b0 ;
b1010000 %
b1010000 +
b1010000 8
b1010011 :
b11 '
b11 .
b11 1
b11 6
b1010011 /
b1010011 0
b11110 )
1!
#18241000
b11111 "
#18245000
0!
#18250000
b1000 5
0,
b11 4
b1010001 %
b1010001 +
b1010001 8
b1011000 3
b101 -
b101 2
b101 9
b101 ;
b11111 )
b1010000 /
b1010000 0
0&
07
b1010000 :
1!
#18251000
b100000 "
#18255000
0!
#18260000
b10 5
b1 4
b1010011 3
b110 -
b110 2
b110 9
b110 ;
b1101110 %
b1101110 +
b1101110 8
b1010001 :
1&
17
b1000 '
b1000 .
b1000 1
b1000 6
b1010001 /
b1010001 0
b100000 )
1!
#18261000
b100001 "
#18265000
0!
#18270000
b100000 5
b1001110 3
b101 4
b1101111 %
b1101111 +
b1101111 8
b10 -
b10 2
b10 9
b10 ;
b100001 )
b1101110 /
b1101110 0
b11 '
b11 .
b11 1
b11 6
b1101110 :
1!
#18271000
b100010 "
#18275000
0!
#18280000
b10000 5
b100 4
b1111111 3
b1 -
b1 2
b1 9
b1 ;
b1101100 %
b1101100 +
b1101100 8
b1101111 :
b1110 '
b1110 .
b1110 1
b1110 6
b1101111 /
b1101111 0
b100010 )
1!
#18281000
b100011 "
#18285000
0!
#18290000
b1000000 5
b101100 3
b110 4
b1101101 %
b1101101 +
b1101101 8
b100 -
b100 2
b100 9
b100 ;
b100011 )
b1101100 /
b1101100 0
b1111 '
b1111 .
b1111 1
b1111 6
b1101100 :
1!
#18291000
b100100 "
#18295000
0!
#18300000
b100 5
b10 4
b1101001 3
b111 -
b111 2
b111 9
b111 ;
b1101010 %
b1101010 +
b1101010 8
b1101101 :
b1100 '
b1100 .
b1100 1
b1100 6
b1101101 /
b1101101 0
b100100 )
1!
#18301000
b100101 "
#18305000
0!
#18310000
b1000 5
b1100010 3
b11 4
b1101011 %
b1101011 +
b1101011 8
b101 -
b101 2
b101 9
b101 ;
b100101 )
b1101010 /
b1101010 0
b1001 '
b1001 .
b1001 1
b1001 6
b1101010 :
1!
#18311000
b100110 "
#18315000
0!
#18320000
b10 5
b1 4
b1101001 3
b110 -
b110 2
b110 9
b110 ;
b1101000 %
b1101000 +
b1101000 8
b1101011 :
b10 '
b10 .
b10 1
b10 6
b1101011 /
b1101011 0
b100110 )
1!
#18321000
b100111 "
#18325000
0!
#18330000
b1 5
b1101001 3
b0 4
b1101001 %
b1101001 +
b1101001 8
b11 -
b11 2
b11 9
b11 ;
b100111 )
b1101000 /
b1101000 0
b1001 '
b1001 .
b1001 1
b1001 6
b1101000 :
1!
#18331000
b101000 "
#18335000
0!
#18340000
1,
b1101001 3
b0 -
b0 2
b0 9
b0 ;
b1100110 %
b1100110 +
b1100110 8
b1101001 :
b1101001 /
b1101001 0
b101000 )
1!
#18341000
b101001 "
#18345000
0!
#18350000
b100 5
0,
b10 4
b1100111 %
b1100111 +
b1100111 8
b1100010 3
b111 -
b111 2
b111 9
b111 ;
b101001 )
b1100110 /
b1100110 0
0&
07
b1100110 :
1!
#18351000
b101010 "
#18355000
0!
#18360000
b1000000 5
b110 4
b100111 3
b100 -
b100 2
b100 9
b100 ;
b1100100 %
b1100100 +
b1100100 8
b1100111 :
1&
17
b10 '
b10 .
b10 1
b10 6
b1100111 /
b1100111 0
b101010 )
1!
#18361000
b101011 "
#18365000
0!
#18370000
b10000 5
b1110100 3
b100 4
b1100101 %
b1100101 +
b1100101 8
b1 -
b1 2
b1 9
b1 ;
b101011 )
b1100100 /
b1100100 0
b111 '
b111 .
b111 1
b111 6
b1100100 :
1!
#18371000
b101100 "
#18375000
0!
#18380000
b100000 5
b101 4
b1000101 3
b10 -
b10 2
b10 9
b10 ;
b1100010 %
b1100010 +
b1100010 8
b1100101 :
b100 '
b100 .
b100 1
b100 6
b1100101 /
b1100101 0
b101100 )
1!
#18381000
b101101 "
#18385000
0!
#18390000
b1 5
b1100010 3
1,
b0 4
b1100011 %
b1100011 +
b1100011 8
b0 -
b0 2
b0 9
b0 ;
b101101 )
b1100010 /
b1100010 0
b101 '
b101 .
b101 1
b101 6
b1100010 :
1!
#18391000
b101110 "
#18395000
0!
#18400000
0,
b11 -
b11 2
b11 9
b11 ;
b1100010 3
b1100000 %
b1100000 +
b1100000 8
b1100011 :
0&
07
b10 '
b10 .
b10 1
b10 6
b1100011 /
b1100011 0
b101110 )
1!
#18401000
b101111 "
#18405000
0!
#18410000
b10 5
b1100010 3
b1 4
b1100001 %
b1100001 +
b1100001 8
b110 -
b110 2
b110 9
b110 ;
b101111 )
b1100000 /
b1100000 0
1&
17
b1100000 :
1!
#18411000
b110000 "
#18415000
0!
#18420000
b1000 5
b11 4
b1101001 3
b101 -
b101 2
b101 9
b101 ;
b1111110 %
b1111110 +
b1111110 8
b1100001 :
b1100001 /
b1100001 0
b110000 )
1!
#18421000
b110001 "
#18425000
0!
#18430000
b1 5
b1111111 3
b0 4
b1111111 %
b1111111 +
b1111111 8
b11 -
b11 2
b11 9
b11 ;
b110001 )
b1111110 /
b1111110 0
b1001 '
b1001 .
b1001 1
b1001 6
b1111110 :
1!
#18431000
b110010 "
#18435000
0!
#18440000
1,
b1111111 3
b0 -
b0 2
b0 9
b0 ;
b1111100 %
b1111100 +
b1111100 8
b1111111 :
b1111 '
b1111 .
b1111 1
b1111 6
b1111111 /
b1111111 0
b110010 )
1!
#18441000
b110011 "
#18445000
0!
#18450000
b1000 5
0,
b11 4
b1111101 %
b1111101 +
b1111101 8
b1110100 3
b101 -
b101 2
b101 9
b101 ;
b110011 )
b1111100 /
b1111100 0
0&
07
b1111100 :
1!
#18451000
b110100 "
#18455000
0!
#18460000
b10 5
b1 4
b1111111 3
b110 -
b110 2
b110 9
b110 ;
b1111010 %
b1111010 +
b1111010 8
b1111101 :
1&
17
b100 '
b100 .
b100 1
b100 6
b1111101 /
b1111101 0
b110100 )
1!
#18461000
b110101 "
#18465000
0!
#18470000
b1000000 5
b111010 3
b110 4
b1111011 %
b1111011 +
b1111011 8
b100 -
b100 2
b100 9
b100 ;
b110101 )
b1111010 /
b1111010 0
b1111 '
b1111 .
b1111 1
b1111 6
b1111010 :
1!
#18471000
b110110 "
#18475000
0!
#18480000
b100 5
b10 4
b1111111 3
b111 -
b111 2
b111 9
b111 ;
b1111000 %
b1111000 +
b1111000 8
b1111011 :
b1010 '
b1010 .
b1010 1
b1010 6
b1111011 /
b1111011 0
b110110 )
1!
#18481000
b110111 "
#18485000
0!
#18490000
b100000 5
b1011000 3
b101 4
b1111001 %
b1111001 +
b1111001 8
b10 -
b10 2
b10 9
b10 ;
b110111 )
b1111000 /
b1111000 0
b1111 '
b1111 .
b1111 1
b1111 6
b1111000 :
1!
#18491000
b111000 "
#18495000
0!
#18500000
b10000 5
b100 4
b1101001 3
b1 -
b1 2
b1 9
b1 ;
b1110110 %
b1110110 +
b1110110 8
b1111001 :
b1000 '
b1000 .
b1000 1
b1000 6
b1111001 /
b1111001 0
b111000 )
1!
#18501000
b111001 "
#18505000
0!
#18510000
b10 5
b1110100 3
b1 4
b1110111 %
b1110111 +
b1110111 8
b110 -
b110 2
b110 9
b110 ;
b111001 )
b1110110 /
b1110110 0
b1001 '
b1001 .
b1001 1
b1001 6
b1110110 :
1!
#18511000
b111010 "
#18515000
0!
#18520000
b1000 5
b11 4
b1111111 3
b101 -
b101 2
b101 9
b101 ;
b1110100 %
b1110100 +
b1110100 8
b1110111 :
b100 '
b100 .
b100 1
b100 6
b1110111 /
b1110111 0
b111010 )
1!
#18521000
b111011 "
#18525000
0!
#18530000
b1 5
b1110100 3
1,
b0 4
b1110101 %
b1110101 +
b1110101 8
b0 -
b0 2
b0 9
b0 ;
b111011 )
b1110100 /
b1110100 0
b1111 '
b1111 .
b1111 1
b1111 6
b1110100 :
1!
#18531000
b111100 "
#18535000
0!
#18540000
0,
b11 -
b11 2
b11 9
b11 ;
b1110100 3
b1110010 %
b1110010 +
b1110010 8
b1110101 :
0&
07
b100 '
b100 .
b100 1
b100 6
b1110101 /
b1110101 0
b111100 )
1!
#18541000
b111101 "
#18545000
0!
#18550000
b10000 5
b1100010 3
b100 4
b1110011 %
b1110011 +
b1110011 8
b1 -
b1 2
b1 9
b1 ;
b111101 )
b1110010 /
b1110010 0
1&
17
b1110010 :
1!
#18551000
b111110 "
#18555000
0!
#18560000
b100000 5
b101 4
b1010011 3
b10 -
b10 2
b10 9
b10 ;
b1110000 %
b1110000 +
b1110000 8
b1110011 :
b10 '
b10 .
b10 1
b10 6
b1110011 /
b1110011 0
b111110 )
1!
#18561000
b111111 "
#18565000
0!
#18570000
b100 5
b1110100 3
b10 4
b1110001 %
b1110001 +
b1110001 8
b111 -
b111 2
b111 9
b111 ;
b111111 )
b1110000 /
b1110000 0
b11 '
b11 .
b11 1
b11 6
b1110000 :
1!
#18571000
b1000000 "
#18575000
0!
#18580000
b1000000 5
b110 4
b110001 3
b100 -
b100 2
b100 9
b100 ;
b1110 %
b1110 +
b1110 8
b1110001 :
b100 '
b100 .
b100 1
b100 6
b1110001 /
b1110001 0
b1000000 )
1!
#18581000
b1000001 "
#18585000
0!
#18590000
b1001110 3
b1111 %
b1111 +
b1111 8
b1000001 )
b1110 /
b1110 0
b1 '
b1 .
b1 1
b1 6
b1110 :
1!
#18591000
b1000010 "
#18595000
0!
#18600000
b100 5
b10 4
b1011 3
b111 -
b111 2
b111 9
b111 ;
b1100 %
b1100 +
b1100 8
b1111 :
b1110 '
b1110 .
b1110 1
b1110 6
b1111 /
b1111 0
b1000010 )
1!
#18601000
b1000011 "
#18605000
0!
#18610000
b100000 5
b101100 3
b101 4
b1101 %
b1101 +
b1101 8
b10 -
b10 2
b10 9
b10 ;
b1000011 )
b1100 /
b1100 0
b1011 '
b1011 .
b1011 1
b1011 6
b1100 :
1!
#18611000
b1000100 "
#18615000
0!
#18620000
b10000 5
b100 4
b11101 3
b1 -
b1 2
b1 9
b1 ;
b1010 %
b1010 +
b1010 8
b1101 :
b1100 '
b1100 .
b1100 1
b1100 6
b1101 /
b1101 0
b1000100 )
1!
#18621000
b1000101 "
#18625000
0!
#18630000
b1 5
b1011 3
b0 4
b1011 %
b1011 +
b1011 8
b11 -
b11 2
b11 9
b11 ;
b1000101 )
b1010 /
b1010 0
b1101 '
b1101 .
b1101 1
b1101 6
b1010 :
1!
#18631000
b1000110 "
#18635000
0!
#18640000
1,
b1011 3
b0 -
b0 2
b0 9
b0 ;
b1000 %
b1000 +
b1000 8
b1011 :
b1011 '
b1011 .
b1011 1
b1011 6
b1011 /
b1011 0
b1000110 )
1!
#18641000
b1000111 "
#18645000
0!
#18650000
b1000 5
0,
b11 4
b1001 %
b1001 +
b1001 8
b0 3
b101 -
b101 2
b101 9
b101 ;
b1000111 )
b1000 /
b1000 0
0&
07
b1000 :
1!
#18651000
b1001000 "
#18655000
0!
#18660000
b10 5
b1 4
b1011 3
b110 -
b110 2
b110 9
b110 ;
b110 %
b110 +
b110 8
b1001 :
1&
17
b0 '
b0 .
b0 1
b0 6
b1001 /
b1001 0
b1001000 )
1!
#18661000
b1001001 "
#18665000
0!
#18670000
b10000 5
b10110 3
b100 4
b111 %
b111 +
b111 8
b1 -
b1 2
b1 9
b1 ;
b1001001 )
b110 /
b110 0
b1011 '
b1011 .
b1011 1
b1011 6
b110 :
1!
#18671000
b1001010 "
#18675000
0!
#18680000
b100000 5
b101 4
b100111 3
b10 -
b10 2
b10 9
b10 ;
b100 %
b100 +
b100 8
b111 :
b110 '
b110 .
b110 1
b110 6
b111 /
b111 0
b1001010 )
1!
#18681000
b1001011 "
#18685000
0!
#18690000
b100 5
b0 3
b10 4
b101 %
b101 +
b101 8
b111 -
b111 2
b111 9
b111 ;
b1001011 )
b100 /
b100 0
b111 '
b111 .
b111 1
b111 6
b100 :
1!
#18691000
b1001100 "
#18695000
0!
#18700000
b1000000 5
b110 4
b1000101 3
b100 -
b100 2
b100 9
b100 ;
b10 %
b10 +
b10 8
b101 :
b0 '
b0 .
b0 1
b0 6
b101 /
b101 0
b1001100 )
1!
#18701000
b1001101 "
#18705000
0!
#18710000
b10 5
b0 3
b1 4
b11 %
b11 +
b11 8
b110 -
b110 2
b110 9
b110 ;
b1001101 )
b10 /
b10 0
b101 '
b101 .
b101 1
b101 6
b10 :
1!
#18711000
b1001110 "
#18715000
0!
#18720000
b1000 5
b11 4
b1011 3
b101 -
b101 2
b101 9
b101 ;
b0 %
b0 +
b0 8
b11 :
b0 '
b0 .
b0 1
b0 6
b11 /
b11 0
b1001110 )
1!
#18721000
b1001111 "
#18725000
0!
#18730000
b1 5
b0 3
1,
b0 4
b1 %
b1 +
b1 8
b0 -
b0 2
b0 9
b0 ;
b1001111 )
b0 /
b0 0
b1011 '
b1011 .
b1011 1
b1011 6
b0 :
1!
#18731000
b1010000 "
#18735000
0!
#18740000
0,
b11 -
b11 2
b11 9
b11 ;
b0 3
b11110 %
b11110 +
b11110 8
b1 :
0&
07
b0 '
b0 .
b0 1
b0 6
b1 /
b1 0
b1010000 )
1!
#18741000
b1010001 "
#18745000
0!
#18750000
b1000 5
b10110 3
b11 4
b11111 %
b11111 +
b11111 8
b101 -
b101 2
b101 9
b101 ;
b1010001 )
b11110 /
b11110 0
1&
17
b11110 :
1!
#18751000
b1010010 "
#18755000
0!
#18760000
b10 5
b1 4
b11101 3
b110 -
b110 2
b110 9
b110 ;
b11100 %
b11100 +
b11100 8
b11111 :
b110 '
b110 .
b110 1
b110 6
b11111 /
b11111 0
b1010010 )
1!
#18761000
b1010011 "
#18765000
0!
#18770000
b1 5
b11101 3
b0 4
b11101 %
b11101 +
b11101 8
b11 -
b11 2
b11 9
b11 ;
b1010011 )
b11100 /
b11100 0
b1101 '
b1101 .
b1101 1
b1101 6
b11100 :
1!
#18771000
b1010100 "
#18775000
0!
#18780000
1,
b11101 3
b0 -
b0 2
b0 9
b0 ;
b11010 %
b11010 +
b11010 8
b11101 :
b11101 /
b11101 0
b1010100 )
1!
#18781000
b1010101 "
#18785000
0!
#18790000
b100000 5
0,
b101 4
b11011 %
b11011 +
b11011 8
b111010 3
b10 -
b10 2
b10 9
b10 ;
b1010101 )
b11010 /
b11010 0
0&
07
b11010 :
1!
#18791000
b1010110 "
#18795000
0!
#18800000
b10000 5
b100 4
b1011 3
b1 -
b1 2
b1 9
b1 ;
b11000 %
b11000 +
b11000 8
b11011 :
1&
17
b1010 '
b1010 .
b1010 1
b1010 6
b11011 /
b11011 0
b1010110 )
1!
#18801000
b1010111 "
#18805000
0!
#18810000
b1000000 5
b1011000 3
b110 4
b11001 %
b11001 +
b11001 8
b100 -
b100 2
b100 9
b100 ;
b1010111 )
b11000 /
b11000 0
b1011 '
b1011 .
b1011 1
b1011 6
b11000 :
1!
#18811000
b1011000 "
#18815000
0!
#18820000
b100 5
b10 4
b11101 3
b111 -
b111 2
b111 9
b111 ;
b10110 %
b10110 +
b10110 8
b11001 :
b1000 '
b1000 .
b1000 1
b1000 6
b11001 /
b11001 0
b1011000 )
1!
#18821000
b1011001 "
#18825000
0!
#18830000
b1 5
b10110 3
1,
b0 4
b10111 %
b10111 +
b10111 8
b0 -
b0 2
b0 9
b0 ;
b1011001 )
b10110 /
b10110 0
b1101 '
b1101 .
b1101 1
b1101 6
b10110 :
1!
#18831000
b1011010 "
#18835000
0!
#18840000
0,
b11 -
b11 2
b11 9
b11 ;
b10110 3
b10100 %
b10100 +
b10100 8
b10111 :
0&
07
b110 '
b110 .
b110 1
b110 6
b10111 /
b10111 0
b1011010 )
1!
#18841000
b1011011 "
#18845000
0!
#18850000
b10 5
b10110 3
b1 4
b10101 %
b10101 +
b10101 8
b110 -
b110 2
b110 9
b110 ;
b1011011 )
b10100 /
b10100 0
1&
17
b10100 :
1!
#18851000
b1011100 "
#18855000
0!
#18860000
b1000 5
b11 4
b11101 3
b101 -
b101 2
b101 9
b101 ;
b10010 %
b10010 +
b10010 8
b10101 :
b10101 /
b10101 0
b1011100 )
1!
#18861000
b1011101 "
#18865000
0!
#18870000
b100 5
b10110 3
b10 4
b10011 %
b10011 +
b10011 8
b111 -
b111 2
b111 9
b111 ;
b1011101 )
b10010 /
b10010 0
b1101 '
b1101 .
b1101 1
b1101 6
b10010 :
1!
#18871000
b1011110 "
#18875000
0!
#18880000
b1000000 5
b110 4
b1010011 3
b100 -
b100 2
b100 9
b100 ;
b10000 %
b10000 +
b10000 8
b10011 :
b110 '
b110 .
b110 1
b110 6
b10011 /
b10011 0
b1011110 )
1!
#18881000
b1011111 "
#18885000
0!
#18890000
b10000 5
b0 3
b100 4
b10001 %
b10001 +
b10001 8
b1 -
b1 2
b1 9
b1 ;
b1011111 )
b10000 /
b10000 0
b11 '
b11 .
b11 1
b11 6
b10000 :
1!
#18891000
b1100000 "
#18895000
0!
#18900000
b100000 5
b101 4
b110001 3
b10 -
b10 2
b10 9
b10 ;
b101110 %
b101110 +
b101110 8
b10001 :
b0 '
b0 .
b0 1
b0 6
b10001 /
b10001 0
b1100000 )
1!
#18901000
b1100001 "
#18905000
0!
#18910000
b10 5
b101100 3
b1 4
b101111 %
b101111 +
b101111 8
b110 -
b110 2
b110 9
b110 ;
b1100001 )
b101110 /
b101110 0
b1 '
b1 .
b1 1
b1 6
b101110 :
1!
#18911000
b1100010 "
#18915000
0!
#18920000
b1000 5
b11 4
b100111 3
b101 -
b101 2
b101 9
b101 ;
b101100 %
b101100 +
b101100 8
b101111 :
b1100 '
b1100 .
b1100 1
b1100 6
b101111 /
b101111 0
b1100010 )
1!
#18921000
b1100011 "
#18925000
0!
#18930000
b1 5
b101100 3
1,
b0 4
b101101 %
b101101 +
b101101 8
b0 -
b0 2
b0 9
b0 ;
b1100011 )
b101100 /
b101100 0
b111 '
b111 .
b111 1
b111 6
b101100 :
1!
#18931000
b1100100 "
#18935000
0!
#18940000
0,
b11 -
b11 2
b11 9
b11 ;
b101100 3
b101010 %
b101010 +
b101010 8
b101101 :
0&
07
b1100 '
b1100 .
b1100 1
b1100 6
b101101 /
b101101 0
b1100100 )
1!
#18941000
b1100101 "
#18945000
0!
#18950000
b10000 5
b111010 3
b100 4
b101011 %
b101011 +
b101011 8
b1 -
b1 2
b1 9
b1 ;
b1100101 )
b101010 /
b101010 0
1&
17
b101010 :
1!
#18951000
b1100110 "
#18955000
0!
#18960000
b100000 5
b101 4
b1011 3
b10 -
b10 2
b10 9
b10 ;
b101000 %
b101000 +
b101000 8
b101011 :
b1010 '
b1010 .
b1010 1
b1010 6
b101011 /
b101011 0
b1100110 )
1!
#18961000
b1100111 "
#18965000
0!
#18970000
b100 5
b101100 3
b10 4
b101001 %
b101001 +
b101001 8
b111 -
b111 2
b111 9
b111 ;
b1100111 )
b101000 /
b101000 0
b1011 '
b1011 .
b1011 1
b1011 6
b101000 :
1!
#18971000
b1101000 "
#18975000
0!
#18980000
b1000000 5
b110 4
b1101001 3
b100 -
b100 2
b100 9
b100 ;
b100110 %
b100110 +
b100110 8
b101001 :
b1100 '
b1100 .
b1100 1
b1100 6
b101001 /
b101001 0
b1101000 )
1!
#18981000
b1101001 "
#18985000
0!
#18990000
b1 5
b100111 3
b0 4
b100111 %
b100111 +
b100111 8
b11 -
b11 2
b11 9
b11 ;
b1101001 )
b100110 /
b100110 0
b1001 '
b1001 .
b1001 1
b1001 6
b100110 :
1!
#18991000
b1101010 "
#18995000
0!
#19000000
1,
b100111 3
b0 -
b0 2
b0 9
b0 ;
b100100 %
b100100 +
b100100 8
b100111 :
b111 '
b111 .
b111 1
b111 6
b100111 /
b100111 0
b1101010 )
1!
#19001000
b1101011 "
#19005000
0!
#19010000
b1000 5
0,
b11 4
b100101 %
b100101 +
b100101 8
b101100 3
b101 -
b101 2
b101 9
b101 ;
b1101011 )
b100100 /
b100100 0
0&
07
b100100 :
1!
#19011000
b1101100 "
#19015000
0!
#19020000
b10 5
b1 4
b100111 3
b110 -
b110 2
b110 9
b110 ;
b100010 %
b100010 +
b100010 8
b100101 :
1&
17
b1100 '
b1100 .
b1100 1
b1100 6
b100101 /
b100101 0
b1101100 )
1!
#19021000
b1101101 "
#19025000
0!
#19030000
b1000000 5
b1100010 3
b110 4
b100011 %
b100011 +
b100011 8
b100 -
b100 2
b100 9
b100 ;
b1101101 )
b100010 /
b100010 0
b111 '
b111 .
b111 1
b111 6
b100010 :
1!
#19031000
b1101110 "
#19035000
0!
#19040000
b100 5
b10 4
b100111 3
b111 -
b111 2
b111 9
b111 ;
b100000 %
b100000 +
b100000 8
b100011 :
b10 '
b10 .
b10 1
b10 6
b100011 /
b100011 0
b1101110 )
1!
#19041000
b1101111 "
#19045000
0!
#19050000
b100000 5
b0 3
b101 4
b100001 %
b100001 +
b100001 8
b10 -
b10 2
b10 9
b10 ;
b1101111 )
b100000 /
b100000 0
b111 '
b111 .
b111 1
b111 6
b100000 :
1!
#19051000
b1110000 "
#19055000
0!
#19060000
b10000 5
b100 4
b110001 3
b1 -
b1 2
b1 9
b1 ;
b111110 %
b111110 +
b111110 8
b100001 :
b0 '
b0 .
b0 1
b0 6
b100001 /
b100001 0
b1110000 )
1!
#19061000
b1110001 "
#19065000
0!
#19070000
b100 5
b111010 3
b10 4
b111111 %
b111111 +
b111111 8
b111 -
b111 2
b111 9
b111 ;
b1110001 )
b111110 /
b111110 0
b1 '
b1 .
b1 1
b1 6
b111110 :
1!
#19071000
b1110010 "
#19075000
0!
#19080000
b1000000 5
b110 4
b1111111 3
b100 -
b100 2
b100 9
b100 ;
b111100 %
b111100 +
b111100 8
b111111 :
b1010 '
b1010 .
b1010 1
b1010 6
b111111 /
b111111 0
b1110010 )
1!
#19081000
b1110011 "
#19085000
0!
#19090000
b10000 5
b101100 3
b100 4
b111101 %
b111101 +
b111101 8
b1 -
b1 2
b1 9
b1 ;
b1110011 )
b111100 /
b111100 0
b1111 '
b1111 .
b1111 1
b1111 6
b111100 :
1!
#19091000
b1110100 "
#19095000
0!
#19100000
b100000 5
b101 4
b11101 3
b10 -
b10 2
b10 9
b10 ;
b111010 %
b111010 +
b111010 8
b111101 :
b1100 '
b1100 .
b1100 1
b1100 6
b111101 /
b111101 0
b1110100 )
1!
#19101000
b1110101 "
#19105000
0!
#19110000
b1 5
b111010 3
1,
b0 4
b111011 %
b111011 +
b111011 8
b0 -
b0 2
b0 9
b0 ;
b1110101 )
b111010 /
b111010 0
b1101 '
b1101 .
b1101 1
b1101 6
b111010 :
1!
#19111000
b1110110 "
#19115000
0!
#19120000
0,
b11 -
b11 2
b11 9
b11 ;
b111010 3
b111000 %
b111000 +
b111000 8
b111011 :
0&
07
b1010 '
b1010 .
b1010 1
b1010 6
b111011 /
b111011 0
b1110110 )
1!
#19121000
b1110111 "
#19125000
0!
#19130000
b10 5
b111010 3
b1 4
b111001 %
b111001 +
b111001 8
b110 -
b110 2
b110 9
b110 ;
b1110111 )
b111000 /
b111000 0
1&
17
b111000 :
1!
#19131000
b1111000 "
#19135000
0!
#19140000
b1000 5
b11 4
b110001 3
b101 -
b101 2
b101 9
b101 ;
b110110 %
b110110 +
b110110 8
b111001 :
b111001 /
b111001 0
b1111000 )
1!
#19141000
b1111001 "
#19145000
0!
#19150000
b100000 5
b10110 3
b101 4
b110111 %
b110111 +
b110111 8
b10 -
b10 2
b10 9
b10 ;
b1111001 )
b110110 /
b110110 0
b1 '
b1 .
b1 1
b1 6
b110110 :
1!
#19151000
b1111010 "
#19155000
0!
#19160000
b10000 5
b100 4
b100111 3
b1 -
b1 2
b1 9
b1 ;
b110100 %
b110100 +
b110100 8
b110111 :
b110 '
b110 .
b110 1
b110 6
b110111 /
b110111 0
b1111010 )
1!
#19161000
b1111011 "
#19165000
0!
#19170000
b1000000 5
b1110100 3
b110 4
b110101 %
b110101 +
b110101 8
b100 -
b100 2
b100 9
b100 ;
b1111011 )
b110100 /
b110100 0
b111 '
b111 .
b111 1
b111 6
b110100 :
1!
#19171000
b1111100 "
#19175000
0!
#19180000
b100 5
b10 4
b110001 3
b111 -
b111 2
b111 9
b111 ;
b110010 %
b110010 +
b110010 8
b110101 :
b100 '
b100 .
b100 1
b100 6
b110101 /
b110101 0
b1111100 )
1!
#19181000
b1111101 "
#19185000
0!
#19190000
b1000 5
b111010 3
b11 4
b110011 %
b110011 +
b110011 8
b101 -
b101 2
b101 9
b101 ;
b1111101 )
b110010 /
b110010 0
b1 '
b1 .
b1 1
b1 6
b110010 :
1!
#19191000
b1111110 "
#19195000
0!
#19200000
b10 5
b1 4
b110001 3
b110 -
b110 2
b110 9
b110 ;
b110000 %
b110000 +
b110000 8
b110011 :
b1010 '
b1010 .
b1010 1
b1010 6
b110011 /
b110011 0
b1111110 )
1!
#19201000
b1111111 "
#19205000
0!
#19210000
b1 5
b110001 3
b0 4
b110001 %
b110001 +
b110001 8
b11 -
b11 2
b11 9
b11 ;
b1111111 )
b110000 /
b110000 0
b1 '
b1 .
b1 1
b1 6
b110000 :
1!
#19211000
b0 "
b1111 #
#19215000
0!
#19220000
b111 >
1,
b110001 3
b0 -
b0 2
b0 9
b0 ;
b1111111 %
b1111111 +
b1111111 8
b1111111 (
b1111111 =
b1111111 ?
b110001 :
b110001 /
b110001 0
b0 )
b1111 *
b1111 <
1!
#19221000
b1 "
#19225000
0!
#19230000
b1111110 %
b1111110 +
b1111110 8
b1111111 3
b1 )
b1111111 /
b1111111 0
0&
07
b1111111 :
1!
#19231000
b10 "
#19235000
0!
#19240000
0,
b11 -
b11 2
b11 9
b11 ;
b1111111 3
b1111101 %
b1111101 +
b1111101 8
b1111110 :
b1111 '
b1111 .
b1111 1
b1111 6
b1111110 /
b1111110 0
b10 )
1!
#19241000
b11 "
#19245000
0!
#19250000
b10 5
b1111111 3
b1 4
b1111100 %
b1111100 +
b1111100 8
b110 -
b110 2
b110 9
b110 ;
b11 )
b1111101 /
b1111101 0
1&
17
b1111101 :
1!
#19251000
b100 "
#19255000
0!
#19260000
b1000 5
b11 4
b1110100 3
b101 -
b101 2
b101 9
b101 ;
b1111011 %
b1111011 +
b1111011 8
b1111100 :
b1111100 /
b1111100 0
b100 )
1!
#19261000
b101 "
#19265000
0!
#19270000
b100 5
b1111111 3
b10 4
b1111010 %
b1111010 +
b1111010 8
b111 -
b111 2
b111 9
b111 ;
b101 )
b1111011 /
b1111011 0
b100 '
b100 .
b100 1
b100 6
b1111011 :
1!
#19271000
b110 "
#19275000
0!
#19280000
b1000000 5
b110 4
b111010 3
b100 -
b100 2
b100 9
b100 ;
b1111001 %
b1111001 +
b1111001 8
b1111010 :
b1111 '
b1111 .
b1111 1
b1111 6
b1111010 /
b1111010 0
b110 )
1!
#19281000
b111 "
#19285000
0!
#19290000
b10000 5
b1101001 3
b100 4
b1111000 %
b1111000 +
b1111000 8
b1 -
b1 2
b1 9
b1 ;
b111 )
b1111001 /
b1111001 0
b1010 '
b1010 .
b1010 1
b1010 6
b1111001 :
1!
#19291000
b1000 "
#19295000
0!
#19300000
b100000 5
b101 4
b1011000 3
b10 -
b10 2
b10 9
b10 ;
b1110111 %
b1110111 +
b1110111 8
b1111000 :
b1001 '
b1001 .
b1001 1
b1001 6
b1111000 /
b1111000 0
b1000 )
1!
#19301000
b1001 "
#19305000
0!
#19310000
b1000 5
b1111111 3
b11 4
b1110110 %
b1110110 +
b1110110 8
b101 -
b101 2
b101 9
b101 ;
b1001 )
b1110111 /
b1110111 0
b1000 '
b1000 .
b1000 1
b1000 6
b1110111 :
1!
#19311000
b1010 "
#19315000
0!
#19320000
b10 5
b1 4
b1110100 3
b110 -
b110 2
b110 9
b110 ;
b1110101 %
b1110101 +
b1110101 8
b1110110 :
b1111 '
b1111 .
b1111 1
b1111 6
b1110110 /
b1110110 0
b1010 )
1!
#19321000
b1011 "
#19325000
0!
#19330000
b1 5
b1110100 3
b0 4
b1110100 %
b1110100 +
b1110100 8
b11 -
b11 2
b11 9
b11 ;
b1011 )
b1110101 /
b1110101 0
b100 '
b100 .
b100 1
b100 6
b1110101 :
1!
#19331000
b1100 "
#19335000
0!
#19340000
1,
b1110100 3
b0 -
b0 2
b0 9
b0 ;
b1110011 %
b1110011 +
b1110011 8
b1110100 :
b1110100 /
b1110100 0
b1100 )
1!
#19341000
b1101 "
#19345000
0!
#19350000
b100000 5
0,
b101 4
b1110010 %
b1110010 +
b1110010 8
b1010011 3
b10 -
b10 2
b10 9
b10 ;
b1101 )
b1110011 /
b1110011 0
0&
07
b1110011 :
1!
#19351000
b1110 "
#19355000
0!
#19360000
b10000 5
b100 4
b1100010 3
b1 -
b1 2
b1 9
b1 ;
b1110001 %
b1110001 +
b1110001 8
b1110010 :
1&
17
b11 '
b11 .
b11 1
b11 6
b1110010 /
b1110010 0
b1110 )
1!
#19361000
b1111 "
#19365000
0!
#19370000
b1000000 5
b110001 3
b110 4
b1110000 %
b1110000 +
b1110000 8
b100 -
b100 2
b100 9
b100 ;
b1111 )
b1110001 /
b1110001 0
b10 '
b10 .
b10 1
b10 6
b1110001 :
1!
#19371000
b10000 "
#19375000
0!
#19380000
b100 5
b10 4
b1110100 3
b111 -
b111 2
b111 9
b111 ;
b1101111 %
b1101111 +
b1101111 8
b1110000 :
b1 '
b1 .
b1 1
b1 6
b1110000 /
b1110000 0
b10000 )
1!
#19381000
b10001 "
#19385000
0!
#19390000
b10000 5
b1111111 3
b100 4
b1101110 %
b1101110 +
b1101110 8
b1 -
b1 2
b1 9
b1 ;
b10001 )
b1101111 /
b1101111 0
b100 '
b100 .
b100 1
b100 6
b1101111 :
1!
#19391000
b10010 "
#19395000
0!
#19400000
b100000 5
b101 4
b1001110 3
b10 -
b10 2
b10 9
b10 ;
b1101101 %
b1101101 +
b1101101 8
b1101110 :
b1111 '
b1111 .
b1111 1
b1111 6
b1101110 /
b1101110 0
b10010 )
1!
#19401000
b10011 "
#19405000
0!
#19410000
b100 5
b1101001 3
b10 4
b1101100 %
b1101100 +
b1101100 8
b111 -
b111 2
b111 9
b111 ;
b10011 )
b1101101 /
b1101101 0
b1110 '
b1110 .
b1110 1
b1110 6
b1101101 :
1!
#19411000
b10100 "
#19415000
0!
#19420000
b1000000 5
b110 4
b101100 3
b100 -
b100 2
b100 9
b100 ;
b1101011 %
b1101011 +
b1101011 8
b1101100 :
b1001 '
b1001 .
b1001 1
b1001 6
b1101100 /
b1101100 0
b10100 )
1!
#19421000
b10101 "
#19425000
0!
#19430000
b10 5
b1101001 3
b1 4
b1101010 %
b1101010 +
b1101010 8
b110 -
b110 2
b110 9
b110 ;
b10101 )
b1101011 /
b1101011 0
b1100 '
b1100 .
b1100 1
b1100 6
b1101011 :
1!
#19431000
b10110 "
#19435000
0!
#19440000
b1000 5
b11 4
b1100010 3
b101 -
b101 2
b101 9
b101 ;
b1101001 %
b1101001 +
b1101001 8
b1101010 :
b1001 '
b1001 .
b1001 1
b1001 6
b1101010 /
b1101010 0
b10110 )
1!
#19441000
b10111 "
#19445000
0!
#19450000
b1 5
b1101001 3
1,
b0 4
b1101000 %
b1101000 +
b1101000 8
b0 -
b0 2
b0 9
b0 ;
b10111 )
b1101001 /
b1101001 0
b10 '
b10 .
b10 1
b10 6
b1101001 :
1!
#19451000
b11000 "
#19455000
0!
#19460000
0,
b11 -
b11 2
b11 9
b11 ;
b1101001 3
b1100111 %
b1100111 +
b1100111 8
b1101000 :
0&
07
b1001 '
b1001 .
b1001 1
b1001 6
b1101000 /
b1101000 0
b11000 )
1!
#19461000
b11001 "
#19465000
0!
#19470000
b1000000 5
b100111 3
b110 4
b1100110 %
b1100110 +
b1100110 8
b100 -
b100 2
b100 9
b100 ;
b11001 )
b1100111 /
b1100111 0
1&
17
b1100111 :
1!
#19471000
b11010 "
#19475000
0!
#19480000
b100 5
b10 4
b1100010 3
b111 -
b111 2
b111 9
b111 ;
b1100101 %
b1100101 +
b1100101 8
b1100110 :
b111 '
b111 .
b111 1
b111 6
b1100110 /
b1100110 0
b11010 )
1!
#19481000
b11011 "
#19485000
0!
#19490000
b100000 5
b1000101 3
b101 4
b1100100 %
b1100100 +
b1100100 8
b10 -
b10 2
b10 9
b10 ;
b11011 )
b1100101 /
b1100101 0
b10 '
b10 .
b10 1
b10 6
b1100101 :
1!
#19491000
b11100 "
#19495000
0!
#19500000
b10000 5
b100 4
b1110100 3
b1 -
b1 2
b1 9
b1 ;
b1100011 %
b1100011 +
b1100011 8
b1100100 :
b101 '
b101 .
b101 1
b101 6
b1100100 /
b1100100 0
b11100 )
1!
#19501000
b11101 "
#19505000
0!
#19510000
b1 5
b1100010 3
b0 4
b1100010 %
b1100010 +
b1100010 8
b11 -
b11 2
b11 9
b11 ;
b11101 )
b1100011 /
b1100011 0
b100 '
b100 .
b100 1
b100 6
b1100011 :
1!
#19511000
b11110 "
#19515000
0!
#19520000
1,
b1100010 3
b0 -
b0 2
b0 9
b0 ;
b1100001 %
b1100001 +
b1100001 8
b1100010 :
b10 '
b10 .
b10 1
b10 6
b1100010 /
b1100010 0
b11110 )
1!
#19521000
b11111 "
#19525000
0!
#19530000
b1000 5
0,
b11 4
b1100000 %
b1100000 +
b1100000 8
b1101001 3
b101 -
b101 2
b101 9
b101 ;
b11111 )
b1100001 /
b1100001 0
0&
07
b1100001 :
1!
#19531000
b100000 "
#19535000
0!
#19540000
b10 5
b1 4
b1100010 3
b110 -
b110 2
b110 9
b110 ;
b1011111 %
b1011111 +
b1011111 8
b1100000 :
1&
17
b1001 '
b1001 .
b1001 1
b1001 6
b1100000 /
b1100000 0
b100000 )
1!
#19541000
b100001 "
#19545000
0!
#19550000
b100000 5
b1111111 3
b101 4
b1011110 %
b1011110 +
b1011110 8
b10 -
b10 2
b10 9
b10 ;
b100001 )
b1011111 /
b1011111 0
b10 '
b10 .
b10 1
b10 6
b1011111 :
1!
#19551000
b100010 "
#19555000
0!
#19560000
b10000 5
b100 4
b1001110 3
b1 -
b1 2
b1 9
b1 ;
b1011101 %
b1011101 +
b1011101 8
b1011110 :
b1111 '
b1111 .
b1111 1
b1111 6
b1011110 /
b1011110 0
b100010 )
1!
#19561000
b100011 "
#19565000
0!
#19570000
b1000000 5
b11101 3
b110 4
b1011100 %
b1011100 +
b1011100 8
b100 -
b100 2
b100 9
b100 ;
b100011 )
b1011101 /
b1011101 0
b1110 '
b1110 .
b1110 1
b1110 6
b1011101 :
1!
#19571000
b100100 "
#19575000
0!
#19580000
b100 5
b10 4
b1011000 3
b111 -
b111 2
b111 9
b111 ;
b1011011 %
b1011011 +
b1011011 8
b1011100 :
b1101 '
b1101 .
b1101 1
b1101 6
b1011100 /
b1011100 0
b100100 )
1!
#19581000
b100101 "
#19585000
0!
#19590000
b1000 5
b1010011 3
b11 4
b1011010 %
b1011010 +
b1011010 8
b101 -
b101 2
b101 9
b101 ;
b100101 )
b1011011 /
b1011011 0
b1000 '
b1000 .
b1000 1
b1000 6
b1011011 :
1!
#19591000
b100110 "
#19595000
0!
#19600000
b10 5
b1 4
b1011000 3
b110 -
b110 2
b110 9
b110 ;
b1011001 %
b1011001 +
b1011001 8
b1011010 :
b11 '
b11 .
b11 1
b11 6
b1011010 /
b1011010 0
b100110 )
1!
#19601000
b100111 "
#19605000
0!
#19610000
b1 5
b1011000 3
b0 4
b1011000 %
b1011000 +
b1011000 8
b11 -
b11 2
b11 9
b11 ;
b100111 )
b1011001 /
b1011001 0
b1000 '
b1000 .
b1000 1
b1000 6
b1011001 :
1!
#19611000
b101000 "
#19615000
0!
#19620000
1,
b1011000 3
b0 -
b0 2
b0 9
b0 ;
b1010111 %
b1010111 +
b1010111 8
b1011000 :
b1011000 /
b1011000 0
b101000 )
1!
#19621000
b101001 "
#19625000
0!
#19630000
b100 5
0,
b10 4
b1010110 %
b1010110 +
b1010110 8
b1010011 3
b111 -
b111 2
b111 9
b111 ;
b101001 )
b1010111 /
b1010111 0
0&
07
b1010111 :
1!
#19631000
b101010 "
#19635000
0!
#19640000
b1000000 5
b110 4
b10110 3
b100 -
b100 2
b100 9
b100 ;
b1010101 %
b1010101 +
b1010101 8
b1010110 :
1&
17
b11 '
b11 .
b11 1
b11 6
b1010110 /
b1010110 0
b101010 )
1!
#19641000
b101011 "
#19645000
0!
#19650000
b10000 5
b1000101 3
b100 4
b1010100 %
b1010100 +
b1010100 8
b1 -
b1 2
b1 9
b1 ;
b101011 )
b1010101 /
b1010101 0
b110 '
b110 .
b110 1
b110 6
b1010101 :
1!
#19651000
b101100 "
#19655000
0!
#19660000
b100000 5
b101 4
b1110100 3
b10 -
b10 2
b10 9
b10 ;
b1010011 %
b1010011 +
b1010011 8
b1010100 :
b101 '
b101 .
b101 1
b101 6
b1010100 /
b1010100 0
b101100 )
1!
#19661000
b101101 "
#19665000
0!
#19670000
b1 5
b1010011 3
1,
b0 4
b1010010 %
b1010010 +
b1010010 8
b0 -
b0 2
b0 9
b0 ;
b101101 )
b1010011 /
b1010011 0
b100 '
b100 .
b100 1
b100 6
b1010011 :
1!
#19671000
b101110 "
#19675000
0!
#19680000
0,
b11 -
b11 2
b11 9
b11 ;
b1010011 3
b1010001 %
b1010001 +
b1010001 8
b1010010 :
0&
07
b11 '
b11 .
b11 1
b11 6
b1010010 /
b1010010 0
b101110 )
1!
#19681000
b101111 "
#19685000
0!
#19690000
b10 5
b1010011 3
b1 4
b1010000 %
b1010000 +
b1010000 8
b110 -
b110 2
b110 9
b110 ;
b101111 )
b1010001 /
b1010001 0
1&
17
b1010001 :
1!
#19691000
b110000 "
#19695000
0!
#19700000
b1000 5
b11 4
b1011000 3
b101 -
b101 2
b101 9
b101 ;
b1001111 %
b1001111 +
b1001111 8
b1010000 :
b1010000 /
b1010000 0
b110000 )
1!
#19701000
b110001 "
#19705000
0!
#19710000
b1 5
b1001110 3
b0 4
b1001110 %
b1001110 +
b1001110 8
b11 -
b11 2
b11 9
b11 ;
b110001 )
b1001111 /
b1001111 0
b1000 '
b1000 .
b1000 1
b1000 6
b1001111 :
1!
#19711000
b110010 "
#19715000
0!
#19720000
1,
b1001110 3
b0 -
b0 2
b0 9
b0 ;
b1001101 %
b1001101 +
b1001101 8
b1001110 :
b1110 '
b1110 .
b1110 1
b1110 6
b1001110 /
b1001110 0
b110010 )
1!
#19721000
b110011 "
#19725000
0!
#19730000
b1000 5
0,
b11 4
b1001100 %
b1001100 +
b1001100 8
b1000101 3
b101 -
b101 2
b101 9
b101 ;
b110011 )
b1001101 /
b1001101 0
0&
07
b1001101 :
1!
#19731000
b110100 "
#19735000
0!
#19740000
b10 5
b1 4
b1001110 3
b110 -
b110 2
b110 9
b110 ;
b1001011 %
b1001011 +
b1001011 8
b1001100 :
1&
17
b101 '
b101 .
b101 1
b101 6
b1001100 /
b1001100 0
b110100 )
1!
#19741000
b110101 "
#19745000
0!
#19750000
b1000000 5
b1011 3
b110 4
b1001010 %
b1001010 +
b1001010 8
b100 -
b100 2
b100 9
b100 ;
b110101 )
b1001011 /
b1001011 0
b1110 '
b1110 .
b1110 1
b1110 6
b1001011 :
1!
#19751000
b110110 "
#19755000
0!
#19760000
b100 5
b10 4
b1001110 3
b111 -
b111 2
b111 9
b111 ;
b1001001 %
b1001001 +
b1001001 8
b1001010 :
b1011 '
b1011 .
b1011 1
b1011 6
b1001010 /
b1001010 0
b110110 )
1!
#19761000
b110111 "
#19765000
0!
#19770000
b100000 5
b1101001 3
b101 4
b1001000 %
b1001000 +
b1001000 8
b10 -
b10 2
b10 9
b10 ;
b110111 )
b1001001 /
b1001001 0
b1110 '
b1110 .
b1110 1
b1110 6
b1001001 :
1!
#19771000
b111000 "
#19775000
0!
#19780000
b10000 5
b100 4
b1011000 3
b1 -
b1 2
b1 9
b1 ;
b1000111 %
b1000111 +
b1000111 8
b1001000 :
b1001 '
b1001 .
b1001 1
b1001 6
b1001000 /
b1001000 0
b111000 )
1!
#19781000
b111001 "
#19785000
0!
#19790000
b10 5
b1000101 3
b1 4
b1000110 %
b1000110 +
b1000110 8
b110 -
b110 2
b110 9
b110 ;
b111001 )
b1000111 /
b1000111 0
b1000 '
b1000 .
b1000 1
b1000 6
b1000111 :
1!
#19791000
b111010 "
#19795000
0!
#19800000
b1000 5
b11 4
b1001110 3
b101 -
b101 2
b101 9
b101 ;
b1000101 %
b1000101 +
b1000101 8
b1000110 :
b101 '
b101 .
b101 1
b101 6
b1000110 /
b1000110 0
b111010 )
1!
#19801000
b111011 "
#19805000
0!
#19810000
b1 5
b1000101 3
1,
b0 4
b1000100 %
b1000100 +
b1000100 8
b0 -
b0 2
b0 9
b0 ;
b111011 )
b1000101 /
b1000101 0
b1110 '
b1110 .
b1110 1
b1110 6
b1000101 :
1!
#19811000
b111100 "
#19815000
0!
#19820000
0,
b11 -
b11 2
b11 9
b11 ;
b1000101 3
b1000011 %
b1000011 +
b1000011 8
b1000100 :
0&
07
b101 '
b101 .
b101 1
b101 6
b1000100 /
b1000100 0
b111100 )
1!
#19821000
b111101 "
#19825000
0!
#19830000
b10000 5
b1010011 3
b100 4
b1000010 %
b1000010 +
b1000010 8
b1 -
b1 2
b1 9
b1 ;
b111101 )
b1000011 /
b1000011 0
1&
17
b1000011 :
1!
#19831000
b111110 "
#19835000
0!
#19840000
b100000 5
b101 4
b1100010 3
b10 -
b10 2
b10 9
b10 ;
b1000001 %
b1000001 +
b1000001 8
b1000010 :
b11 '
b11 .
b11 1
b11 6
b1000010 /
b1000010 0
b111110 )
1!
#19841000
b111111 "
#19845000
0!
#19850000
b100 5
b1000101 3
b10 4
b1000000 %
b1000000 +
b1000000 8
b111 -
b111 2
b111 9
b111 ;
b111111 )
b1000001 /
b1000001 0
b10 '
b10 .
b10 1
b10 6
b1000001 :
1!
#19851000
b1000000 "
#19855000
0!
#19860000
b1000000 5
b110 4
b0 3
b100 -
b100 2
b100 9
b100 ;
b111111 %
b111111 +
b111111 8
b1000000 :
b101 '
b101 .
b101 1
b101 6
b1000000 /
b1000000 0
b1000000 )
1!
#19861000
b1000001 "
#19865000
0!
#19870000
b1111111 3
b111110 %
b111110 +
b111110 8
b1000001 )
b111111 /
b111111 0
b0 '
b0 .
b0 1
b0 6
b111111 :
1!
#19871000
b1000010 "
#19875000
0!
#19880000
b100 5
b10 4
b111010 3
b111 -
b111 2
b111 9
b111 ;
b111101 %
b111101 +
b111101 8
b111110 :
b1111 '
b1111 .
b1111 1
b1111 6
b111110 /
b111110 0
b1000010 )
1!
#19881000
b1000011 "
#19885000
0!
#19890000
b100000 5
b11101 3
b101 4
b111100 %
b111100 +
b111100 8
b10 -
b10 2
b10 9
b10 ;
b1000011 )
b111101 /
b111101 0
b1010 '
b1010 .
b1010 1
b1010 6
b111101 :
1!
#19891000
b1000100 "
#19895000
0!
#19900000
b10000 5
b100 4
b101100 3
b1 -
b1 2
b1 9
b1 ;
b111011 %
b111011 +
b111011 8
b111100 :
b1101 '
b1101 .
b1101 1
b1101 6
b111100 /
b111100 0
b1000100 )
1!
#19901000
b1000101 "
#19905000
0!
#19910000
b1 5
b111010 3
b0 4
b111010 %
b111010 +
b111010 8
b11 -
b11 2
b11 9
b11 ;
b1000101 )
b111011 /
b111011 0
b1100 '
b1100 .
b1100 1
b1100 6
b111011 :
1!
#19911000
b1000110 "
#19915000
0!
#19920000
1,
b111010 3
b0 -
b0 2
b0 9
b0 ;
b111001 %
b111001 +
b111001 8
b111010 :
b1010 '
b1010 .
b1010 1
b1010 6
b111010 /
b111010 0
b1000110 )
1!
#19921000
b1000111 "
#19925000
0!
#19930000
b1000 5
0,
b11 4
b111000 %
b111000 +
b111000 8
b110001 3
b101 -
b101 2
b101 9
b101 ;
b1000111 )
b111001 /
b111001 0
0&
07
b111001 :
1!
#19931000
b1001000 "
#19935000
0!
#19940000
b10 5
b1 4
b111010 3
b110 -
b110 2
b110 9
b110 ;
b110111 %
b110111 +
b110111 8
b111000 :
1&
17
b1 '
b1 .
b1 1
b1 6
b111000 /
b111000 0
b1001000 )
1!
#19941000
b1001001 "
#19945000
0!
#19950000
b10000 5
b100111 3
b100 4
b110110 %
b110110 +
b110110 8
b1 -
b1 2
b1 9
b1 ;
b1001001 )
b110111 /
b110111 0
b1010 '
b1010 .
b1010 1
b1010 6
b110111 :
1!
#19951000
b1001010 "
#19955000
0!
#19960000
b100000 5
b101 4
b10110 3
b10 -
b10 2
b10 9
b10 ;
b110101 %
b110101 +
b110101 8
b110110 :
b111 '
b111 .
b111 1
b111 6
b110110 /
b110110 0
b1001010 )
1!
#19961000
b1001011 "
#19965000
0!
#19970000
b100 5
b110001 3
b10 4
b110100 %
b110100 +
b110100 8
b111 -
b111 2
b111 9
b111 ;
b1001011 )
b110101 /
b110101 0
b110 '
b110 .
b110 1
b110 6
b110101 :
1!
#19971000
b1001100 "
#19975000
0!
#19980000
b1000000 5
b110 4
b1110100 3
b100 -
b100 2
b100 9
b100 ;
b110011 %
b110011 +
b110011 8
b110100 :
b1 '
b1 .
b1 1
b1 6
b110100 /
b110100 0
b1001100 )
1!
#19981000
b1001101 "
#19985000
0!
#19990000
b10 5
b110001 3
b1 4
b110010 %
b110010 +
b110010 8
b110 -
b110 2
b110 9
b110 ;
b1001101 )
b110011 /
b110011 0
b100 '
b100 .
b100 1
b100 6
b110011 :
1!
#19991000
b1001110 "
#19995000
0!
#20000000
b1000 5
b11 4
b111010 3
b101 -
b101 2
b101 9
b101 ;
b110001 %
b110001 +
b110001 8
b110010 :
b1 '
b1 .
b1 1
b1 6
b110010 /
b110010 0
b1001110 )
1!
#20001000
b1001111 "
#20005000
0!
#20010000
b1 5
b110001 3
1,
b0 4
b110000 %
b110000 +
b110000 8
b0 -
b0 2
b0 9
b0 ;
b1001111 )
b110001 /
b110001 0
b1010 '
b1010 .
b1010 1
b1010 6
b110001 :
1!
#20011000
b1010000 "
#20015000
0!
#20020000
0,
b11 -
b11 2
b11 9
b11 ;
b110001 3
b101111 %
b101111 +
b101111 8
b110000 :
0&
07
b1 '
b1 .
b1 1
b1 6
b110000 /
b110000 0
b1010000 )
1!
#20021000
b1010001 "
#20025000
0!
#20030000
b1000 5
b100111 3
b11 4
b101110 %
b101110 +
b101110 8
b101 -
b101 2
b101 9
b101 ;
b1010001 )
b101111 /
b101111 0
1&
17
b101111 :
1!
#20031000
b1010010 "
#20035000
0!
#20040000
b10 5
b1 4
b101100 3
b110 -
b110 2
b110 9
b110 ;
b101101 %
b101101 +
b101101 8
b101110 :
b111 '
b111 .
b111 1
b111 6
b101110 /
b101110 0
b1010010 )
1!
#20041000
b1010011 "
#20045000
0!
#20050000
b1 5
b101100 3
b0 4
b101100 %
b101100 +
b101100 8
b11 -
b11 2
b11 9
b11 ;
b1010011 )
b101101 /
b101101 0
b1100 '
b1100 .
b1100 1
b1100 6
b101101 :
1!
#20051000
b1010100 "
#20055000
0!
#20060000
1,
b101100 3
b0 -
b0 2
b0 9
b0 ;
b101011 %
b101011 +
b101011 8
b101100 :
b101100 /
b101100 0
b1010100 )
1!
#20061000
b1010101 "
#20065000
0!
#20070000
b100000 5
0,
b101 4
b101010 %
b101010 +
b101010 8
b1011 3
b10 -
b10 2
b10 9
b10 ;
b1010101 )
b101011 /
b101011 0
0&
07
b101011 :
1!
#20071000
b1010110 "
#20075000
0!
#20080000
b10000 5
b100 4
b111010 3
b1 -
b1 2
b1 9
b1 ;
b101001 %
b101001 +
b101001 8
b101010 :
1&
17
b1011 '
b1011 .
b1011 1
b1011 6
b101010 /
b101010 0
b1010110 )
1!
#20081000
b1010111 "
#20085000
0!
#20090000
b1000000 5
b1101001 3
b110 4
b101000 %
b101000 +
b101000 8
b100 -
b100 2
b100 9
b100 ;
b1010111 )
b101001 /
b101001 0
b1010 '
b1010 .
b1010 1
b1010 6
b101001 :
1!
#20091000
b1011000 "
#20095000
0!
#20100000
b100 5
b10 4
b101100 3
b111 -
b111 2
b111 9
b111 ;
b100111 %
b100111 +
b100111 8
b101000 :
b1001 '
b1001 .
b1001 1
b1001 6
b101000 /
b101000 0
b1011000 )
1!
#20101000
b1011001 "
#20105000
0!
#20110000
b1 5
b100111 3
1,
b0 4
b100110 %
b100110 +
b100110 8
b0 -
b0 2
b0 9
b0 ;
b1011001 )
b100111 /
b100111 0
b1100 '
b1100 .
b1100 1
b1100 6
b100111 :
1!
#20111000
b1011010 "
#20115000
0!
#20120000
0,
b11 -
b11 2
b11 9
b11 ;
b100111 3
b100101 %
b100101 +
b100101 8
b100110 :
0&
07
b111 '
b111 .
b111 1
b111 6
b100110 /
b100110 0
b1011010 )
1!
#20121000
b1011011 "
#20125000
0!
#20130000
b10 5
b100111 3
b1 4
b100100 %
b100100 +
b100100 8
b110 -
b110 2
b110 9
b110 ;
b1011011 )
b100101 /
b100101 0
1&
17
b100101 :
1!
#20131000
b1011100 "
#20135000
0!
#20140000
b1000 5
b11 4
b101100 3
b101 -
b101 2
b101 9
b101 ;
b100011 %
b100011 +
b100011 8
b100100 :
b100100 /
b100100 0
b1011100 )
1!
#20141000
b1011101 "
#20145000
0!
#20150000
b100 5
b100111 3
b10 4
b100010 %
b100010 +
b100010 8
b111 -
b111 2
b111 9
b111 ;
b1011101 )
b100011 /
b100011 0
b1100 '
b1100 .
b1100 1
b1100 6
b100011 :
1!
#20151000
b1011110 "
#20155000
0!
#20160000
b1000000 5
b110 4
b1100010 3
b100 -
b100 2
b100 9
b100 ;
b100001 %
b100001 +
b100001 8
b100010 :
b111 '
b111 .
b111 1
b111 6
b100010 /
b100010 0
b1011110 )
1!
#20161000
b1011111 "
#20165000
0!
#20170000
b10000 5
b110001 3
b100 4
b100000 %
b100000 +
b100000 8
b1 -
b1 2
b1 9
b1 ;
b1011111 )
b100001 /
b100001 0
b10 '
b10 .
b10 1
b10 6
b100001 :
1!
#20171000
b1100000 "
#20175000
0!
#20180000
b100000 5
b101 4
b0 3
b10 -
b10 2
b10 9
b10 ;
b11111 %
b11111 +
b11111 8
b100000 :
b1 '
b1 .
b1 1
b1 6
b100000 /
b100000 0
b1100000 )
1!
#20181000
b1100001 "
#20185000
0!
#20190000
b10 5
b11101 3
b1 4
b11110 %
b11110 +
b11110 8
b110 -
b110 2
b110 9
b110 ;
b1100001 )
b11111 /
b11111 0
b0 '
b0 .
b0 1
b0 6
b11111 :
1!
#20191000
b1100010 "
#20195000
0!
#20200000
b1000 5
b11 4
b10110 3
b101 -
b101 2
b101 9
b101 ;
b11101 %
b11101 +
b11101 8
b11110 :
b1101 '
b1101 .
b1101 1
b1101 6
b11110 /
b11110 0
b1100010 )
1!
#20201000
b1100011 "
#20205000
0!
#20210000
b1 5
b11101 3
1,
b0 4
b11100 %
b11100 +
b11100 8
b0 -
b0 2
b0 9
b0 ;
b1100011 )
b11101 /
b11101 0
b110 '
b110 .
b110 1
b110 6
b11101 :
1!
#20211000
b1100100 "
#20215000
0!
#20220000
0,
b11 -
b11 2
b11 9
b11 ;
b11101 3
b11011 %
b11011 +
b11011 8
b11100 :
0&
07
b1101 '
b1101 .
b1101 1
b1101 6
b11100 /
b11100 0
b1100100 )
1!
#20221000
b1100101 "
#20225000
0!
#20230000
b10000 5
b1011 3
b100 4
b11010 %
b11010 +
b11010 8
b1 -
b1 2
b1 9
b1 ;
b1100101 )
b11011 /
b11011 0
1&
17
b11011 :
1!
#20231000
b1100110 "
#20235000
0!
#20240000
b100000 5
b101 4
b111010 3
b10 -
b10 2
b10 9
b10 ;
b11001 %
b11001 +
b11001 8
b11010 :
b1011 '
b1011 .
b1011 1
b1011 6
b11010 /
b11010 0
b1100110 )
1!
#20241000
b1100111 "
#20245000
0!
#20250000
b100 5
b11101 3
b10 4
b11000 %
b11000 +
b11000 8
b111 -
b111 2
b111 9
b111 ;
b1100111 )
b11001 /
b11001 0
b1010 '
b1010 .
b1010 1
b1010 6
b11001 :
1!
#20251000
b1101000 "
#20255000
0!
#20260000
b1000000 5
b110 4
b1011000 3
b100 -
b100 2
b100 9
b100 ;
b10111 %
b10111 +
b10111 8
b11000 :
b1101 '
b1101 .
b1101 1
b1101 6
b11000 /
b11000 0
b1101000 )
1!
#20261000
b1101001 "
#20265000
0!
#20270000
b1 5
b10110 3
b0 4
b10110 %
b10110 +
b10110 8
b11 -
b11 2
b11 9
b11 ;
b1101001 )
b10111 /
b10111 0
b1000 '
b1000 .
b1000 1
b1000 6
b10111 :
1!
#20271000
b1101010 "
#20275000
0!
#20280000
1,
b10110 3
b0 -
b0 2
b0 9
b0 ;
b10101 %
b10101 +
b10101 8
b10110 :
b110 '
b110 .
b110 1
b110 6
b10110 /
b10110 0
b1101010 )
1!
#20281000
b1101011 "
#20285000
0!
#20290000
b1000 5
0,
b11 4
b10100 %
b10100 +
b10100 8
b11101 3
b101 -
b101 2
b101 9
b101 ;
b1101011 )
b10101 /
b10101 0
0&
07
b10101 :
1!
#20291000
b1101100 "
#20295000
0!
#20300000
b10 5
b1 4
b10110 3
b110 -
b110 2
b110 9
b110 ;
b10011 %
b10011 +
b10011 8
b10100 :
1&
17
b1101 '
b1101 .
b1101 1
b1101 6
b10100 /
b10100 0
b1101100 )
1!
#20301000
b1101101 "
#20305000
0!
#20310000
b1000000 5
b1010011 3
b110 4
b10010 %
b10010 +
b10010 8
b100 -
b100 2
b100 9
b100 ;
b1101101 )
b10011 /
b10011 0
b110 '
b110 .
b110 1
b110 6
b10011 :
1!
#20311000
b1101110 "
#20315000
0!
#20320000
b100 5
b10 4
b10110 3
b111 -
b111 2
b111 9
b111 ;
b10001 %
b10001 +
b10001 8
b10010 :
b11 '
b11 .
b11 1
b11 6
b10010 /
b10010 0
b1101110 )
1!
#20321000
b1101111 "
#20325000
0!
#20330000
b100000 5
b110001 3
b101 4
b10000 %
b10000 +
b10000 8
b10 -
b10 2
b10 9
b10 ;
b1101111 )
b10001 /
b10001 0
b110 '
b110 .
b110 1
b110 6
b10001 :
1!
#20331000
b1110000 "
#20335000
0!
#20340000
b10000 5
b100 4
b0 3
b1 -
b1 2
b1 9
b1 ;
b1111 %
b1111 +
b1111 8
b10000 :
b1 '
b1 .
b1 1
b1 6
b10000 /
b10000 0
b1110000 )
1!
#20341000
b1110001 "
#20345000
0!
#20350000
b100 5
b1011 3
b10 4
b1110 %
b1110 +
b1110 8
b111 -
b111 2
b111 9
b111 ;
b1110001 )
b1111 /
b1111 0
b0 '
b0 .
b0 1
b0 6
b1111 :
1!
#20351000
b1110010 "
#20355000
0!
#20360000
b1000000 5
b110 4
b1001110 3
b100 -
b100 2
b100 9
b100 ;
b1101 %
b1101 +
b1101 8
b1110 :
b1011 '
b1011 .
b1011 1
b1011 6
b1110 /
b1110 0
b1110010 )
1!
#20361000
b1110011 "
#20365000
0!
#20370000
b10000 5
b11101 3
b100 4
b1100 %
b1100 +
b1100 8
b1 -
b1 2
b1 9
b1 ;
b1110011 )
b1101 /
b1101 0
b1110 '
b1110 .
b1110 1
b1110 6
b1101 :
1!
#20371000
b1110100 "
#20375000
0!
#20380000
b100000 5
b101 4
b101100 3
b10 -
b10 2
b10 9
b10 ;
b1011 %
b1011 +
b1011 8
b1100 :
b1101 '
b1101 .
b1101 1
b1101 6
b1100 /
b1100 0
b1110100 )
1!
#20381000
b1110101 "
#20385000
0!
#20390000
b1 5
b1011 3
1,
b0 4
b1010 %
b1010 +
b1010 8
b0 -
b0 2
b0 9
b0 ;
b1110101 )
b1011 /
b1011 0
b1100 '
b1100 .
b1100 1
b1100 6
b1011 :
1!
#20391000
b1110110 "
#20395000
0!
#20400000
0,
b11 -
b11 2
b11 9
b11 ;
b1011 3
b1001 %
b1001 +
b1001 8
b1010 :
0&
07
b1011 '
b1011 .
b1011 1
b1011 6
b1010 /
b1010 0
b1110110 )
1!
#20401000
b1110111 "
#20405000
0!
#20410000
b10 5
b1011 3
b1 4
b1000 %
b1000 +
b1000 8
b110 -
b110 2
b110 9
b110 ;
b1110111 )
b1001 /
b1001 0
1&
17
b1001 :
1!
#20411000
b1111000 "
#20415000
0!
#20420000
b1000 5
b11 4
b0 3
b101 -
b101 2
b101 9
b101 ;
b111 %
b111 +
b111 8
b1000 :
b1000 /
b1000 0
b1111000 )
1!
#20421000
b1111001 "
#20425000
0!
#20430000
b100000 5
b100111 3
b101 4
b110 %
b110 +
b110 8
b10 -
b10 2
b10 9
b10 ;
b1111001 )
b111 /
b111 0
b0 '
b0 .
b0 1
b0 6
b111 :
1!
#20431000
b1111010 "
#20435000
0!
#20440000
b10000 5
b100 4
b10110 3
b1 -
b1 2
b1 9
b1 ;
b101 %
b101 +
b101 8
b110 :
b111 '
b111 .
b111 1
b111 6
b110 /
b110 0
b1111010 )
1!
#20441000
b1111011 "
#20445000
0!
#20450000
b1000000 5
b1000101 3
b110 4
b100 %
b100 +
b100 8
b100 -
b100 2
b100 9
b100 ;
b1111011 )
b101 /
b101 0
b110 '
b110 .
b110 1
b110 6
b101 :
1!
#20451000
b1111100 "
#20455000
0!
#20460000
b100 5
b10 4
b0 3
b111 -
b111 2
b111 9
b111 ;
b11 %
b11 +
b11 8
b100 :
b101 '
b101 .
b101 1
b101 6
b100 /
b100 0
b1111100 )
1!
#20461000
b1111101 "
#20465000
0!
#20470000
b1000 5
b1011 3
b11 4
b10 %
b10 +
b10 8
b101 -
b101 2
b101 9
b101 ;
b1111101 )
b11 /
b11 0
b0 '
b0 .
b0 1
b0 6
b11 :
1!
#20471000
b1111110 "
#20475000
0!
#20480000
b10 5
b1 4
b0 3
b110 -
b110 2
b110 9
b110 ;
b1 %
b1 +
b1 8
b10 :
b1011 '
b1011 .
b1011 1
b1011 6
b10 /
b10 0
b1111110 )
1!
#20481000
b1111111 "
#20485000
0!
#20490000
b1 5
b0 3
b0 4
b0 %
b0 +
b0 8
b11 -
b11 2
b11 9
b11 ;
b1111111 )
b1 /
b1 0
b0 '
b0 .
b0 1
b0 6
b1 :
1!
#20495000
0!
#20500000
1,
b0 3
b0 -
b0 2
b0 9
b0 ;
b0 :
b0 /
b0 0
1!
#20505000
0!
#20510000
0&
07
1!
#20511000
